name_printed,common_printed,volume,plate,image_url,page_url,notes
Abutilon theophrasti,,,,https://plants.sc.egov.usda.gov/ImageLibrary/original/abab3_001_pvd.tif,https://plants.usda.gov/plant-profile/ABTH,"USDA PLANTS, Britton & Brown 1913"
Acer negundo,,,,https://plants.sc.egov.usda.gov/ImageLibrary/original/acne2_001_pvd.tif,https://plants.usda.gov/plant-profile/ACNE2,"USDA PLANTS, Britton & Brown 1913"
Acer pensylvanicum,,,,https://plants.sc.egov.usda.gov/ImageLibrary/original/acpe_001_pvd.tif,https://plants.usda.gov/plant-profile/ACPE,"USDA PLANTS, Britton & Brown 1913"
Acer rubrum,,,,https://plants.sc.egov.usda.gov/ImageLibrary/original/acru_001_pvd.tif,https://plants.usda.gov/plant-profile/ACRU,"USDA PLANTS, Britton & Brown 1913"
Acer saccharinum,,,,https://plants.sc.egov.usda.gov/ImageLibrary/original/acsa2_001_pvd.tif,https://plants.usda.gov/plant-profile/ACSA2,"USDA PLANTS, Britton & Brown 1913"
Acer spicatum,,,,https://plants.sc.egov.usda.gov/ImageLibrary/original/acsp2_001_pvd.tif,https://plants.usda.gov/plant-profile/ACSP2,"USDA PLANTS, Britton & Brown 1913"
Achillea millefolium,,,,https://plants.sc.egov.usda.gov/ImageLibrary/original/acmi2_001_pvd.tif,https://plants.usda.gov/plant-profile/ACMI2,"USDA PLANTS, Britton & Brown 1913"
Actaea pachypoda,,,,https://plants.sc.egov.usda.gov/ImageLibrary/original/acal7_001_pvd.tif,https://plants.usda.gov/plant-profile/ACPA,"USDA PLANTS, Britton & Brown 1913"
Actaea rubra,,,,https://plants.sc.egov.usda.gov/ImageLibrary/original/acru2_001_pvd.tif,https://plants.usda.gov/plant-profile/ACRU2,"USDA PLANTS, Britton & Brown 1913"
Aegopodium podagraria,,,,https://plants.sc.egov.usda.gov/ImageLibrary/original/aepo_001_pvd.tif,https://plants.usda.gov/plant-profile/AEPO,"USDA PLANTS, Britton & Brown 1913"
Aesculus glabra,,,,https://plants.sc.egov.usda.gov/ImageLibrary/original/aegl_001_pvd.tif,https://plants.usda.gov/plant-profile/AEGL,"USDA PLANTS, Britton & Brown 1913"
Aesculus hippocastanum,,,,https://plants.sc.egov.usda.gov/ImageLibrary/original/aehi_001_pvd.tif,https://plants.usda.gov/plant-profile/AEHI,"USDA PLANTS, Britton & Brown 1913"
Aethusa cynapium,,,,https://plants.sc.egov.usda.gov/ImageLibrary/original/aecy2_001_pvd.tif,https://plants.usda.gov/plant-profile/AECY2,"USDA PLANTS, Britton & Brown 1913"
Agalinis tenuifolia,,,,https://plants.sc.egov.usda.gov/ImageLibrary/original/agte3_001_pvd.tif,https://plants.usda.gov/plant-profile/AGTE3,"USDA PLANTS, Britton & Brown 1913"
Agastache foeniculum,,,,https://plants.sc.egov.usda.gov/ImageLibrary/original/agan3_001_pvd.tif,https://plants.usda.gov/plant-profile/AGFO,"USDA PLANTS, Britton & Brown 1913"
Agastache nepetoides,,,,https://plants.sc.egov.usda.gov/ImageLibrary/original/agne2_001_pvd.tif,https://plants.usda.gov/plant-profile/AGNE2,"USDA PLANTS, Britton & Brown 1913"
Agastache scrophulariifolia,,,,https://plants.sc.egov.usda.gov/ImageLibrary/original/agsc_001_pvd.tif,https://plants.usda.gov/plant-profile/AGSC,"USDA PLANTS, Britton & Brown 1913"
Ailanthus altissima,,,,https://plants.sc.egov.usda.gov/ImageLibrary/original/aigl_001_pvd.tif,https://plants.usda.gov/plant-profile/AIAL,"USDA PLANTS, Britton & Brown 1913"
Ajuga reptans,,,,https://plants.sc.egov.usda.gov/ImageLibrary/original/ajre_001_pvd.tif,https://plants.usda.gov/plant-profile/AJRE,"USDA PLANTS, Britton & Brown 1913"
Albizia julibrissin,,,,https://plants.sc.egov.usda.gov/ImageLibrary/original/alju_001_pvd.tif,https://plants.usda.gov/plant-profile/ALJU,"USDA PLANTS, Britton & Brown 1913"
Alisma triviale,,,,https://plants.sc.egov.usda.gov/ImageLibrary/original/albr10_001_pvd.tif,https://plants.usda.gov/plant-profile/ALTR7,"USDA PLANTS, Britton & Brown 1913"
Alliaria petiolata,,,,https://plants.sc.egov.usda.gov/ImageLibrary/original/alal8_001_pvd.tif,https://plants.usda.gov/plant-profile/ALPE4,"USDA PLANTS, Britton & Brown 1913"
Allium canadense,,,,https://plants.sc.egov.usda.gov/ImageLibrary/original/alca3_001_pvd.tif,https://plants.usda.gov/plant-profile/ALCA3,"USDA PLANTS, Britton & Brown 1913"
Allium cernuum,,,,https://plants.sc.egov.usda.gov/ImageLibrary/original/alce2_001_pvd.tif,https://plants.usda.gov/plant-profile/ALCE2,"USDA PLANTS, Britton & Brown 1913"
Allium stellatum,,,,https://plants.sc.egov.usda.gov/ImageLibrary/original/alst_001_pvd.tif,https://plants.usda.gov/plant-profile/ALST,"USDA PLANTS, Britton & Brown 1913"
Allium tricoccum,,,,https://plants.sc.egov.usda.gov/ImageLibrary/original/altr3_001_pvd.tif,https://plants.usda.gov/plant-profile/ALTR3,"USDA PLANTS, Britton & Brown 1913"
Alnus incana,,,,https://plants.sc.egov.usda.gov/ImageLibrary/original/alin2_001_pvd.tif,https://plants.usda.gov/plant-profile/ALIN2,"USDA PLANTS, Britton & Brown 1913"
Ambrosia psilostachya,,,,https://plants.sc.egov.usda.gov/ImageLibrary/original/amps_001_pvd.tif,https://plants.usda.gov/plant-profile/AMPS,"USDA PLANTS, Britton & Brown 1913"
Ambrosia trifida,,,,https://plants.sc.egov.usda.gov/ImageLibrary/original/amtr_001_pvd.tif,https://plants.usda.gov/plant-profile/AMTR,"USDA PLANTS, Britton & Brown 1913"
Amorpha canescens,,,,https://plants.sc.egov.usda.gov/ImageLibrary/original/amca6_001_pvd.tif,https://plants.usda.gov/plant-profile/AMCA6,"USDA PLANTS, Britton & Brown 1913"
Amorpha fruticosa,,,,https://plants.sc.egov.usda.gov/ImageLibrary/original/amfr_001_pvd.tif,https://plants.usda.gov/plant-profile/AMFR,"USDA PLANTS, Britton & Brown 1913"
Anaphalis margaritacea,,,,https://plants.sc.egov.usda.gov/ImageLibrary/original/anma_001_pvd.tif,https://plants.usda.gov/plant-profile/ANMA,"USDA PLANTS, Britton & Brown 1913"
Andromeda polifolia,,,,https://plants.sc.egov.usda.gov/ImageLibrary/original/anpo_001_pvd.tif,https://plants.usda.gov/plant-profile/ANPO,"USDA PLANTS, Britton & Brown 1913"
Andropogon gerardi,,,,https://plants.sc.egov.usda.gov/ImageLibrary/original/anch8_001_pvd.tif,https://plants.usda.gov/plant-profile/ANGE,"USDA PLANTS, Britton & Brown 1913"
Androsace occidentalis,,,,https://plants.sc.egov.usda.gov/ImageLibrary/original/anoc2_001_pvd.tif,https://plants.usda.gov/plant-profile/ANOC2,"USDA PLANTS, Britton & Brown 1913"
Anemone cylindrica,,,,https://plants.sc.egov.usda.gov/ImageLibrary/original/ancy_001_pvd.tif,https://plants.usda.gov/plant-profile/ANCY,"USDA PLANTS, Britton & Brown 1913"
Anemone virginiana,,,,https://plants.sc.egov.usda.gov/ImageLibrary/original/anvi3_001_pvd.tif,https://plants.usda.gov/plant-profile/ANVI3,"USDA PLANTS, Britton & Brown 1913"
Angelica atropurpurea,,,,https://plants.sc.egov.usda.gov/ImageLibrary/original/anat_001_pvd.tif,https://plants.usda.gov/plant-profile/ANAT,"USDA PLANTS, Britton & Brown 1913"
Antennaria parlinii,,,,https://plants.sc.egov.usda.gov/ImageLibrary/original/anpa9_001_pvd.tif,https://plants.usda.gov/plant-profile/ANPA9,"USDA PLANTS, Britton & Brown 1913"
Apios americana,,,,https://plants.sc.egov.usda.gov/ImageLibrary/original/glap_001_pvd.tif,https://plants.usda.gov/plant-profile/APAM,"USDA PLANTS, Britton & Brown 1913"
Apocynum androsaemifolium,,,,https://plants.sc.egov.usda.gov/ImageLibrary/original/apan2_001_pvd.tif,https://plants.usda.gov/plant-profile/APAN2,"USDA PLANTS, Britton & Brown 1913"
Apocynum cannabinum,,,,https://plants.sc.egov.usda.gov/ImageLibrary/original/apca_001_pvd.tif,https://plants.usda.gov/plant-profile/APCA,"USDA PLANTS, Britton & Brown 1913"
Aquilegia canadensis,,,,https://plants.sc.egov.usda.gov/ImageLibrary/original/aqca_001_pvd.tif,https://plants.usda.gov/plant-profile/AQCA,"USDA PLANTS, Britton & Brown 1913"
Aquilegia vulgaris,,,,https://plants.sc.egov.usda.gov/ImageLibrary/original/aqvu_001_pvd.tif,https://plants.usda.gov/plant-profile/AQVU,"USDA PLANTS, Britton & Brown 1913"
Arabidopsis thaliana,,,,https://plants.sc.egov.usda.gov/ImageLibrary/original/arth_001_pvd.tif,https://plants.usda.gov/plant-profile/ARTH,"USDA PLANTS, Britton & Brown 1913"
Aralia hispida,,,,https://plants.sc.egov.usda.gov/ImageLibrary/original/arhi2_001_pvd.tif,https://plants.usda.gov/plant-profile/ARHI2,"USDA PLANTS, Britton & Brown 1913"
Aralia nudicaulis,,,,https://plants.sc.egov.usda.gov/ImageLibrary/original/arnu2_001_pvd.tif,https://plants.usda.gov/plant-profile/ARNU2,"USDA PLANTS, Britton & Brown 1913"
Aralia racemosa,,,,https://plants.sc.egov.usda.gov/ImageLibrary/original/arra_001_pvd.tif,https://plants.usda.gov/plant-profile/ARRA,"USDA PLANTS, Britton & Brown 1913"
Arctium lappa,,,,https://plants.sc.egov.usda.gov/ImageLibrary/original/arla3_001_pvd.tif,https://plants.usda.gov/plant-profile/ARLA3,"USDA PLANTS, Britton & Brown 1913"
Arctium minus,,,,https://plants.sc.egov.usda.gov/ImageLibrary/original/armi2_001_pvd.tif,https://plants.usda.gov/plant-profile/ARMI2,"USDA PLANTS, Britton & Brown 1913"
Arctium tomentosum,,,,https://plants.sc.egov.usda.gov/ImageLibrary/original/arto_001_pvd.tif,https://plants.usda.gov/plant-profile/ARTO,"USDA PLANTS, Britton & Brown 1913"
Argentina anserina,,,,https://plants.sc.egov.usda.gov/ImageLibrary/original/aran7_001_pvd.tif,https://plants.usda.gov/plant-profile/ARAN7,"USDA PLANTS, Britton & Brown 1913"
Arisaema dracontium,,,,https://plants.sc.egov.usda.gov/ImageLibrary/original/ardr3_001_pvd.tif,https://plants.usda.gov/plant-profile/ARDR3,"USDA PLANTS, Britton & Brown 1913"
Arnoglossum reniforme,,,,https://plants.sc.egov.usda.gov/ImageLibrary/original/mere5_001_pvd.tif,https://plants.usda.gov/plant-profile/ARRE6,"USDA PLANTS, Britton & Brown 1913"
Aronia melanocarpa,,,,https://plants.sc.egov.usda.gov/ImageLibrary/original/arme6_001_pvd.tif,https://plants.usda.gov/plant-profile/ARME6,"USDA PLANTS, Britton & Brown 1913"
Artemisia absinthium,,,,https://plants.sc.egov.usda.gov/ImageLibrary/original/arab3_001_pvd.tif,https://plants.usda.gov/plant-profile/ARAB3,"USDA PLANTS, Britton & Brown 1913"
Artemisia ludoviciana,,,,https://plants.sc.egov.usda.gov/ImageLibrary/original/arlu_001_pvd.tif,https://plants.usda.gov/plant-profile/ARLU,"USDA PLANTS, Britton & Brown 1913"
Artemisia vulgaris,,,,https://plants.sc.egov.usda.gov/ImageLibrary/original/arvu_001_pvd.tif,https://plants.usda.gov/plant-profile/ARVU,"USDA PLANTS, Britton & Brown 1913"
Asarum canadense,,,,https://plants.sc.egov.usda.gov/ImageLibrary/original/asac7_001_pvd.tif,https://plants.usda.gov/plant-profile/ASCA,"USDA PLANTS, Britton & Brown 1913"
Asclepias amplexicaulis,,,,https://plants.sc.egov.usda.gov/ImageLibrary/original/asam_001_pvd.tif,https://plants.usda.gov/plant-profile/ASAM,"USDA PLANTS, Britton & Brown 1913"
Asclepias exaltata,,,,https://plants.sc.egov.usda.gov/ImageLibrary/original/asex_001_pvd.tif,https://plants.usda.gov/plant-profile/ASEX,"USDA PLANTS, Britton & Brown 1913"
Asclepias incarnata,,,,https://plants.sc.egov.usda.gov/ImageLibrary/original/asin_001_pvd.tif,https://plants.usda.gov/plant-profile/ASIN,"USDA PLANTS, Britton & Brown 1913"
Asclepias purpurascens,,,,https://plants.sc.egov.usda.gov/ImageLibrary/original/aspu2_001_pvd.tif,https://plants.usda.gov/plant-profile/ASPU2,"USDA PLANTS, Britton & Brown 1913"
Asclepias speciosa,,,,https://plants.sc.egov.usda.gov/ImageLibrary/original/assp_001_pvd.tif,https://plants.usda.gov/plant-profile/ASSP,"USDA PLANTS, Britton & Brown 1913"
Asclepias syriaca,,,,https://plants.sc.egov.usda.gov/ImageLibrary/original/asin13_001_pvd.tif,https://plants.usda.gov/plant-profile/ASSY,"USDA PLANTS, Britton & Brown 1913"
Asclepias tuberosa,,,,https://plants.sc.egov.usda.gov/ImageLibrary/original/astu_001_pvd.tif,https://plants.usda.gov/plant-profile/ASTU,"USDA PLANTS, Britton & Brown 1913"
Asclepias verticillata,,,,https://plants.sc.egov.usda.gov/ImageLibrary/original/asve_001_pvd.tif,https://plants.usda.gov/plant-profile/ASVE,"USDA PLANTS, Britton & Brown 1913"
Asclepias viridiflora,,,,https://plants.sc.egov.usda.gov/ImageLibrary/original/acvi4_001_pvd.tif,https://plants.usda.gov/plant-profile/ASVI,"USDA PLANTS, Britton & Brown 1913"
Asparagus officinalis,,,,https://plants.sc.egov.usda.gov/ImageLibrary/original/asof_001_pvd.tif,https://plants.usda.gov/plant-profile/ASOF,"USDA PLANTS, Britton & Brown 1913"
Baccharis halimifolia,,,,https://plants.sc.egov.usda.gov/ImageLibrary/original/baha_001_pvd.tif,https://plants.usda.gov/plant-profile/BAHA,"USDA PLANTS, Britton & Brown 1913"
Bacopa rotundifolia,,,,https://plants.sc.egov.usda.gov/ImageLibrary/original/brro4_001_pvd.tif,https://plants.usda.gov/plant-profile/BARO,"USDA PLANTS, Britton & Brown 1913"
Baptisia australis,,,,https://plants.sc.egov.usda.gov/ImageLibrary/original/baau_001_pvd.tif,https://plants.usda.gov/plant-profile/BAAU,"USDA PLANTS, Britton & Brown 1913"
Baptisia tinctoria,,,,https://plants.sc.egov.usda.gov/ImageLibrary/original/bati_001_pvd.tif,https://plants.usda.gov/plant-profile/BATI,"USDA PLANTS, Britton & Brown 1913"
Barbarea vulgaris,,,,https://plants.sc.egov.usda.gov/ImageLibrary/original/bast_001_pvd.tif,https://plants.usda.gov/plant-profile/BAVU,"USDA PLANTS, Britton & Brown 1913"
Berberis vulgaris,,,,https://plants.sc.egov.usda.gov/ImageLibrary/original/bevu_001_pvd.tif,https://plants.usda.gov/plant-profile/BEVU,"USDA PLANTS, Britton & Brown 1913"
Berteroa incana,,,,https://plants.sc.egov.usda.gov/ImageLibrary/original/bein2_001_pvd.tif,https://plants.usda.gov/plant-profile/BEIN2,"USDA PLANTS, Britton & Brown 1913"
Betula nigra,,,,https://plants.sc.egov.usda.gov/ImageLibrary/original/beni_001_pvd.tif,https://plants.usda.gov/plant-profile/BENI,"USDA PLANTS, Britton & Brown 1913"
Bidens cernua,,,,https://plants.sc.egov.usda.gov/ImageLibrary/original/bice_001_pvd.tif,https://plants.usda.gov/plant-profile/BICE,"USDA PLANTS, Britton & Brown 1913"
Bidens connata,,,,https://plants.sc.egov.usda.gov/ImageLibrary/original/bico5_001_pvd.tif,https://plants.usda.gov/plant-profile/BICO5,"USDA PLANTS, Britton & Brown 1913"
Bidens frondosa,,,,https://plants.sc.egov.usda.gov/ImageLibrary/original/bifr_001_pvd.tif,https://plants.usda.gov/plant-profile/BIFR,"USDA PLANTS, Britton & Brown 1913"
Bidens vulgata,,,,https://plants.sc.egov.usda.gov/ImageLibrary/original/bivu_001_pvd.tif,https://plants.usda.gov/plant-profile/BIVU,"USDA PLANTS, Britton & Brown 1913"
Blephilia hirsuta,,,,https://plants.sc.egov.usda.gov/ImageLibrary/original/blhi_001_pvd.tif,https://plants.usda.gov/plant-profile/BLHI,"USDA PLANTS, Britton & Brown 1913"
Boehmeria cylindrica,,,,https://plants.sc.egov.usda.gov/ImageLibrary/original/bocy_001_pvd.tif,https://plants.usda.gov/plant-profile/BOCY,"USDA PLANTS, Britton & Brown 1913"
Bolboschoenus fluviatilis,,,,https://plants.sc.egov.usda.gov/ImageLibrary/original/scfl_001_pvd.tif,https://plants.usda.gov/plant-profile/BOFL3,"USDA PLANTS, Britton & Brown 1913"
Boltonia asteroides,,,,https://plants.sc.egov.usda.gov/ImageLibrary/original/boas_001_pvd.tif,https://plants.usda.gov/plant-profile/BOAS,"USDA PLANTS, Britton & Brown 1913"
Bouteloua gracilis,,,,https://plants.sc.egov.usda.gov/ImageLibrary/original/bool_001_pvd.tif,https://plants.usda.gov/plant-profile/BOGR2,"USDA PLANTS, Britton & Brown 1913"
Bouteloua hirsuta,,,,https://plants.sc.egov.usda.gov/ImageLibrary/original/bohi2_001_pvd.tif,https://plants.usda.gov/plant-profile/BOHI2,"USDA PLANTS, Britton & Brown 1913"
Brasenia schreberi,,,,https://plants.sc.egov.usda.gov/ImageLibrary/original/brsc_001_pvd.tif,https://plants.usda.gov/plant-profile/BRSC,"USDA PLANTS, Britton & Brown 1913"
Bromus inermis,,,,https://plants.sc.egov.usda.gov/ImageLibrary/original/brin2_001_pvd.tif,https://plants.usda.gov/plant-profile/BRIN2,"USDA PLANTS, Britton & Brown 1913"
Calla palustris,,,,https://plants.sc.egov.usda.gov/ImageLibrary/original/capa_001_pvd.tif,https://plants.usda.gov/plant-profile/CAPA,"USDA PLANTS, Britton & Brown 1913"
Caltha palustris,,,,https://plants.sc.egov.usda.gov/ImageLibrary/original/capa5_001_pvd.tif,https://plants.usda.gov/plant-profile/CAPA5,"USDA PLANTS, Britton & Brown 1913"
Campanula glomerata,,,,https://plants.sc.egov.usda.gov/ImageLibrary/original/cagl2_001_pvd.tif,https://plants.usda.gov/plant-profile/CAGL2,"USDA PLANTS, Britton & Brown 1913"
Campanula rapunculoides,,,,https://plants.sc.egov.usda.gov/ImageLibrary/original/cara_001_pvd.tif,https://plants.usda.gov/plant-profile/CARA,"USDA PLANTS, Britton & Brown 1913"
Campanulastrum americanum,,,,https://plants.sc.egov.usda.gov/ImageLibrary/original/caam6_001_pvd.tif,https://plants.usda.gov/plant-profile/CAAM18,"USDA PLANTS, Britton & Brown 1913"
Campsis radicans,,,,https://plants.sc.egov.usda.gov/ImageLibrary/original/bira2_001_pvd.tif,https://plants.usda.gov/plant-profile/CARA2,"USDA PLANTS, Britton & Brown 1913"
Cannabis sativa,,,,https://plants.sc.egov.usda.gov/ImageLibrary/original/casa3_001_pvd.tif,https://plants.usda.gov/plant-profile/CASA3,"USDA PLANTS, Britton & Brown 1913"
Capnoides sempervirens,,,,https://plants.sc.egov.usda.gov/ImageLibrary/original/case16_001_pvd.tif,https://plants.usda.gov/plant-profile/CASE16,"USDA PLANTS, Britton & Brown 1913"
Capsella bursa-pastoris,,,,https://plants.sc.egov.usda.gov/ImageLibrary/original/bubu3_001_pvd.tif,https://plants.usda.gov/plant-profile/CABU2,"USDA PLANTS, Britton & Brown 1913"
Cardamine bulbosa,,,,https://plants.sc.egov.usda.gov/ImageLibrary/original/cabu3_001_pvd.tif,https://plants.usda.gov/plant-profile/CABU3,"USDA PLANTS, Britton & Brown 1913"
Cardamine concatenata,,,,https://plants.sc.egov.usda.gov/ImageLibrary/original/dela5_001_pvd.tif,https://plants.usda.gov/plant-profile/CACO26,"USDA PLANTS, Britton & Brown 1913"
Cardamine diphylla,,,,https://plants.sc.egov.usda.gov/ImageLibrary/original/dedi6_001_pvd.tif,https://plants.usda.gov/plant-profile/CADI10,"USDA PLANTS, Britton & Brown 1913"
Cardamine hirsuta,,,,https://plants.sc.egov.usda.gov/ImageLibrary/original/cahi3_001_pvd.tif,https://plants.usda.gov/plant-profile/CAHI3,"USDA PLANTS, Britton & Brown 1913"
Cardamine pensylvanica,,,,https://plants.sc.egov.usda.gov/ImageLibrary/original/cape3_001_pvd.tif,https://plants.usda.gov/plant-profile/CAPE3,"USDA PLANTS, Britton & Brown 1913"
Cardamine pratensis,,,,https://plants.sc.egov.usda.gov/ImageLibrary/original/capr3_001_pvd.tif,https://plants.usda.gov/plant-profile/CAPR3,"USDA PLANTS, Britton & Brown 1913"
Carduus nutans,,,,https://plants.sc.egov.usda.gov/ImageLibrary/original/canu4_001_pvd.tif,https://plants.usda.gov/plant-profile/CANU4,"USDA PLANTS, Britton & Brown 1913"
Carex assiniboinensis,,,,https://plants.sc.egov.usda.gov/ImageLibrary/original/caas2_001_pvd.tif,https://plants.usda.gov/plant-profile/CAAS2,"USDA PLANTS, Britton & Brown 1913"
Carex deweyana,,,,https://plants.sc.egov.usda.gov/ImageLibrary/original/cade9_001_pvd.tif,https://plants.usda.gov/plant-profile/CADE9,"USDA PLANTS, Britton & Brown 1913"
Carex gracillima,,,,https://plants.sc.egov.usda.gov/ImageLibrary/original/cagr2_001_pvd.tif,https://plants.usda.gov/plant-profile/CAGR2,"USDA PLANTS, Britton & Brown 1913"
Carex intumescens,,,,https://plants.sc.egov.usda.gov/ImageLibrary/original/cain12_001_pvd.tif,https://plants.usda.gov/plant-profile/CAIN12,"USDA PLANTS, Britton & Brown 1913"
Carex pedunculata,,,,https://plants.sc.egov.usda.gov/ImageLibrary/original/cape4_001_pvd.tif,https://plants.usda.gov/plant-profile/CAPE4,"USDA PLANTS, Britton & Brown 1913"
Carex pensylvanica,,,,https://plants.sc.egov.usda.gov/ImageLibrary/original/cape6_001_pvd.tif,https://plants.usda.gov/plant-profile/CAPE6,"USDA PLANTS, Britton & Brown 1913"
Carex richardsonii,,,,https://plants.sc.egov.usda.gov/ImageLibrary/original/cari_001_pvd.tif,https://plants.usda.gov/plant-profile/CARI,"USDA PLANTS, Britton & Brown 1913"
Carex sprengelii,,,,https://plants.sc.egov.usda.gov/ImageLibrary/original/casp7_001_pvd.tif,https://plants.usda.gov/plant-profile/CASP7,"USDA PLANTS, Britton & Brown 1913"
Carex trisperma,,,,https://plants.sc.egov.usda.gov/ImageLibrary/original/catr10_001_pvd.tif,https://plants.usda.gov/plant-profile/CATR10,"USDA PLANTS, Britton & Brown 1913"
Castanea dentata,,,,https://plants.sc.egov.usda.gov/ImageLibrary/original/cade12_001_pvd.tif,https://plants.usda.gov/plant-profile/CADE12,"USDA PLANTS, Britton & Brown 1913"
Castilleja coccinea,,,,https://plants.sc.egov.usda.gov/ImageLibrary/original/caco17_001_pvd.tif,https://plants.usda.gov/plant-profile/CACO17,"USDA PLANTS, Britton & Brown 1913"
Catalpa speciosa,,,,https://plants.sc.egov.usda.gov/ImageLibrary/original/casp8_001_pvd.tif,https://plants.usda.gov/plant-profile/CASP8,"USDA PLANTS, Britton & Brown 1913"
Caulophyllum thalictroides,,,,https://plants.sc.egov.usda.gov/ImageLibrary/original/cath2_001_pvd.tif,https://plants.usda.gov/plant-profile/CATH2,"USDA PLANTS, Britton & Brown 1913"
Ceanothus americanus,,,,https://plants.sc.egov.usda.gov/ImageLibrary/original/ceam_001_pvd.tif,https://plants.usda.gov/plant-profile/CEAM,"USDA PLANTS, Britton & Brown 1913"
Celastrus scandens,,,,https://plants.sc.egov.usda.gov/ImageLibrary/original/cesc_001_pvd.tif,https://plants.usda.gov/plant-profile/CESC,"USDA PLANTS, Britton & Brown 1913"
Centaurea cyanus,,,,https://plants.sc.egov.usda.gov/ImageLibrary/original/cecy2_001_pvd.tif,https://plants.usda.gov/plant-profile/CECY2,"USDA PLANTS, Britton & Brown 1913"
Centaurium pulchellum,,,,https://plants.sc.egov.usda.gov/ImageLibrary/original/cepu3_001_pvd.tif,https://plants.usda.gov/plant-profile/CEPU3,"USDA PLANTS, Britton & Brown 1913"
Cephalanthus occidentalis,,,,https://plants.sc.egov.usda.gov/ImageLibrary/original/ceoc2_001_pvd.tif,https://plants.usda.gov/plant-profile/CEOC2,"USDA PLANTS, Britton & Brown 1913"
Cercis canadensis,,,,https://plants.sc.egov.usda.gov/ImageLibrary/original/ceca4_001_pvd.tif,https://plants.usda.gov/plant-profile/CECA4,"USDA PLANTS, Britton & Brown 1913"
Chamaecrista fasciculata,,,,https://plants.sc.egov.usda.gov/ImageLibrary/original/chfa2_001_pvd.tif,https://plants.usda.gov/plant-profile/CHFA2,"USDA PLANTS, Britton & Brown 1913"
Chamaecrista nictitans,,,,https://plants.sc.egov.usda.gov/ImageLibrary/original/chni2_001_pvd.tif,https://plants.usda.gov/plant-profile/CHNI2,"USDA PLANTS, Britton & Brown 1913"
Chamaedaphne calyculata,,,,https://plants.sc.egov.usda.gov/ImageLibrary/original/chca2_001_pvd.tif,https://plants.usda.gov/plant-profile/CHCA2,"USDA PLANTS, Britton & Brown 1913"
Chamaenerion angustifolium,,,,https://plants.sc.egov.usda.gov/ImageLibrary/original/chan80_001_pvd.tif,https://plants.usda.gov/plant-profile/CHAN80,"USDA PLANTS, Britton & Brown 1913"
Chelidonium majus,,,,https://plants.sc.egov.usda.gov/ImageLibrary/original/chma2_001_pvd.tif,https://plants.usda.gov/plant-profile/CHMA2,"USDA PLANTS, Britton & Brown 1913"
Chelone glabra,,,,https://plants.sc.egov.usda.gov/ImageLibrary/original/chgl2_001_pvd.tif,https://plants.usda.gov/plant-profile/CHGL2,"USDA PLANTS, Britton & Brown 1913"
Chelone lyonii,,,,https://plants.sc.egov.usda.gov/ImageLibrary/original/chly2_001_pvd.tif,https://plants.usda.gov/plant-profile/CHLY2,"USDA PLANTS, Britton & Brown 1913"
Chenopodium album,,,,https://plants.sc.egov.usda.gov/ImageLibrary/original/chal7_001_pvd.tif,https://plants.usda.gov/plant-profile/CHAL7,"USDA PLANTS, Britton & Brown 1913"
Chimaphila maculata,,,,https://plants.sc.egov.usda.gov/ImageLibrary/original/chma3_001_pvd.tif,https://plants.usda.gov/plant-profile/CHMA3,"USDA PLANTS, Britton & Brown 1913"
Chimaphila umbellata,,,,https://plants.sc.egov.usda.gov/ImageLibrary/original/chum_001_pvd.tif,https://plants.usda.gov/plant-profile/CHUM,"USDA PLANTS, Britton & Brown 1913"
Chrysosplenium americanum,,,,https://plants.sc.egov.usda.gov/ImageLibrary/original/cham2_001_pvd.tif,https://plants.usda.gov/plant-profile/CHAM2,"USDA PLANTS, Britton & Brown 1913"
Cichorium intybus,,,,https://plants.sc.egov.usda.gov/ImageLibrary/original/ciin_001_pvd.tif,https://plants.usda.gov/plant-profile/CIIN,"USDA PLANTS, Britton & Brown 1913"
Cicuta bulbifera,,,,https://plants.sc.egov.usda.gov/ImageLibrary/original/cibu_001_pvd.tif,https://plants.usda.gov/plant-profile/CIBU,"USDA PLANTS, Britton & Brown 1913"
Cicuta maculata,,,,https://plants.sc.egov.usda.gov/ImageLibrary/original/cima2_001_pvd.tif,https://plants.usda.gov/plant-profile/CIMA2,"USDA PLANTS, Britton & Brown 1913"
Cirsium arvense,,,,https://plants.sc.egov.usda.gov/ImageLibrary/original/ciar4_001_pvd.tif,https://plants.usda.gov/plant-profile/CIAR4,"USDA PLANTS, Britton & Brown 1913"
Cirsium discolor,,,,https://plants.sc.egov.usda.gov/ImageLibrary/original/cidi_001_pvd.tif,https://plants.usda.gov/plant-profile/CIDI,"USDA PLANTS, Britton & Brown 1913"
Cirsium muticum,,,,https://plants.sc.egov.usda.gov/ImageLibrary/original/cimu_001_pvd.tif,https://plants.usda.gov/plant-profile/CIMU,"USDA PLANTS, Britton & Brown 1913"
Cirsium pumilum,,,,https://plants.sc.egov.usda.gov/ImageLibrary/original/ciod_001_pvd.tif,https://plants.usda.gov/plant-profile/CIPU4,"USDA PLANTS, Britton & Brown 1913"
Cirsium vulgare,,,,https://plants.sc.egov.usda.gov/ImageLibrary/original/cila8_001_pvd.tif,https://plants.usda.gov/plant-profile/CIVU,"USDA PLANTS, Britton & Brown 1913"
Claytonia caroliniana,,,,https://plants.sc.egov.usda.gov/ImageLibrary/original/clca_001_pvd.tif,https://plants.usda.gov/plant-profile/CLCA,"USDA PLANTS, Britton & Brown 1913"
Claytonia virginica,,,,https://plants.sc.egov.usda.gov/ImageLibrary/original/clvi3_001_pvd.tif,https://plants.usda.gov/plant-profile/CLVI3,"USDA PLANTS, Britton & Brown 1913"
Clematis virginiana,,,,https://plants.sc.egov.usda.gov/ImageLibrary/original/clvi5_001_pvd.tif,https://plants.usda.gov/plant-profile/CLVI5,"USDA PLANTS, Britton & Brown 1913"
Clethra alnifolia,,,,https://plants.sc.egov.usda.gov/ImageLibrary/original/clal3_001_pvd.tif,https://plants.usda.gov/plant-profile/CLAL3,"USDA PLANTS, Britton & Brown 1913"
Clinopodium vulgare,,,,https://plants.sc.egov.usda.gov/ImageLibrary/original/clvu_001_pvd.tif,https://plants.usda.gov/plant-profile/CLVU,"USDA PLANTS, Britton & Brown 1913"
Collinsonia canadensis,,,,https://plants.sc.egov.usda.gov/ImageLibrary/original/coca4_001_pvd.tif,https://plants.usda.gov/plant-profile/COCA4,"USDA PLANTS, Britton & Brown 1913"
Comandra umbellata,,,,https://plants.sc.egov.usda.gov/ImageLibrary/original/coum_001_pvd.tif,https://plants.usda.gov/plant-profile/COUM,"USDA PLANTS, Britton & Brown 1913"
Comarum palustre,,,,https://plants.sc.egov.usda.gov/ImageLibrary/original/copa28_001_pvd.tif,https://plants.usda.gov/plant-profile/COPA28,"USDA PLANTS, Britton & Brown 1913"
Commelina communis,,,,https://plants.sc.egov.usda.gov/ImageLibrary/original/coco3_001_pvd.tif,https://plants.usda.gov/plant-profile/COCO3,"USDA PLANTS, Britton & Brown 1913"
Comptonia peregrina,,,,https://plants.sc.egov.usda.gov/ImageLibrary/original/cope80_001_pvd.tif,https://plants.usda.gov/plant-profile/COPE80,"USDA PLANTS, Britton & Brown 1913"
Conium maculatum,,,,https://plants.sc.egov.usda.gov/ImageLibrary/original/coma2_001_pvd.tif,https://plants.usda.gov/plant-profile/COMA2,"USDA PLANTS, Britton & Brown 1913"
Conopholis americana,,,,https://plants.sc.egov.usda.gov/ImageLibrary/original/coam_001_pvd.tif,https://plants.usda.gov/plant-profile/COAM,"USDA PLANTS, Britton & Brown 1913"
Convallaria majalis,,,,https://plants.sc.egov.usda.gov/ImageLibrary/original/coma7_001_pvd.tif,https://plants.usda.gov/plant-profile/COMA7,"USDA PLANTS, Britton & Brown 1913"
Convolvulus arvensis,,,,https://plants.sc.egov.usda.gov/ImageLibrary/original/coar4_001_pvd.tif,https://plants.usda.gov/plant-profile/COAR4,"USDA PLANTS, Britton & Brown 1913"
Coptis trifolia,,,,https://plants.sc.egov.usda.gov/ImageLibrary/original/cotr2_001_pvd.tif,https://plants.usda.gov/plant-profile/COTR2,"USDA PLANTS, Britton & Brown 1913"
Cornus alternifolia,,,,https://plants.sc.egov.usda.gov/ImageLibrary/original/coal2_001_pvd.tif,https://plants.usda.gov/plant-profile/COAL2,"USDA PLANTS, Britton & Brown 1913"
Cornus amomum,,,,https://plants.sc.egov.usda.gov/ImageLibrary/original/coam2_001_pvd.tif,https://plants.usda.gov/plant-profile/COAM2,"USDA PLANTS, Britton & Brown 1913"
Cornus florida,,,,https://plants.sc.egov.usda.gov/ImageLibrary/original/cyfl7_001_pvd.tif,https://plants.usda.gov/plant-profile/COFL2,"USDA PLANTS, Britton & Brown 1913"
Cornus rugosa,,,,https://plants.sc.egov.usda.gov/ImageLibrary/original/coru_001_pvd.tif,https://plants.usda.gov/plant-profile/CORU,"USDA PLANTS, Britton & Brown 1913"
Corydalis aurea,,,,https://plants.sc.egov.usda.gov/ImageLibrary/original/caau11_001_pvd.tif,https://plants.usda.gov/plant-profile/COAU2,"USDA PLANTS, Britton & Brown 1913"
Corylus americana,,,,https://plants.sc.egov.usda.gov/ImageLibrary/original/coam3_001_pvd.tif,https://plants.usda.gov/plant-profile/COAM3,"USDA PLANTS, Britton & Brown 1913"
Crataegus chrysocarpa,,,,https://plants.sc.egov.usda.gov/ImageLibrary/original/crch_001_pvd.tif,https://plants.usda.gov/plant-profile/CRCH,"USDA PLANTS, Britton & Brown 1913"
Crataegus macrosperma,,,,https://plants.sc.egov.usda.gov/ImageLibrary/original/crma3_001_pvd.tif,https://plants.usda.gov/plant-profile/CRMA3,"USDA PLANTS, Britton & Brown 1913"
Crepis tectorum,,,,https://plants.sc.egov.usda.gov/ImageLibrary/original/crte3_001_pvd.tif,https://plants.usda.gov/plant-profile/CRTE3,"USDA PLANTS, Britton & Brown 1913"
Crotalaria sagittalis,,,,https://plants.sc.egov.usda.gov/ImageLibrary/original/crsa4_001_pvd.tif,https://plants.usda.gov/plant-profile/CRSA4,"USDA PLANTS, Britton & Brown 1913"
Cryptotaenia canadensis,,,,https://plants.sc.egov.usda.gov/ImageLibrary/original/deca12_001_pvd.tif,https://plants.usda.gov/plant-profile/CRCA9,"USDA PLANTS, Britton & Brown 1913"
Cuscuta glomerata,,,,https://plants.sc.egov.usda.gov/ImageLibrary/original/cugl3_001_pvd.tif,https://plants.usda.gov/plant-profile/CUGL3,"USDA PLANTS, Britton & Brown 1913"
Cuscuta gronovii,,,,https://plants.sc.egov.usda.gov/ImageLibrary/original/cugr_001_pvd.tif,https://plants.usda.gov/plant-profile/CUGR,"USDA PLANTS, Britton & Brown 1913"
Cynoglossum officinale,,,,https://plants.sc.egov.usda.gov/ImageLibrary/original/cyof_001_pvd.tif,https://plants.usda.gov/plant-profile/CYOF,"USDA PLANTS, Britton & Brown 1913"
Cyperus bipartitus,,,,https://plants.sc.egov.usda.gov/ImageLibrary/original/cyri_001_pvd.tif,https://plants.usda.gov/plant-profile/CYBI6,"USDA PLANTS, Britton & Brown 1913"
Cyperus dentatus,,,,https://plants.sc.egov.usda.gov/ImageLibrary/original/cyde2_001_pvd.tif,https://plants.usda.gov/plant-profile/CYDE2,"USDA PLANTS, Britton & Brown 1913"
Cyperus diandrus,,,,https://plants.sc.egov.usda.gov/ImageLibrary/original/cydi3_001_pvd.tif,https://plants.usda.gov/plant-profile/CYDI3,"USDA PLANTS, Britton & Brown 1913"
Cyperus esculentus,,,,https://plants.sc.egov.usda.gov/ImageLibrary/original/cyes_001_pvd.tif,https://plants.usda.gov/plant-profile/CYES,"USDA PLANTS, Britton & Brown 1913"
Cyperus odoratus,,,,https://plants.sc.egov.usda.gov/ImageLibrary/original/cyen_001_pvd.tif,https://plants.usda.gov/plant-profile/CYOD,"USDA PLANTS, Britton & Brown 1913"
Cyperus squarrosus,,,,https://plants.sc.egov.usda.gov/ImageLibrary/original/cyin9_001_pvd.tif,https://plants.usda.gov/plant-profile/CYSQ,"USDA PLANTS, Britton & Brown 1913"
Cypripedium acaule,,,,https://plants.sc.egov.usda.gov/ImageLibrary/original/fiac_001_pvd.tif,https://plants.usda.gov/plant-profile/CYAC3,"USDA PLANTS, Britton & Brown 1913"
Cypripedium candidum,,,,https://plants.sc.egov.usda.gov/ImageLibrary/original/cyca5_001_pvd.tif,https://plants.usda.gov/plant-profile/CYCA5,"USDA PLANTS, Britton & Brown 1913"
Cypripedium parviflorum,,,,https://plants.sc.egov.usda.gov/ImageLibrary/original/cypa19_001_pvd.tif,https://plants.usda.gov/plant-profile/CYPA19,"USDA PLANTS, Britton & Brown 1913"
Cypripedium reginae,,,,https://plants.sc.egov.usda.gov/ImageLibrary/original/cyre6_001_pvd.tif,https://plants.usda.gov/plant-profile/CYRE6,"USDA PLANTS, Britton & Brown 1913"
Dactylis glomerata,,,,https://plants.sc.egov.usda.gov/ImageLibrary/original/dagl_001_pvd.tif,https://plants.usda.gov/plant-profile/DAGL,"USDA PLANTS, Britton & Brown 1913"
Datura stramonium,,,,https://plants.sc.egov.usda.gov/ImageLibrary/original/dast_001_pvd.tif,https://plants.usda.gov/plant-profile/DAST,"USDA PLANTS, Britton & Brown 1913"
Daucus carota,,,,https://plants.sc.egov.usda.gov/ImageLibrary/original/daca6_001_phd.tif,https://plants.usda.gov/plant-profile/DACA6,"USDA PLANTS, Britton & Brown 1913"
Decodon verticillatus,,,,https://plants.sc.egov.usda.gov/ImageLibrary/original/deve_001_pvd.tif,https://plants.usda.gov/plant-profile/DEVE,"USDA PLANTS, Britton & Brown 1913"
Delphinium carolinianum,,,,https://plants.sc.egov.usda.gov/ImageLibrary/original/deca3_001_pvd.tif,https://plants.usda.gov/plant-profile/DECA3,"USDA PLANTS, Britton & Brown 1913"
Desmanthus illinoensis,,,,https://plants.sc.egov.usda.gov/ImageLibrary/original/acil2_001_pvd.tif,https://plants.usda.gov/plant-profile/DEIL,"USDA PLANTS, Britton & Brown 1913"
Desmodium canadense,,,,https://plants.sc.egov.usda.gov/ImageLibrary/original/meca14_001_pvd.tif,https://plants.usda.gov/plant-profile/DECA7,"USDA PLANTS, Britton & Brown 1913"
Desmodium glabellum,,,,https://plants.sc.egov.usda.gov/ImageLibrary/original/megl4_001_pvd.tif,https://plants.usda.gov/plant-profile/DEGL4,"USDA PLANTS, Britton & Brown 1913"
Desmodium illinoense,,,,https://plants.sc.egov.usda.gov/ImageLibrary/original/meil_001_pvd.tif,https://plants.usda.gov/plant-profile/DEIL2,"USDA PLANTS, Britton & Brown 1913"
Dianthus armeria,,,,https://plants.sc.egov.usda.gov/ImageLibrary/original/diar_001_pvd.tif,https://plants.usda.gov/plant-profile/DIAR,"USDA PLANTS, Britton & Brown 1913"
Dianthus barbatus,,,,https://plants.sc.egov.usda.gov/ImageLibrary/original/diba_001_pvd.tif,https://plants.usda.gov/plant-profile/DIBA,"USDA PLANTS, Britton & Brown 1913"
Dianthus deltoides,,,,https://plants.sc.egov.usda.gov/ImageLibrary/original/dide_001_pvd.tif,https://plants.usda.gov/plant-profile/DIDE,"USDA PLANTS, Britton & Brown 1913"
Dicentra canadensis,,,,https://plants.sc.egov.usda.gov/ImageLibrary/original/bica4_001_pvd.tif,https://plants.usda.gov/plant-profile/DICA,"USDA PLANTS, Britton & Brown 1913"
Dicentra cucullaria,,,,https://plants.sc.egov.usda.gov/ImageLibrary/original/bicu2_001_pvd.tif,https://plants.usda.gov/plant-profile/DICU,"USDA PLANTS, Britton & Brown 1913"
Dicentra eximia,,,,https://plants.sc.egov.usda.gov/ImageLibrary/original/biex_001_pvd.tif,https://plants.usda.gov/plant-profile/DIEX,"USDA PLANTS, Britton & Brown 1913"
Dichanthelium leibergii,,,,https://plants.sc.egov.usda.gov/ImageLibrary/original/pale7_001_pvd.tif,https://plants.usda.gov/plant-profile/DILE2,"USDA PLANTS, Britton & Brown 1913"
Diervilla lonicera,,,,https://plants.sc.egov.usda.gov/ImageLibrary/original/didi12_001_pvd.tif,https://plants.usda.gov/plant-profile/DILO,"USDA PLANTS, Britton & Brown 1913"
Digitalis purpurea,,,,https://plants.sc.egov.usda.gov/ImageLibrary/original/dipu_001_pvd.tif,https://plants.usda.gov/plant-profile/DIPU,"USDA PLANTS, Britton & Brown 1913"
Dioscorea villosa,,,,https://plants.sc.egov.usda.gov/ImageLibrary/original/divi4_001_pvd.tif,https://plants.usda.gov/plant-profile/DIVI4,"USDA PLANTS, Britton & Brown 1913"
Dirca palustris,,,,https://plants.sc.egov.usda.gov/ImageLibrary/original/dipa9_001_pvd.tif,https://plants.usda.gov/plant-profile/DIPA9,"USDA PLANTS, Britton & Brown 1913"
Doellingeria umbellata,,,,https://plants.sc.egov.usda.gov/ImageLibrary/original/doum2_001_pvd.tif,https://plants.usda.gov/plant-profile/DOUM2,"USDA PLANTS, Britton & Brown 1913"
Draba nemorosa,,,,https://plants.sc.egov.usda.gov/ImageLibrary/original/drne_001_pvd.tif,https://plants.usda.gov/plant-profile/DRNE,"USDA PLANTS, Britton & Brown 1913"
Draba verna,,,,https://plants.sc.egov.usda.gov/ImageLibrary/original/drve2_001_pvd.tif,https://plants.usda.gov/plant-profile/DRVE2,"USDA PLANTS, Britton & Brown 1913"
Dracocephalum parviflorum,,,,https://plants.sc.egov.usda.gov/ImageLibrary/original/mopa4_001_pvd.tif,https://plants.usda.gov/plant-profile/DRPA2,"USDA PLANTS, Britton & Brown 1913"
Drosera rotundifolia,,,,https://plants.sc.egov.usda.gov/ImageLibrary/original/drro_001_pvd.tif,https://plants.usda.gov/plant-profile/DRRO,"USDA PLANTS, Britton & Brown 1913"
Dulichium arundinaceum,,,,https://plants.sc.egov.usda.gov/ImageLibrary/original/duar3_001_pvd.tif,https://plants.usda.gov/plant-profile/DUAR3,"USDA PLANTS, Britton & Brown 1913"
Dyssodia papposa,,,,https://plants.sc.egov.usda.gov/ImageLibrary/original/bopa8_001_pvd.tif,https://plants.usda.gov/plant-profile/DYPA,"USDA PLANTS, Britton & Brown 1913"
Echinacea pallida,,,,https://plants.sc.egov.usda.gov/ImageLibrary/original/ecpa_001_pvd.tif,https://plants.usda.gov/plant-profile/ECPA,"USDA PLANTS, Britton & Brown 1913"
Echinacea purpurea,,,,https://plants.sc.egov.usda.gov/ImageLibrary/original/ecpu_001_pvd.tif,https://plants.usda.gov/plant-profile/ECPU,"USDA PLANTS, Britton & Brown 1913"
Echinocystis lobata,,,,https://plants.sc.egov.usda.gov/ImageLibrary/original/milo4_001_pvd.tif,https://plants.usda.gov/plant-profile/ECLO,"USDA PLANTS, Britton & Brown 1913"
Eclipta prostrata,,,,https://plants.sc.egov.usda.gov/ImageLibrary/original/veal6_001_pvd.tif,https://plants.usda.gov/plant-profile/ECPR,"USDA PLANTS, Britton & Brown 1913"
Ellisia nyctelea,,,,https://plants.sc.egov.usda.gov/ImageLibrary/original/nyny2_001_pvd.tif,https://plants.usda.gov/plant-profile/ELNY,"USDA PLANTS, Britton & Brown 1913"
Elsholtzia ciliata,,,,https://plants.sc.egov.usda.gov/ImageLibrary/original/elcr5_001_pvd.tif,https://plants.usda.gov/plant-profile/ELCI,"USDA PLANTS, Britton & Brown 1913"
Elymus canadensis,,,,https://plants.sc.egov.usda.gov/ImageLibrary/original/elbr7_001_pvd.tif,https://plants.usda.gov/plant-profile/ELCA4,"USDA PLANTS, Britton & Brown 1913"
Elymus repens,,,,https://plants.sc.egov.usda.gov/ImageLibrary/original/agre2_001_pvd.tif,https://plants.usda.gov/plant-profile/ELRE4,"USDA PLANTS, Britton & Brown 1913"
Enemion biternatum,,,,https://plants.sc.egov.usda.gov/ImageLibrary/original/isbi2_001_pvd.tif,https://plants.usda.gov/plant-profile/ENBI,"USDA PLANTS, Britton & Brown 1913"
Epifagus virginiana,,,,https://plants.sc.egov.usda.gov/ImageLibrary/original/levi14_001_pvd.tif,https://plants.usda.gov/plant-profile/EPVI2,"USDA PLANTS, Britton & Brown 1913"
Epigaea repens,,,,https://plants.sc.egov.usda.gov/ImageLibrary/original/epre2_001_pvd.tif,https://plants.usda.gov/plant-profile/EPRE2,"USDA PLANTS, Britton & Brown 1913"
Epipactis helleborine,,,,https://plants.sc.egov.usda.gov/ImageLibrary/original/sehe6_001_pvd.tif,https://plants.usda.gov/plant-profile/EPHE,"USDA PLANTS, Britton & Brown 1913"
Eranthis hyemalis,,,,https://plants.sc.egov.usda.gov/ImageLibrary/original/erhy4_001_pvd.tif,https://plants.usda.gov/plant-profile/ERHY4,"USDA PLANTS, Britton & Brown 1913"
Erechtites hieraciifolius,,,,https://plants.sc.egov.usda.gov/ImageLibrary/original/erhi9_001_pvd.tif,https://plants.usda.gov/plant-profile/ERHI12,"USDA PLANTS, Britton & Brown 1913"
Erigeron annuus,,,,https://plants.sc.egov.usda.gov/ImageLibrary/original/eran_001_pvd.tif,https://plants.usda.gov/plant-profile/ERAN,"USDA PLANTS, Britton & Brown 1913"
Erigeron philadelphicus,,,,https://plants.sc.egov.usda.gov/ImageLibrary/original/erph_001_pvd.tif,https://plants.usda.gov/plant-profile/ERPH,"USDA PLANTS, Britton & Brown 1913"
Erigeron pulchellus,,,,https://plants.sc.egov.usda.gov/ImageLibrary/original/erpu_001_pvd.tif,https://plants.usda.gov/plant-profile/ERPU,"USDA PLANTS, Britton & Brown 1913"
Eriophorum angustifolium,,,,https://plants.sc.egov.usda.gov/ImageLibrary/original/eran6_001_pvd.tif,https://plants.usda.gov/plant-profile/ERAN6,"USDA PLANTS, Britton & Brown 1913"
Erythronium albidum,,,,https://plants.sc.egov.usda.gov/ImageLibrary/original/eral9_001_pvd.tif,https://plants.usda.gov/plant-profile/ERAL9,"USDA PLANTS, Britton & Brown 1913"
Erythronium americanum,,,,https://plants.sc.egov.usda.gov/ImageLibrary/original/eram5_001_pvd.tif,https://plants.usda.gov/plant-profile/ERAM5,"USDA PLANTS, Britton & Brown 1913"
Euonymus atropurpureus,,,,https://plants.sc.egov.usda.gov/ImageLibrary/original/euat3_001_phd.tif,https://plants.usda.gov/plant-profile/EUAT5,"USDA PLANTS, Britton & Brown 1913"
Eupatorium altissimum,,,,https://plants.sc.egov.usda.gov/ImageLibrary/original/eual3_001_pvd.tif,https://plants.usda.gov/plant-profile/EUAL3,"USDA PLANTS, Britton & Brown 1913"
Eupatorium perfoliatum,,,,https://plants.sc.egov.usda.gov/ImageLibrary/original/eupe3_001_pvd.tif,https://plants.usda.gov/plant-profile/EUPE3,"USDA PLANTS, Britton & Brown 1913"
Euphorbia corollata,,,,https://plants.sc.egov.usda.gov/ImageLibrary/original/tico4_001_pvd.tif,https://plants.usda.gov/plant-profile/EUCO10,"USDA PLANTS, Britton & Brown 1913"
Euphorbia cyparissias,,,,https://plants.sc.egov.usda.gov/ImageLibrary/original/ticy_001_pvd.tif,https://plants.usda.gov/plant-profile/EUCY2,"USDA PLANTS, Britton & Brown 1913"
Euphorbia marginata,,,,https://plants.sc.egov.usda.gov/ImageLibrary/original/dima13_001_pvd.tif,https://plants.usda.gov/plant-profile/EUMA8,"USDA PLANTS, Britton & Brown 1913"
Eurybia divaricata,,,,https://plants.sc.egov.usda.gov/ImageLibrary/original/asca18_001_pvd.tif,https://plants.usda.gov/plant-profile/EUDI16,"USDA PLANTS, Britton & Brown 1913"
Eurybia macrophylla,,,,https://plants.sc.egov.usda.gov/ImageLibrary/original/asia_001_pvd.tif,https://plants.usda.gov/plant-profile/EUMA27,"USDA PLANTS, Britton & Brown 1913"
Euthamia graminifolia,,,,https://plants.sc.egov.usda.gov/ImageLibrary/original/eugr5_001_pvd.tif,https://plants.usda.gov/plant-profile/EUGR5,"USDA PLANTS, Britton & Brown 1913"
Eutrochium purpureum,,,,https://plants.sc.egov.usda.gov/ImageLibrary/original/eupu10_001_pvd.tif,https://plants.usda.gov/plant-profile/EUPU21,"USDA PLANTS, Britton & Brown 1913"
Fragaria vesca,,,,https://plants.sc.egov.usda.gov/ImageLibrary/original/frve_001_pvd.tif,https://plants.usda.gov/plant-profile/FRVE,"USDA PLANTS, Britton & Brown 1913"
Fragaria virginiana,,,,https://plants.sc.egov.usda.gov/ImageLibrary/original/frvi_001_pvd.tif,https://plants.usda.gov/plant-profile/FRVI,"USDA PLANTS, Britton & Brown 1913"
Frangula alnus,,,,https://plants.sc.egov.usda.gov/ImageLibrary/original/rhfr_001_pvd.tif,https://plants.usda.gov/plant-profile/FRAL4,"USDA PLANTS, Britton & Brown 1913"
Gaillardia aristata,,,,https://plants.sc.egov.usda.gov/ImageLibrary/original/gaar_001_pvd.tif,https://plants.usda.gov/plant-profile/GAAR,"USDA PLANTS, Britton & Brown 1913"
Gaillardia pulchella,,,,https://plants.sc.egov.usda.gov/ImageLibrary/original/gapu_001_pvd.tif,https://plants.usda.gov/plant-profile/GAPU,"USDA PLANTS, Britton & Brown 1913"
Galearis spectabilis,,,,https://plants.sc.egov.usda.gov/ImageLibrary/original/gasp11_001_pvd.tif,https://plants.usda.gov/plant-profile/GASP5,"USDA PLANTS, Britton & Brown 1913"
Galium aparine,,,,https://plants.sc.egov.usda.gov/ImageLibrary/original/gaap2_001_pvd.tif,https://plants.usda.gov/plant-profile/GAAP2,"USDA PLANTS, Britton & Brown 1913"
Galium boreale,,,,https://plants.sc.egov.usda.gov/ImageLibrary/original/gabo2_001_pvd.tif,https://plants.usda.gov/plant-profile/GABO2,"USDA PLANTS, Britton & Brown 1913"
Galium circaezans,,,,https://plants.sc.egov.usda.gov/ImageLibrary/original/gaci2_001_pvd.tif,https://plants.usda.gov/plant-profile/GACI2,"USDA PLANTS, Britton & Brown 1913"
Galium mollugo,,,,https://plants.sc.egov.usda.gov/ImageLibrary/original/gamo_001_pvd.tif,https://plants.usda.gov/plant-profile/GAMO,"USDA PLANTS, Britton & Brown 1913"
Galium odoratum,,,,https://plants.sc.egov.usda.gov/ImageLibrary/original/asod_001_pvd.tif,https://plants.usda.gov/plant-profile/GAOD3,"USDA PLANTS, Britton & Brown 1913"
Galium triflorum,,,,https://plants.sc.egov.usda.gov/ImageLibrary/original/gatr3_001_pvd.tif,https://plants.usda.gov/plant-profile/GATR3,"USDA PLANTS, Britton & Brown 1913"
Gaultheria procumbens,,,,https://plants.sc.egov.usda.gov/ImageLibrary/original/gapr2_001_pvd.tif,https://plants.usda.gov/plant-profile/GAPR2,"USDA PLANTS, Britton & Brown 1913"
Gaylussacia baccata,,,,https://plants.sc.egov.usda.gov/ImageLibrary/original/gaba_001_pvd.tif,https://plants.usda.gov/plant-profile/GABA,"USDA PLANTS, Britton & Brown 1913"
Gaylussacia frondosa,,,,https://plants.sc.egov.usda.gov/ImageLibrary/original/gafr2_001_pvd.tif,https://plants.usda.gov/plant-profile/GAFR2,"USDA PLANTS, Britton & Brown 1913"
Gentiana alba,,,,https://plants.sc.egov.usda.gov/ImageLibrary/original/gefl_001_pvd.tif,https://plants.usda.gov/plant-profile/GEAL4,"USDA PLANTS, Britton & Brown 1913"
Gentiana rubricaulis,,,,https://plants.sc.egov.usda.gov/ImageLibrary/original/dagr3_001_pvd.tif,https://plants.usda.gov/plant-profile/GERU,"USDA PLANTS, Britton & Brown 1913"
Geranium maculatum,,,,https://plants.sc.egov.usda.gov/ImageLibrary/original/gema_001_pvd.tif,https://plants.usda.gov/plant-profile/GEMA,"USDA PLANTS, Britton & Brown 1913"
Geranium sibiricum,,,,https://plants.sc.egov.usda.gov/ImageLibrary/original/gesi2_001_pvd.tif,https://plants.usda.gov/plant-profile/GESI2,"USDA PLANTS, Britton & Brown 1913"
Geum aleppicum,,,,https://plants.sc.egov.usda.gov/ImageLibrary/original/gest2_001_pvd.tif,https://plants.usda.gov/plant-profile/GEAL3,"USDA PLANTS, Britton & Brown 1913"
Geum canadense,,,,https://plants.sc.egov.usda.gov/ImageLibrary/original/geca7_001_pvd.tif,https://plants.usda.gov/plant-profile/GECA7,"USDA PLANTS, Britton & Brown 1913"
Glechoma hederacea,,,,https://plants.sc.egov.usda.gov/ImageLibrary/original/glhe2_001_pvd.tif,https://plants.usda.gov/plant-profile/GLHE2,"USDA PLANTS, Britton & Brown 1913"
Glycyrrhiza lepidota,,,,https://plants.sc.egov.usda.gov/ImageLibrary/original/glle3_001_pvd.tif,https://plants.usda.gov/plant-profile/GLLE3,"USDA PLANTS, Britton & Brown 1913"
Goodyera pubescens,,,,https://plants.sc.egov.usda.gov/ImageLibrary/original/pepu20_001_pvd.tif,https://plants.usda.gov/plant-profile/GOPU,"USDA PLANTS, Britton & Brown 1913"
Gratiola aurea,,,,https://plants.sc.egov.usda.gov/ImageLibrary/original/grau_001_pvd.tif,https://plants.usda.gov/plant-profile/GRAU,"USDA PLANTS, Britton & Brown 1913"
Grindelia squarrosa,,,,https://plants.sc.egov.usda.gov/ImageLibrary/original/grsq_001_pvd.tif,https://plants.usda.gov/plant-profile/GRSQ,"USDA PLANTS, Britton & Brown 1913"
Gymnocladus dioicus,,,,https://plants.sc.egov.usda.gov/ImageLibrary/original/gydi_001_pvd.tif,https://plants.usda.gov/plant-profile/GYDI,"USDA PLANTS, Britton & Brown 1913"
Hackelia virginiana,,,,https://plants.sc.egov.usda.gov/ImageLibrary/original/lavi7_001_pvd.tif,https://plants.usda.gov/plant-profile/HAVI2,"USDA PLANTS, Britton & Brown 1913"
Hamamelis virginiana,,,,https://plants.sc.egov.usda.gov/ImageLibrary/original/havi4_001_pvd.tif,https://plants.usda.gov/plant-profile/HAVI4,"USDA PLANTS, Britton & Brown 1913"
Hedeoma hispida,,,,https://plants.sc.egov.usda.gov/ImageLibrary/original/hehi_001_pvd.tif,https://plants.usda.gov/plant-profile/HEHI,"USDA PLANTS, Britton & Brown 1913"
Helenium autumnale,,,,https://plants.sc.egov.usda.gov/ImageLibrary/original/heau_001_pvd.tif,https://plants.usda.gov/plant-profile/HEAU,"USDA PLANTS, Britton & Brown 1913"
Helenium flexuosum,,,,https://plants.sc.egov.usda.gov/ImageLibrary/original/henu3_001_pvd.tif,https://plants.usda.gov/plant-profile/HEFL,"USDA PLANTS, Britton & Brown 1913"
Helianthus annuus,,,,https://plants.sc.egov.usda.gov/ImageLibrary/original/hean3_001_pvd.tif,https://plants.usda.gov/plant-profile/HEAN3,"USDA PLANTS, Britton & Brown 1913"
Helianthus divaricatus,,,,https://plants.sc.egov.usda.gov/ImageLibrary/original/hedi2_001_pvd.tif,https://plants.usda.gov/plant-profile/HEDI2,"USDA PLANTS, Britton & Brown 1913"
Helianthus grosseserratus,,,,https://plants.sc.egov.usda.gov/ImageLibrary/original/hegr4_001_pvd.tif,https://plants.usda.gov/plant-profile/HEGR4,"USDA PLANTS, Britton & Brown 1913"
Helianthus hirsutus,,,,https://plants.sc.egov.usda.gov/ImageLibrary/original/hehi2_001_pvd.tif,https://plants.usda.gov/plant-profile/HEHI2,"USDA PLANTS, Britton & Brown 1913"
Helianthus maximiliani,,,,https://plants.sc.egov.usda.gov/ImageLibrary/original/heda2_001_pvd.tif,https://plants.usda.gov/plant-profile/HEMA2,"USDA PLANTS, Britton & Brown 1913"
Helianthus petiolaris,,,,https://plants.sc.egov.usda.gov/ImageLibrary/original/hepe_001_pvd.tif,https://plants.usda.gov/plant-profile/HEPE,"USDA PLANTS, Britton & Brown 1913"
Helianthus strumosus,,,,https://plants.sc.egov.usda.gov/ImageLibrary/original/hest_001_pvd.tif,https://plants.usda.gov/plant-profile/HEST,"USDA PLANTS, Britton & Brown 1913"
Helianthus tuberosus,,,,https://plants.sc.egov.usda.gov/ImageLibrary/original/heto4_001_pvd.tif,https://plants.usda.gov/plant-profile/HETU,"USDA PLANTS, Britton & Brown 1913"
Heliopsis helianthoides,,,,https://plants.sc.egov.usda.gov/ImageLibrary/original/hehe5_001_pvd.tif,https://plants.usda.gov/plant-profile/HEHE5,"USDA PLANTS, Britton & Brown 1913"
Hemerocallis fulva,,,,https://plants.sc.egov.usda.gov/ImageLibrary/original/hefu_001_pvd.tif,https://plants.usda.gov/plant-profile/HEFU,"USDA PLANTS, Britton & Brown 1913"
Hepatica acutiloba,,,,https://plants.sc.egov.usda.gov/ImageLibrary/original/heac4_001_pvd.tif,https://plants.usda.gov/plant-profile/HEAC4,"USDA PLANTS, Britton & Brown 1913"
Heracleum maximum,,,,https://plants.sc.egov.usda.gov/ImageLibrary/original/hela4_001_pvd.tif,https://plants.usda.gov/plant-profile/HEMA80,"USDA PLANTS, Britton & Brown 1913"
Hesperis matronalis,,,,https://plants.sc.egov.usda.gov/ImageLibrary/original/hema3_001_pvd.tif,https://plants.usda.gov/plant-profile/HEMA3,"USDA PLANTS, Britton & Brown 1913"
Hesperostipa spartea,,,,https://plants.sc.egov.usda.gov/ImageLibrary/original/stsp2_001_pvd.tif,https://plants.usda.gov/plant-profile/HESP11,"USDA PLANTS, Britton & Brown 1913"
Heteranthera dubia,,,,https://plants.sc.egov.usda.gov/ImageLibrary/original/hedu2_001_pvd.tif,https://plants.usda.gov/plant-profile/HEDU2,"USDA PLANTS, Britton & Brown 1913"
Hibiscus laevis,,,,https://plants.sc.egov.usda.gov/ImageLibrary/original/himi2_001_pvd.tif,https://plants.usda.gov/plant-profile/HILA2,"USDA PLANTS, Britton & Brown 1913"
Hibiscus moscheutos,,,,https://plants.sc.egov.usda.gov/ImageLibrary/original/hiin5_001_pvd.tif,https://plants.usda.gov/plant-profile/HIMO,"USDA PLANTS, Britton & Brown 1913"
Hibiscus trionum,,,,https://plants.sc.egov.usda.gov/ImageLibrary/original/hitr_001_pvd.tif,https://plants.usda.gov/plant-profile/HITR,"USDA PLANTS, Britton & Brown 1913"
Hieracium longipilum,,,,https://plants.sc.egov.usda.gov/ImageLibrary/original/hilo2_001_pvd.tif,https://plants.usda.gov/plant-profile/HILO2,"USDA PLANTS, Britton & Brown 1913"
Hieracium paniculatum,,,,https://plants.sc.egov.usda.gov/ImageLibrary/original/hipa2_001_pvd.tif,https://plants.usda.gov/plant-profile/HIPA2,"USDA PLANTS, Britton & Brown 1913"
Hieracium scabrum,,,,https://plants.sc.egov.usda.gov/ImageLibrary/original/hisc_001_pvd.tif,https://plants.usda.gov/plant-profile/HISC,"USDA PLANTS, Britton & Brown 1913"
Hieracium venosum,,,,https://plants.sc.egov.usda.gov/ImageLibrary/original/hive_001_pvd.tif,https://plants.usda.gov/plant-profile/HIVE,"USDA PLANTS, Britton & Brown 1913"
Hordeum jubatum,,,,https://plants.sc.egov.usda.gov/ImageLibrary/original/hoju_001_pvd.tif,https://plants.usda.gov/plant-profile/HOJU,"USDA PLANTS, Britton & Brown 1913"
Houstonia caerulea,,,,https://plants.sc.egov.usda.gov/ImageLibrary/original/hoca4_001_pvd.tif,https://plants.usda.gov/plant-profile/HOCA4,"USDA PLANTS, Britton & Brown 1913"
Houstonia longifolia,,,,https://plants.sc.egov.usda.gov/ImageLibrary/original/holo_001_pvd.tif,https://plants.usda.gov/plant-profile/HOLO,"USDA PLANTS, Britton & Brown 1913"
Hydrocotyle americana,,,,https://plants.sc.egov.usda.gov/ImageLibrary/original/hyam_001_pvd.tif,https://plants.usda.gov/plant-profile/HYAM,"USDA PLANTS, Britton & Brown 1913"
Hydrophyllum appendiculatum,,,,https://plants.sc.egov.usda.gov/ImageLibrary/original/hyap_001_pvd.tif,https://plants.usda.gov/plant-profile/HYAP,"USDA PLANTS, Britton & Brown 1913"
Hydrophyllum virginianum,,,,https://plants.sc.egov.usda.gov/ImageLibrary/original/hyvi_001_pvd.tif,https://plants.usda.gov/plant-profile/HYVI,"USDA PLANTS, Britton & Brown 1913"
Hypericum ascyron,,,,https://plants.sc.egov.usda.gov/ImageLibrary/original/hyas80_001_pvd.tif,https://plants.usda.gov/plant-profile/HYAS80,"USDA PLANTS, Britton & Brown 1913"
Hypericum mutilum,,,,https://plants.sc.egov.usda.gov/ImageLibrary/original/hymu_001_pvd.tif,https://plants.usda.gov/plant-profile/HYMU,"USDA PLANTS, Britton & Brown 1913"
Hypericum perforatum,,,,https://plants.sc.egov.usda.gov/ImageLibrary/original/hype_001_pvd.tif,https://plants.usda.gov/plant-profile/HYPE,"USDA PLANTS, Britton & Brown 1913"
Hypericum punctatum,,,,https://plants.sc.egov.usda.gov/ImageLibrary/original/hypu_001_pvd.tif,https://plants.usda.gov/plant-profile/HYPU,"USDA PLANTS, Britton & Brown 1913"
Hypoxis hirsuta,,,,https://plants.sc.egov.usda.gov/ImageLibrary/original/hyhi2_001_pvd.tif,https://plants.usda.gov/plant-profile/HYHI2,"USDA PLANTS, Britton & Brown 1913"
Ilex verticillata,,,,https://plants.sc.egov.usda.gov/ImageLibrary/original/ilbr_001_pvd.tif,https://plants.usda.gov/plant-profile/ILVE,"USDA PLANTS, Britton & Brown 1913"
Impatiens capensis,,,,https://plants.sc.egov.usda.gov/ImageLibrary/original/imbi2_001_pvd.tif,https://plants.usda.gov/plant-profile/IMCA,"USDA PLANTS, Britton & Brown 1913"
Impatiens pallida,,,,https://plants.sc.egov.usda.gov/ImageLibrary/original/impa_001_pvd.tif,https://plants.usda.gov/plant-profile/IMPA,"USDA PLANTS, Britton & Brown 1913"
Ipomoea purpurea,,,,https://plants.sc.egov.usda.gov/ImageLibrary/original/ippu2_001_pvd.tif,https://plants.usda.gov/plant-profile/IPPU2,"USDA PLANTS, Britton & Brown 1913"
Iris pseudacorus,,,,https://plants.sc.egov.usda.gov/ImageLibrary/original/irps_001_pvd.tif,https://plants.usda.gov/plant-profile/IRPS,"USDA PLANTS, Britton & Brown 1913"
Iris versicolor,,,,https://plants.sc.egov.usda.gov/ImageLibrary/original/irve2_001_pvd.tif,https://plants.usda.gov/plant-profile/IRVE2,"USDA PLANTS, Britton & Brown 1913"
Kalmia angustifolia,,,,https://plants.sc.egov.usda.gov/ImageLibrary/original/kaan_001_pvd.tif,https://plants.usda.gov/plant-profile/KAAN,"USDA PLANTS, Britton & Brown 1913"
Kalmia latifolia,,,,https://plants.sc.egov.usda.gov/ImageLibrary/original/kala_001_pvd.tif,https://plants.usda.gov/plant-profile/KALA,"USDA PLANTS, Britton & Brown 1913"
Kalmia polifolia,,,,https://plants.sc.egov.usda.gov/ImageLibrary/original/kapo_001_pvd.tif,https://plants.usda.gov/plant-profile/KAPO,"USDA PLANTS, Britton & Brown 1913"
Koeleria macrantha,,,,https://plants.sc.egov.usda.gov/ImageLibrary/original/kocr_001_pvd.tif,https://plants.usda.gov/plant-profile/KOMA,"USDA PLANTS, Britton & Brown 1913"
Krigia virginica,,,,https://plants.sc.egov.usda.gov/ImageLibrary/original/krvi_001_pvd.tif,https://plants.usda.gov/plant-profile/KRVI,"USDA PLANTS, Britton & Brown 1913"
Lactuca biennis,,,,https://plants.sc.egov.usda.gov/ImageLibrary/original/lasp4_001_pvd.tif,https://plants.usda.gov/plant-profile/LABI,"USDA PLANTS, Britton & Brown 1913"
Lactuca canadensis,,,,https://plants.sc.egov.usda.gov/ImageLibrary/original/laca_001_pvd.tif,https://plants.usda.gov/plant-profile/LACA,"USDA PLANTS, Britton & Brown 1913"
Lamium amplexicaule,,,,https://plants.sc.egov.usda.gov/ImageLibrary/original/laam_001_pvd.tif,https://plants.usda.gov/plant-profile/LAAM,"USDA PLANTS, Britton & Brown 1913"
Lamium maculatum,,,,https://plants.sc.egov.usda.gov/ImageLibrary/original/lama_001_pvd.tif,https://plants.usda.gov/plant-profile/LAMA,"USDA PLANTS, Britton & Brown 1913"
Lamium purpureum,,,,https://plants.sc.egov.usda.gov/ImageLibrary/original/lapu2_001_pvd.tif,https://plants.usda.gov/plant-profile/LAPU2,"USDA PLANTS, Britton & Brown 1913"
Laportea canadensis,,,,https://plants.sc.egov.usda.gov/ImageLibrary/original/urdi3_001_pvd.tif,https://plants.usda.gov/plant-profile/LACA3,"USDA PLANTS, Britton & Brown 1913"
Lapsana communis,,,,https://plants.sc.egov.usda.gov/ImageLibrary/original/laco3_001_pvd.tif,https://plants.usda.gov/plant-profile/LACO3,"USDA PLANTS, Britton & Brown 1913"
Lathyrus latifolius,,,,https://plants.sc.egov.usda.gov/ImageLibrary/original/lala4_001_pvd.tif,https://plants.usda.gov/plant-profile/LALA4,"USDA PLANTS, Britton & Brown 1913"
Lathyrus ochroleucus,,,,https://plants.sc.egov.usda.gov/ImageLibrary/original/laoc2_001_pvd.tif,https://plants.usda.gov/plant-profile/LAOC2,"USDA PLANTS, Britton & Brown 1913"
Lathyrus palustris,,,,https://plants.sc.egov.usda.gov/ImageLibrary/original/lamy_001_pvd.tif,https://plants.usda.gov/plant-profile/LAPA4,"USDA PLANTS, Britton & Brown 1913"
Lathyrus venosus,,,,https://plants.sc.egov.usda.gov/ImageLibrary/original/lave_001_pvd.tif,https://plants.usda.gov/plant-profile/LAVE,"USDA PLANTS, Britton & Brown 1913"
Leonurus cardiaca,,,,https://plants.sc.egov.usda.gov/ImageLibrary/original/leca2_001_pvd.tif,https://plants.usda.gov/plant-profile/LECA2,"USDA PLANTS, Britton & Brown 1913"
Lespedeza capitata,,,,https://plants.sc.egov.usda.gov/ImageLibrary/original/leca8_001_pvd.tif,https://plants.usda.gov/plant-profile/LECA8,"USDA PLANTS, Britton & Brown 1913"
Lespedeza violacea,,,,https://plants.sc.egov.usda.gov/ImageLibrary/original/levi6_001_pvd.tif,https://plants.usda.gov/plant-profile/LEVI6,"USDA PLANTS, Britton & Brown 1913"
Leucanthemum vulgare,,,,https://plants.sc.egov.usda.gov/ImageLibrary/original/chle80_001_pvd.tif,https://plants.usda.gov/plant-profile/LEVU,"USDA PLANTS, Britton & Brown 1913"
Lilium canadense,,,,https://plants.sc.egov.usda.gov/ImageLibrary/original/lica3_001_pvd.tif,https://plants.usda.gov/plant-profile/LICA3,"USDA PLANTS, Britton & Brown 1913"
Lilium lancifolium,,,,https://plants.sc.egov.usda.gov/ImageLibrary/original/liti_001_pvd.tif,https://plants.usda.gov/plant-profile/LILA8,"USDA PLANTS, Britton & Brown 1913"
Lilium philadelphicum,,,,https://plants.sc.egov.usda.gov/ImageLibrary/original/liph_001_pvd.tif,https://plants.usda.gov/plant-profile/LIPH,"USDA PLANTS, Britton & Brown 1913"
Lilium superbum,,,,https://plants.sc.egov.usda.gov/ImageLibrary/original/lisu_001_pvd.tif,https://plants.usda.gov/plant-profile/LISU,"USDA PLANTS, Britton & Brown 1913"
Linaria canadensis,,,,https://plants.sc.egov.usda.gov/ImageLibrary/original/lica6_001_pvd.tif,https://plants.usda.gov/plant-profile/LICA6,"USDA PLANTS, Britton & Brown 1913"
Linaria vulgaris,,,,https://plants.sc.egov.usda.gov/ImageLibrary/original/lili6_001_pvd.tif,https://plants.usda.gov/plant-profile/LIVU2,"USDA PLANTS, Britton & Brown 1913"
Liparis liliifolia,,,,https://plants.sc.egov.usda.gov/ImageLibrary/original/lili3_001_pvd.tif,https://plants.usda.gov/plant-profile/LILI3,"USDA PLANTS, Britton & Brown 1913"
Liparis loeselii,,,,https://plants.sc.egov.usda.gov/ImageLibrary/original/lilo_001_pvd.tif,https://plants.usda.gov/plant-profile/LILO,"USDA PLANTS, Britton & Brown 1913"
Liriodendron tulipifera,,,,https://plants.sc.egov.usda.gov/ImageLibrary/original/litu_001_pvd.tif,https://plants.usda.gov/plant-profile/LITU,"USDA PLANTS, Britton & Brown 1913"
Lithospermum canescens,,,,https://plants.sc.egov.usda.gov/ImageLibrary/original/lica12_001_pvd.tif,https://plants.usda.gov/plant-profile/LICA12,"USDA PLANTS, Britton & Brown 1913"
Lithospermum caroliniense,,,,https://plants.sc.egov.usda.gov/ImageLibrary/original/lica13_001_pvd.tif,https://plants.usda.gov/plant-profile/LICA13,"USDA PLANTS, Britton & Brown 1913"
Lithospermum incisum,,,,https://plants.sc.egov.usda.gov/ImageLibrary/original/lili8_001_pvd.tif,https://plants.usda.gov/plant-profile/LIIN2,"USDA PLANTS, Britton & Brown 1913"
Lithospermum latifolium,,,,https://plants.sc.egov.usda.gov/ImageLibrary/original/lila2_001_pvd.tif,https://plants.usda.gov/plant-profile/LILA2,"USDA PLANTS, Britton & Brown 1913"
Lobelia cardinalis,,,,https://plants.sc.egov.usda.gov/ImageLibrary/original/loca2_001_pvd.tif,https://plants.usda.gov/plant-profile/LOCA2,"USDA PLANTS, Britton & Brown 1913"
Lobelia inflata,,,,https://plants.sc.egov.usda.gov/ImageLibrary/original/loin_001_pvd.tif,https://plants.usda.gov/plant-profile/LOIN,"USDA PLANTS, Britton & Brown 1913"
Lobelia kalmii,,,,https://plants.sc.egov.usda.gov/ImageLibrary/original/loka_001_pvd.tif,https://plants.usda.gov/plant-profile/LOKA,"USDA PLANTS, Britton & Brown 1913"
Lobelia siphilitica,,,,https://plants.sc.egov.usda.gov/ImageLibrary/original/losi_001_pvd.tif,https://plants.usda.gov/plant-profile/LOSI,"USDA PLANTS, Britton & Brown 1913"
Lobelia spicata,,,,https://plants.sc.egov.usda.gov/ImageLibrary/original/losp_001_pvd.tif,https://plants.usda.gov/plant-profile/LOSP,"USDA PLANTS, Britton & Brown 1913"
Lonicera dioica,,,,https://plants.sc.egov.usda.gov/ImageLibrary/original/lodi2_001_pvd.tif,https://plants.usda.gov/plant-profile/LODI2,"USDA PLANTS, Britton & Brown 1913"
Lonicera japonica,,,,https://plants.sc.egov.usda.gov/ImageLibrary/original/loja_001_pvd.tif,https://plants.usda.gov/plant-profile/LOJA,"USDA PLANTS, Britton & Brown 1913"
Lonicera reticulata,,,,https://plants.sc.egov.usda.gov/ImageLibrary/original/losu5_001_pvd.tif,https://plants.usda.gov/plant-profile/LORE5,"USDA PLANTS, Britton & Brown 1913"
Lonicera sempervirens,,,,https://plants.sc.egov.usda.gov/ImageLibrary/original/lose_001_pvd.tif,https://plants.usda.gov/plant-profile/LOSE,"USDA PLANTS, Britton & Brown 1913"
Lonicera tatarica,,,,https://plants.sc.egov.usda.gov/ImageLibrary/original/lota_001_pvd.tif,https://plants.usda.gov/plant-profile/LOTA,"USDA PLANTS, Britton & Brown 1913"
Lotus corniculatus,,,,https://plants.sc.egov.usda.gov/ImageLibrary/original/loco6_001_pvd.tif,https://plants.usda.gov/plant-profile/LOCO6,"USDA PLANTS, Britton & Brown 1913"
Ludwigia alternifolia,,,,https://plants.sc.egov.usda.gov/ImageLibrary/original/lual2_001_pvd.tif,https://plants.usda.gov/plant-profile/LUAL2,"USDA PLANTS, Britton & Brown 1913"
Lunaria annua,,,,https://plants.sc.egov.usda.gov/ImageLibrary/original/luan_001_pvd.tif,https://plants.usda.gov/plant-profile/LUAN,"USDA PLANTS, Britton & Brown 1913"
Lupinus perennis,,,,https://plants.sc.egov.usda.gov/ImageLibrary/original/lupe3_001_pvd.tif,https://plants.usda.gov/plant-profile/LUPE3,"USDA PLANTS, Britton & Brown 1913"
Lycopus americanus,,,,https://plants.sc.egov.usda.gov/ImageLibrary/original/lyam_001_pvd.tif,https://plants.usda.gov/plant-profile/LYAM,"USDA PLANTS, Britton & Brown 1913"
Lycopus virginicus,,,,https://plants.sc.egov.usda.gov/ImageLibrary/original/lyvi4_001_pvd.tif,https://plants.usda.gov/plant-profile/LYVI4,"USDA PLANTS, Britton & Brown 1913"
Lysimachia ciliata,,,,https://plants.sc.egov.usda.gov/ImageLibrary/original/stci8_001_pvd.tif,https://plants.usda.gov/plant-profile/LYCI,"USDA PLANTS, Britton & Brown 1913"
Lysimachia nummularia,,,,https://plants.sc.egov.usda.gov/ImageLibrary/original/lynu_001_pvd.tif,https://plants.usda.gov/plant-profile/LYNU,"USDA PLANTS, Britton & Brown 1913"
Lysimachia punctata,,,,https://plants.sc.egov.usda.gov/ImageLibrary/original/lypu2_001_pvd.tif,https://plants.usda.gov/plant-profile/LYPU2,"USDA PLANTS, Britton & Brown 1913"
Lysimachia quadrifolia,,,,https://plants.sc.egov.usda.gov/ImageLibrary/original/lyqu2_001_pvd.tif,https://plants.usda.gov/plant-profile/LYQU2,"USDA PLANTS, Britton & Brown 1913"
Lysimachia terrestris,,,,https://plants.sc.egov.usda.gov/ImageLibrary/original/lyte2_001_pvd.tif,https://plants.usda.gov/plant-profile/LYTE2,"USDA PLANTS, Britton & Brown 1913"
Lysimachia thyrsiflora,,,,https://plants.sc.egov.usda.gov/ImageLibrary/original/nath_001_pvd.tif,https://plants.usda.gov/plant-profile/LYTH2,"USDA PLANTS, Britton & Brown 1913"
Lysimachia vulgaris,,,,https://plants.sc.egov.usda.gov/ImageLibrary/original/lyvu_001_pvd.tif,https://plants.usda.gov/plant-profile/LYVU,"USDA PLANTS, Britton & Brown 1913"
Lythrum alatum,,,,https://plants.sc.egov.usda.gov/ImageLibrary/original/lyal4_001_pvd.tif,https://plants.usda.gov/plant-profile/LYAL4,"USDA PLANTS, Britton & Brown 1913"
Lythrum salicaria,,,,https://plants.sc.egov.usda.gov/ImageLibrary/original/lysa2_001_pvd.tif,https://plants.usda.gov/plant-profile/LYSA2,"USDA PLANTS, Britton & Brown 1913"
Maianthemum canadense,,,,https://plants.sc.egov.usda.gov/ImageLibrary/original/unca_001_pvd.tif,https://plants.usda.gov/plant-profile/MACA4,"USDA PLANTS, Britton & Brown 1913"
Maianthemum stellatum,,,,https://plants.sc.egov.usda.gov/ImageLibrary/original/vast4_001_pvd.tif,https://plants.usda.gov/plant-profile/MAST4,"USDA PLANTS, Britton & Brown 1913"
Malaxis unifolia,,,,https://plants.sc.egov.usda.gov/ImageLibrary/original/maun_001_pvd.tif,https://plants.usda.gov/plant-profile/MAUN,"USDA PLANTS, Britton & Brown 1913"
Matricaria discoidea,,,,https://plants.sc.egov.usda.gov/ImageLibrary/original/mama11_001_pvd.tif,https://plants.usda.gov/plant-profile/MADI6,"USDA PLANTS, Britton & Brown 1913"
Medeola virginiana,,,,https://plants.sc.egov.usda.gov/ImageLibrary/original/mevi_001_pvd.tif,https://plants.usda.gov/plant-profile/MEVI,"USDA PLANTS, Britton & Brown 1913"
Medicago lupulina,,,,https://plants.sc.egov.usda.gov/ImageLibrary/original/melu_001_pvd.tif,https://plants.usda.gov/plant-profile/MELU,"USDA PLANTS, Britton & Brown 1913"
Medicago sativa,,,,https://plants.sc.egov.usda.gov/ImageLibrary/original/mesa_001_pvd.tif,https://plants.usda.gov/plant-profile/MESA,"USDA PLANTS, Britton & Brown 1913"
Melampyrum lineare,,,,https://plants.sc.egov.usda.gov/ImageLibrary/original/meli2_001_pvd.tif,https://plants.usda.gov/plant-profile/MELI2,"USDA PLANTS, Britton & Brown 1913"
Melilotus officinalis,,,,https://plants.sc.egov.usda.gov/ImageLibrary/original/meal12_001_pvd.tif,https://plants.usda.gov/plant-profile/MEOF,"USDA PLANTS, Britton & Brown 1913"
Menispermum canadense,,,,https://plants.sc.egov.usda.gov/ImageLibrary/original/meca3_001_pvd.tif,https://plants.usda.gov/plant-profile/MECA3,"USDA PLANTS, Britton & Brown 1913"
Mentha canadensis,,,,https://plants.sc.egov.usda.gov/ImageLibrary/original/meca7_001_pvd.tif,https://plants.usda.gov/plant-profile/MECA7,"USDA PLANTS, Britton & Brown 1913"
Menyanthes trifoliata,,,,https://plants.sc.egov.usda.gov/ImageLibrary/original/metr3_001_pvd.tif,https://plants.usda.gov/plant-profile/METR3,"USDA PLANTS, Britton & Brown 1913"
Mertensia virginica,,,,https://plants.sc.egov.usda.gov/ImageLibrary/original/mevi3_001_pvd.tif,https://plants.usda.gov/plant-profile/MEVI3,"USDA PLANTS, Britton & Brown 1913"
Micranthes pensylvanica,,,,https://plants.sc.egov.usda.gov/ImageLibrary/original/mipe4_001_pvd.tif,https://plants.usda.gov/plant-profile/MIPE4,"USDA PLANTS, Britton & Brown 1913"
Micranthes virginiensis,,,,https://plants.sc.egov.usda.gov/ImageLibrary/original/mivi7_001_pvd.tif,https://plants.usda.gov/plant-profile/MIVI7,"USDA PLANTS, Britton & Brown 1913"
Mikania scandens,,,,https://plants.sc.egov.usda.gov/ImageLibrary/original/misc_001_pvd.tif,https://plants.usda.gov/plant-profile/MISC,"USDA PLANTS, Britton & Brown 1913"
Mimulus alatus,,,,https://plants.sc.egov.usda.gov/ImageLibrary/original/mial2_001_pvd.tif,https://plants.usda.gov/plant-profile/MIAL2,"USDA PLANTS, Britton & Brown 1913"
Mimulus ringens,,,,https://plants.sc.egov.usda.gov/ImageLibrary/original/miri_001_pvd.tif,https://plants.usda.gov/plant-profile/MIRI,"USDA PLANTS, Britton & Brown 1913"
Mirabilis albida,,,,https://plants.sc.egov.usda.gov/ImageLibrary/original/alal5_001_pvd.tif,https://plants.usda.gov/plant-profile/MIAL4,"USDA PLANTS, Britton & Brown 1913"
Mirabilis nyctaginea,,,,https://plants.sc.egov.usda.gov/ImageLibrary/original/alny_001_pvd.tif,https://plants.usda.gov/plant-profile/MINY,"USDA PLANTS, Britton & Brown 1913"
Mitchella repens,,,,https://plants.sc.egov.usda.gov/ImageLibrary/original/mire_001_pvd.tif,https://plants.usda.gov/plant-profile/MIRE,"USDA PLANTS, Britton & Brown 1913"
Mitella diphylla,,,,https://plants.sc.egov.usda.gov/ImageLibrary/original/midi3_001_pvd.tif,https://plants.usda.gov/plant-profile/MIDI3,"USDA PLANTS, Britton & Brown 1913"
Moehringia lateriflora,,,,https://plants.sc.egov.usda.gov/ImageLibrary/original/mola6_001_pvd.tif,https://plants.usda.gov/plant-profile/MOLA6,"USDA PLANTS, Britton & Brown 1913"
Mollugo verticillata,,,,https://plants.sc.egov.usda.gov/ImageLibrary/original/move_001_pvd.tif,https://plants.usda.gov/plant-profile/MOVE,"USDA PLANTS, Britton & Brown 1913"
Monarda fistulosa,,,,https://plants.sc.egov.usda.gov/ImageLibrary/original/mofi_001_pvd.tif,https://plants.usda.gov/plant-profile/MOFI,"USDA PLANTS, Britton & Brown 1913"
Monarda punctata,,,,https://plants.sc.egov.usda.gov/ImageLibrary/original/mopu_001_pvd.tif,https://plants.usda.gov/plant-profile/MOPU,"USDA PLANTS, Britton & Brown 1913"
Monotropa hypopitys,,,,https://plants.sc.egov.usda.gov/ImageLibrary/original/hyam5_001_pvd.tif,https://plants.usda.gov/plant-profile/MOHY3,"USDA PLANTS, Britton & Brown 1913"
Monotropa uniflora,,,,https://plants.sc.egov.usda.gov/ImageLibrary/original/moun3_001_pvd.tif,https://plants.usda.gov/plant-profile/MOUN3,"USDA PLANTS, Britton & Brown 1913"
Morus alba,,,,https://plants.sc.egov.usda.gov/ImageLibrary/original/moal_001_pvd.tif,https://plants.usda.gov/plant-profile/MOAL,"USDA PLANTS, Britton & Brown 1913"
Muscari botryoides,,,,https://plants.sc.egov.usda.gov/ImageLibrary/original/mubo_001_pvd.tif,https://plants.usda.gov/plant-profile/MUBO,"USDA PLANTS, Britton & Brown 1913"
Myosotis scorpioides,,,,https://plants.sc.egov.usda.gov/ImageLibrary/original/mysc_001_pvd.tif,https://plants.usda.gov/plant-profile/MYSC,"USDA PLANTS, Britton & Brown 1913"
Myosotis stricta,,,,https://plants.sc.egov.usda.gov/ImageLibrary/original/mymi_001_pvd.tif,https://plants.usda.gov/plant-profile/MYST2,"USDA PLANTS, Britton & Brown 1913"
Myriophyllum spicatum,,,,https://plants.sc.egov.usda.gov/ImageLibrary/original/mysp2_001_pvd.tif,https://plants.usda.gov/plant-profile/MYSP2,"USDA PLANTS, Britton & Brown 1913"
Nabalus albus,,,,https://plants.sc.egov.usda.gov/ImageLibrary/original/naal2_001_pvd.tif,https://plants.usda.gov/plant-profile/NAAL2,"USDA PLANTS, Britton & Brown 1913"
Napaea dioica,,,,https://plants.sc.egov.usda.gov/ImageLibrary/original/nadi2_001_pvd.tif,https://plants.usda.gov/plant-profile/NADI2,"USDA PLANTS, Britton & Brown 1913"
Nelumbo lutea,,,,https://plants.sc.egov.usda.gov/ImageLibrary/original/nelu_001_pvd.tif,https://plants.usda.gov/plant-profile/NELU,"USDA PLANTS, Britton & Brown 1913"
Nepeta cataria,,,,https://plants.sc.egov.usda.gov/ImageLibrary/original/neca2_001_pvd.tif,https://plants.usda.gov/plant-profile/NECA2,"USDA PLANTS, Britton & Brown 1913"
Oclemena acuminata,,,,https://plants.sc.egov.usda.gov/ImageLibrary/original/asac6_001_pvd.tif,https://plants.usda.gov/plant-profile/OCAC,"USDA PLANTS, Britton & Brown 1913"
Oenothera biennis,,,,https://plants.sc.egov.usda.gov/ImageLibrary/original/oebi_001_pvd.tif,https://plants.usda.gov/plant-profile/OEBI,"USDA PLANTS, Britton & Brown 1913"
Oenothera gaura,,,,https://plants.sc.egov.usda.gov/ImageLibrary/original/gabi2_001_pvd.tif,https://plants.usda.gov/plant-profile/OEGA,"USDA PLANTS, Britton & Brown 1913"
Opuntia fragilis,,,,https://plants.sc.egov.usda.gov/ImageLibrary/original/opfr_001_pvd.tif,https://plants.usda.gov/plant-profile/OPFR,"USDA PLANTS, Britton & Brown 1913"
Opuntia humifusa,,,,https://plants.sc.egov.usda.gov/ImageLibrary/original/ophu_001_pvd.tif,https://plants.usda.gov/plant-profile/OPHU,"USDA PLANTS, Britton & Brown 1913"
Ornithogalum umbellatum,,,,https://plants.sc.egov.usda.gov/ImageLibrary/original/orum_001_pvd.tif,https://plants.usda.gov/plant-profile/ORUM,"USDA PLANTS, Britton & Brown 1913"
Oryzopsis asperifolia,,,,https://plants.sc.egov.usda.gov/ImageLibrary/original/oras_001_pvd.tif,https://plants.usda.gov/plant-profile/ORAS,"USDA PLANTS, Britton & Brown 1913"
Osmorhiza claytonii,,,,https://plants.sc.egov.usda.gov/ImageLibrary/original/wacl_001_pvd.tif,https://plants.usda.gov/plant-profile/OSCL,"USDA PLANTS, Britton & Brown 1913"
Osmorhiza longistylis,,,,https://plants.sc.egov.usda.gov/ImageLibrary/original/walo2_001_pvd.tif,https://plants.usda.gov/plant-profile/OSLO,"USDA PLANTS, Britton & Brown 1913"
Ostrya virginiana,,,,https://plants.sc.egov.usda.gov/ImageLibrary/original/osvi_001_pvd.tif,https://plants.usda.gov/plant-profile/OSVI,"USDA PLANTS, Britton & Brown 1913"
Oxalis violacea,,,,https://plants.sc.egov.usda.gov/ImageLibrary/original/iovi_001_pvd.tif,https://plants.usda.gov/plant-profile/OXVI,"USDA PLANTS, Britton & Brown 1913"
Packera aurea,,,,https://plants.sc.egov.usda.gov/ImageLibrary/original/seau2_001_pvd.tif,https://plants.usda.gov/plant-profile/PAAU3,"USDA PLANTS, Britton & Brown 1913"
Packera plattensis,,,,https://plants.sc.egov.usda.gov/ImageLibrary/original/sepl_001_pvd.tif,https://plants.usda.gov/plant-profile/PAPL12,"USDA PLANTS, Britton & Brown 1913"
Panax trifolius,,,,https://plants.sc.egov.usda.gov/ImageLibrary/original/patr2_001_pvd.tif,https://plants.usda.gov/plant-profile/PATR2,"USDA PLANTS, Britton & Brown 1913"
Panicum virgatum,,,,https://plants.sc.egov.usda.gov/ImageLibrary/original/pavi2_001_pvd.tif,https://plants.usda.gov/plant-profile/PAVI2,"USDA PLANTS, Britton & Brown 1913"
Parthenium integrifolium,,,,https://plants.sc.egov.usda.gov/ImageLibrary/original/pain3_001_pvd.tif,https://plants.usda.gov/plant-profile/PAIN3,"USDA PLANTS, Britton & Brown 1913"
Pastinaca sativa,,,,https://plants.sc.egov.usda.gov/ImageLibrary/original/pasa2_001_phd.tif,https://plants.usda.gov/plant-profile/PASA2,"USDA PLANTS, Britton & Brown 1913"
Pedicularis canadensis,,,,https://plants.sc.egov.usda.gov/ImageLibrary/original/peca_001_pvd.tif,https://plants.usda.gov/plant-profile/PECA,"USDA PLANTS, Britton & Brown 1913"
Pedicularis lanceolata,,,,https://plants.sc.egov.usda.gov/ImageLibrary/original/pela2_001_pvd.tif,https://plants.usda.gov/plant-profile/PELA2,"USDA PLANTS, Britton & Brown 1913"
Penstemon digitalis,,,,https://plants.sc.egov.usda.gov/ImageLibrary/original/pedi_001_pvd.tif,https://plants.usda.gov/plant-profile/PEDI,"USDA PLANTS, Britton & Brown 1913"
Penstemon gracilis,,,,https://plants.sc.egov.usda.gov/ImageLibrary/original/pegr5_001_pvd.tif,https://plants.usda.gov/plant-profile/PEGR5,"USDA PLANTS, Britton & Brown 1913"
Penstemon grandiflorus,,,,https://plants.sc.egov.usda.gov/ImageLibrary/original/pegr7_001_pvd.tif,https://plants.usda.gov/plant-profile/PEGR7,"USDA PLANTS, Britton & Brown 1913"
Penthorum sedoides,,,,https://plants.sc.egov.usda.gov/ImageLibrary/original/pese6_001_pvd.tif,https://plants.usda.gov/plant-profile/PESE6,"USDA PLANTS, Britton & Brown 1913"
Persicaria amphibia,,,,https://plants.sc.egov.usda.gov/ImageLibrary/original/peam8_001_pvd.tif,https://plants.usda.gov/plant-profile/PEAM8,"USDA PLANTS, Britton & Brown 1913"
Persicaria hydropiper,,,,https://plants.sc.egov.usda.gov/ImageLibrary/original/pehy6_001_pvd.tif,https://plants.usda.gov/plant-profile/PEHY6,"USDA PLANTS, Britton & Brown 1913"
Persicaria lapathifolia,,,,https://plants.sc.egov.usda.gov/ImageLibrary/original/pela22_001_pvd.tif,https://plants.usda.gov/plant-profile/PELA22,"USDA PLANTS, Britton & Brown 1913"
Persicaria pensylvanica,,,,https://plants.sc.egov.usda.gov/ImageLibrary/original/pepe19_001_pvd.tif,https://plants.usda.gov/plant-profile/PEPE19,"USDA PLANTS, Britton & Brown 1913"
Persicaria punctata,,,,https://plants.sc.egov.usda.gov/ImageLibrary/original/pepu18_001_pvd.tif,https://plants.usda.gov/plant-profile/PEPU18,"USDA PLANTS, Britton & Brown 1913"
Phalaris arundinacea,,,,https://plants.sc.egov.usda.gov/ImageLibrary/original/phar3_001_pvd.tif,https://plants.usda.gov/plant-profile/PHAR3,"USDA PLANTS, Britton & Brown 1913"
Phleum pratense,,,,https://plants.sc.egov.usda.gov/ImageLibrary/original/phpr3_001_pvd.tif,https://plants.usda.gov/plant-profile/PHPR3,"USDA PLANTS, Britton & Brown 1913"
Phlox divaricata,,,,https://plants.sc.egov.usda.gov/ImageLibrary/original/phdi5_001_pvd.tif,https://plants.usda.gov/plant-profile/PHDI5,"USDA PLANTS, Britton & Brown 1913"
Phlox paniculata,,,,https://plants.sc.egov.usda.gov/ImageLibrary/original/phpa9_001_pvd.tif,https://plants.usda.gov/plant-profile/PHPA9,"USDA PLANTS, Britton & Brown 1913"
Phlox pilosa,,,,https://plants.sc.egov.usda.gov/ImageLibrary/original/phpi_001_pvd.tif,https://plants.usda.gov/plant-profile/PHPI,"USDA PLANTS, Britton & Brown 1913"
Phlox subulata,,,,https://plants.sc.egov.usda.gov/ImageLibrary/original/phsu3_001_pvd.tif,https://plants.usda.gov/plant-profile/PHSU3,"USDA PLANTS, Britton & Brown 1913"
Phragmites australis,,,,https://plants.sc.egov.usda.gov/ImageLibrary/original/phph4_001_pvd.tif,https://plants.usda.gov/plant-profile/PHAU7,"USDA PLANTS, Britton & Brown 1913"
Phryma leptostachya,,,,https://plants.sc.egov.usda.gov/ImageLibrary/original/phle5_001_pvd.tif,https://plants.usda.gov/plant-profile/PHLE5,"USDA PLANTS, Britton & Brown 1913"
Phyla lanceolata,,,,https://plants.sc.egov.usda.gov/ImageLibrary/original/lila10_001_pvd.tif,https://plants.usda.gov/plant-profile/PHLA3,"USDA PLANTS, Britton & Brown 1913"
Physalis heterophylla,,,,https://plants.sc.egov.usda.gov/ImageLibrary/original/phhe5_001_pvd.tif,https://plants.usda.gov/plant-profile/PHHE5,"USDA PLANTS, Britton & Brown 1913"
Physalis longifolia,,,,https://plants.sc.egov.usda.gov/ImageLibrary/original/phlo4_001_pvd.tif,https://plants.usda.gov/plant-profile/PHLO4,"USDA PLANTS, Britton & Brown 1913"
Physalis virginiana,,,,https://plants.sc.egov.usda.gov/ImageLibrary/original/phvi5_001_pvd.tif,https://plants.usda.gov/plant-profile/PHVI5,"USDA PLANTS, Britton & Brown 1913"
Phytolacca americana,,,,https://plants.sc.egov.usda.gov/ImageLibrary/original/pham4_001_pvd.tif,https://plants.usda.gov/plant-profile/PHAM4,"USDA PLANTS, Britton & Brown 1913"
Pilea pumila,,,,https://plants.sc.egov.usda.gov/ImageLibrary/original/pipu2_001_pvd.tif,https://plants.usda.gov/plant-profile/PIPU2,"USDA PLANTS, Britton & Brown 1913"
Plantago lanceolata,,,,https://plants.sc.egov.usda.gov/ImageLibrary/original/plla_001_pvd.tif,https://plants.usda.gov/plant-profile/PLLA,"USDA PLANTS, Britton & Brown 1913"
Plantago major,,,,https://plants.sc.egov.usda.gov/ImageLibrary/original/plma2_001_pvd.tif,https://plants.usda.gov/plant-profile/PLMA2,"USDA PLANTS, Britton & Brown 1913"
Plantago patagonica,,,,https://plants.sc.egov.usda.gov/ImageLibrary/original/plpu80_001_pvd.tif,https://plants.usda.gov/plant-profile/PLPA2,"USDA PLANTS, Britton & Brown 1913"
Plantago rugelii,,,,https://plants.sc.egov.usda.gov/ImageLibrary/original/plru_001_pvd.tif,https://plants.usda.gov/plant-profile/PLRU,"USDA PLANTS, Britton & Brown 1913"
Platanthera clavellata,,,,https://plants.sc.egov.usda.gov/ImageLibrary/original/gycl_001_pvd.tif,https://plants.usda.gov/plant-profile/PLCL,"USDA PLANTS, Britton & Brown 1913"
Platanthera lacera,,,,https://plants.sc.egov.usda.gov/ImageLibrary/original/blla2_001_pvd.tif,https://plants.usda.gov/plant-profile/PLLA2,"USDA PLANTS, Britton & Brown 1913"
Podophyllum peltatum,,,,https://plants.sc.egov.usda.gov/ImageLibrary/original/pope_001_pvd.tif,https://plants.usda.gov/plant-profile/POPE,"USDA PLANTS, Britton & Brown 1913"
Pogonia ophioglossoides,,,,https://plants.sc.egov.usda.gov/ImageLibrary/original/poop_001_pvd.tif,https://plants.usda.gov/plant-profile/POOP,"USDA PLANTS, Britton & Brown 1913"
Polemonium reptans,,,,https://plants.sc.egov.usda.gov/ImageLibrary/original/pore2_001_pvd.tif,https://plants.usda.gov/plant-profile/PORE2,"USDA PLANTS, Britton & Brown 1913"
Polygonatum biflorum,,,,https://plants.sc.egov.usda.gov/ImageLibrary/original/pobi2_001_pvd.tif,https://plants.usda.gov/plant-profile/POBI2,"USDA PLANTS, Britton & Brown 1913"
Polygonella articulata,,,,https://plants.sc.egov.usda.gov/ImageLibrary/original/poar4_001_pvd.tif,https://plants.usda.gov/plant-profile/POAR4,"USDA PLANTS, Britton & Brown 1913"
Pontederia cordata,,,,https://plants.sc.egov.usda.gov/ImageLibrary/original/poco14_001_pvd.tif,https://plants.usda.gov/plant-profile/POCO14,"USDA PLANTS, Britton & Brown 1913"
Populus deltoides,,,,https://plants.sc.egov.usda.gov/ImageLibrary/original/pode3_001_pvd.tif,https://plants.usda.gov/plant-profile/PODE3,"USDA PLANTS, Britton & Brown 1913"
Populus tremuloides,,,,https://plants.sc.egov.usda.gov/ImageLibrary/original/potr5_001_pvd.tif,https://plants.usda.gov/plant-profile/POTR5,"USDA PLANTS, Britton & Brown 1913"
Portulaca grandiflora,,,,https://plants.sc.egov.usda.gov/ImageLibrary/original/pogr7_001_pvd.tif,https://plants.usda.gov/plant-profile/POGR7,"USDA PLANTS, Britton & Brown 1913"
Portulaca oleracea,,,,https://plants.sc.egov.usda.gov/ImageLibrary/original/pool_001_pvd.tif,https://plants.usda.gov/plant-profile/POOL,"USDA PLANTS, Britton & Brown 1913"
Potamogeton amplifolius,,,,https://plants.sc.egov.usda.gov/ImageLibrary/original/poam5_001_pvd.tif,https://plants.usda.gov/plant-profile/POAM5,"USDA PLANTS, Britton & Brown 1913"
Potamogeton crispus,,,,https://plants.sc.egov.usda.gov/ImageLibrary/original/pocr3_001_pvd.tif,https://plants.usda.gov/plant-profile/POCR3,"USDA PLANTS, Britton & Brown 1913"
Potamogeton nodosus,,,,https://plants.sc.egov.usda.gov/ImageLibrary/original/poam11_001_pvd.tif,https://plants.usda.gov/plant-profile/PONO2,"USDA PLANTS, Britton & Brown 1913"
Potentilla argentea,,,,https://plants.sc.egov.usda.gov/ImageLibrary/original/poar8_001_pvd.tif,https://plants.usda.gov/plant-profile/POAR8,"USDA PLANTS, Britton & Brown 1913"
Potentilla canadensis,,,,https://plants.sc.egov.usda.gov/ImageLibrary/original/poca17_001_pvd.tif,https://plants.usda.gov/plant-profile/POCA17,"USDA PLANTS, Britton & Brown 1913"
Potentilla recta,,,,https://plants.sc.egov.usda.gov/ImageLibrary/original/pore5_001_pvd.tif,https://plants.usda.gov/plant-profile/PORE5,"USDA PLANTS, Britton & Brown 1913"
Potentilla simplex,,,,https://plants.sc.egov.usda.gov/ImageLibrary/original/posi2_001_pvd.tif,https://plants.usda.gov/plant-profile/POSI2,"USDA PLANTS, Britton & Brown 1913"
Prunella vulgaris,,,,https://plants.sc.egov.usda.gov/ImageLibrary/original/prvu_001_pvd.tif,https://plants.usda.gov/plant-profile/PRVU,"USDA PLANTS, Britton & Brown 1913"
Prunus americana,,,,https://plants.sc.egov.usda.gov/ImageLibrary/original/pram_001_pvd.tif,https://plants.usda.gov/plant-profile/PRAM,"USDA PLANTS, Britton & Brown 1913"
Ptelea trifoliata,,,,https://plants.sc.egov.usda.gov/ImageLibrary/original/pttr_001_pvd.tif,https://plants.usda.gov/plant-profile/PTTR,"USDA PLANTS, Britton & Brown 1913"
Pycnanthemum tenuifolium,,,,https://plants.sc.egov.usda.gov/ImageLibrary/original/kofl_001_pvd.tif,https://plants.usda.gov/plant-profile/PYTE,"USDA PLANTS, Britton & Brown 1913"
Pycnanthemum virginianum,,,,https://plants.sc.egov.usda.gov/ImageLibrary/original/kovi3_001_pvd.tif,https://plants.usda.gov/plant-profile/PYVI,"USDA PLANTS, Britton & Brown 1913"
Pyrola americana,,,,https://plants.sc.egov.usda.gov/ImageLibrary/original/pyam_001_pvd.tif,https://plants.usda.gov/plant-profile/PYAM,"USDA PLANTS, Britton & Brown 1913"
Pyrola elliptica,,,,https://plants.sc.egov.usda.gov/ImageLibrary/original/pyel_001_pvd.tif,https://plants.usda.gov/plant-profile/PYEL,"USDA PLANTS, Britton & Brown 1913"
Quercus ellipsoidalis,,,,https://plants.sc.egov.usda.gov/ImageLibrary/original/quel_001_pvd.tif,https://plants.usda.gov/plant-profile/QUEL,"USDA PLANTS, Britton & Brown 1913"
Quercus macrocarpa,,,,https://plants.sc.egov.usda.gov/ImageLibrary/original/quma2_001_pvd.tif,https://plants.usda.gov/plant-profile/QUMA2,"USDA PLANTS, Britton & Brown 1913"
Quercus rubra,,,,https://plants.sc.egov.usda.gov/ImageLibrary/original/quru_001_pvd.tif,https://plants.usda.gov/plant-profile/QURU,"USDA PLANTS, Britton & Brown 1913"
Ranunculus abortivus,,,,https://plants.sc.egov.usda.gov/ImageLibrary/original/raab_001_pvd.tif,https://plants.usda.gov/plant-profile/RAAB,"USDA PLANTS, Britton & Brown 1913"
Ranunculus acris,,,,https://plants.sc.egov.usda.gov/ImageLibrary/original/raac3_001_pvd.tif,https://plants.usda.gov/plant-profile/RAAC3,"USDA PLANTS, Britton & Brown 1913"
Ranunculus pensylvanicus,,,,https://plants.sc.egov.usda.gov/ImageLibrary/original/rape2_001_pvd.tif,https://plants.usda.gov/plant-profile/RAPE2,"USDA PLANTS, Britton & Brown 1913"
Ranunculus recurvatus,,,,https://plants.sc.egov.usda.gov/ImageLibrary/original/rare2_001_pvd.tif,https://plants.usda.gov/plant-profile/RARE2,"USDA PLANTS, Britton & Brown 1913"
Ranunculus sceleratus,,,,https://plants.sc.egov.usda.gov/ImageLibrary/original/rasc3_001_pvd.tif,https://plants.usda.gov/plant-profile/RASC3,"USDA PLANTS, Britton & Brown 1913"
Ratibida columnifera,,,,https://plants.sc.egov.usda.gov/ImageLibrary/original/raco7_001_pvd.tif,https://plants.usda.gov/plant-profile/RACO3,"USDA PLANTS, Britton & Brown 1913"
Ratibida pinnata,,,,https://plants.sc.egov.usda.gov/ImageLibrary/original/rapi_001_pvd.tif,https://plants.usda.gov/plant-profile/RAPI,"USDA PLANTS, Britton & Brown 1913"
Rhamnus cathartica,,,,https://plants.sc.egov.usda.gov/ImageLibrary/original/rhca3_001_pvd.tif,https://plants.usda.gov/plant-profile/RHCA3,"USDA PLANTS, Britton & Brown 1913"
Rhexia virginica,,,,https://plants.sc.egov.usda.gov/ImageLibrary/original/rhvi_001_pvd.tif,https://plants.usda.gov/plant-profile/RHVI,"USDA PLANTS, Britton & Brown 1913"
Rhododendron maximum,,,,https://plants.sc.egov.usda.gov/ImageLibrary/original/rhma4_001_pvd.tif,https://plants.usda.gov/plant-profile/RHMA4,"USDA PLANTS, Britton & Brown 1913"
Rhododendron periclymenoides,,,,https://plants.sc.egov.usda.gov/ImageLibrary/original/aznu_001_pvd.tif,https://plants.usda.gov/plant-profile/RHPE4,"USDA PLANTS, Britton & Brown 1913"
Rhododendron viscosum,,,,https://plants.sc.egov.usda.gov/ImageLibrary/original/azvi_001_pvd.tif,https://plants.usda.gov/plant-profile/RHVI2,"USDA PLANTS, Britton & Brown 1913"
Rhus copallinum,,,,https://plants.sc.egov.usda.gov/ImageLibrary/original/rhco_001_pvd.tif,https://plants.usda.gov/plant-profile/RHCO,"USDA PLANTS, Britton & Brown 1913"
Rhus glabra,,,,https://plants.sc.egov.usda.gov/ImageLibrary/original/rhgl_001_pvd.tif,https://plants.usda.gov/plant-profile/RHGL,"USDA PLANTS, Britton & Brown 1913"
Rhus typhina,,,,https://plants.sc.egov.usda.gov/ImageLibrary/original/rhhi2_001_pvd.tif,https://plants.usda.gov/plant-profile/RHTY,"USDA PLANTS, Britton & Brown 1913"
Ribes americanum,,,,https://plants.sc.egov.usda.gov/ImageLibrary/original/riam2_001_pvd.tif,https://plants.usda.gov/plant-profile/RIAM2,"USDA PLANTS, Britton & Brown 1913"
Ribes cynosbati,,,,https://plants.sc.egov.usda.gov/ImageLibrary/original/grcy_001_pvd.tif,https://plants.usda.gov/plant-profile/RICY,"USDA PLANTS, Britton & Brown 1913"
Ribes missouriense,,,,https://plants.sc.egov.usda.gov/ImageLibrary/original/grmi2_001_pvd.tif,https://plants.usda.gov/plant-profile/RIMI,"USDA PLANTS, Britton & Brown 1913"
Ribes rubrum,,,,https://plants.sc.egov.usda.gov/ImageLibrary/original/rivu_001_pvd.tif,https://plants.usda.gov/plant-profile/RIRU80,"USDA PLANTS, Britton & Brown 1913"
Robinia hispida,,,,https://plants.sc.egov.usda.gov/ImageLibrary/original/rohi_001_pvd.tif,https://plants.usda.gov/plant-profile/ROHI,"USDA PLANTS, Britton & Brown 1913"
Robinia pseudoacacia,,,,https://plants.sc.egov.usda.gov/ImageLibrary/original/rops_001_pvd.tif,https://plants.usda.gov/plant-profile/ROPS,"USDA PLANTS, Britton & Brown 1913"
Rosa blanda,,,,https://plants.sc.egov.usda.gov/ImageLibrary/original/robl_001_pvd.tif,https://plants.usda.gov/plant-profile/ROBL,"USDA PLANTS, Britton & Brown 1913"
Rosa carolina,,,,https://plants.sc.egov.usda.gov/ImageLibrary/original/roca4_001_pvd.tif,https://plants.usda.gov/plant-profile/ROCA4,"USDA PLANTS, Britton & Brown 1913"
Rubus allegheniensis,,,,https://plants.sc.egov.usda.gov/ImageLibrary/original/rual_001_pvd.tif,https://plants.usda.gov/plant-profile/RUAL,"USDA PLANTS, Britton & Brown 1913"
Rubus frondosus,,,,https://plants.sc.egov.usda.gov/ImageLibrary/original/rufr4_001_pvd.tif,https://plants.usda.gov/plant-profile/RUFR4,"USDA PLANTS, Britton & Brown 1913"
Rubus hispidus,,,,https://plants.sc.egov.usda.gov/ImageLibrary/original/ruhi_001_pvd.tif,https://plants.usda.gov/plant-profile/RUHI,"USDA PLANTS, Britton & Brown 1913"
Rubus occidentalis,,,,https://plants.sc.egov.usda.gov/ImageLibrary/original/ruoc_001_pvd.tif,https://plants.usda.gov/plant-profile/RUOC,"USDA PLANTS, Britton & Brown 1913"
Rubus odoratus,,,,https://plants.sc.egov.usda.gov/ImageLibrary/original/ruod_001_pvd.tif,https://plants.usda.gov/plant-profile/RUOD,"USDA PLANTS, Britton & Brown 1913"
Rubus parviflorus,,,,https://plants.sc.egov.usda.gov/ImageLibrary/original/rupa_001_pvd.tif,https://plants.usda.gov/plant-profile/RUPA,"USDA PLANTS, Britton & Brown 1913"
Rudbeckia fulgida,,,,https://plants.sc.egov.usda.gov/ImageLibrary/original/rufu2_001_pvd.tif,https://plants.usda.gov/plant-profile/RUFU2,"USDA PLANTS, Britton & Brown 1913"
Rudbeckia hirta,,,,https://plants.sc.egov.usda.gov/ImageLibrary/original/ruhi2_001_pvd.tif,https://plants.usda.gov/plant-profile/RUHI2,"USDA PLANTS, Britton & Brown 1913"
Rudbeckia laciniata,,,,https://plants.sc.egov.usda.gov/ImageLibrary/original/rula3_001_pvd.tif,https://plants.usda.gov/plant-profile/RULA3,"USDA PLANTS, Britton & Brown 1913"
Rudbeckia subtomentosa,,,,https://plants.sc.egov.usda.gov/ImageLibrary/original/rusu_001_pvd.tif,https://plants.usda.gov/plant-profile/RUSU,"USDA PLANTS, Britton & Brown 1913"
Rudbeckia triloba,,,,https://plants.sc.egov.usda.gov/ImageLibrary/original/rutr2_001_pvd.tif,https://plants.usda.gov/plant-profile/RUTR2,"USDA PLANTS, Britton & Brown 1913"
Rumex acetosella,,,,https://plants.sc.egov.usda.gov/ImageLibrary/original/ruac3_001_pvd.tif,https://plants.usda.gov/plant-profile/RUAC3,"USDA PLANTS, Britton & Brown 1913"
Rumex crispus,,,,https://plants.sc.egov.usda.gov/ImageLibrary/original/rucr_001_pvd.tif,https://plants.usda.gov/plant-profile/RUCR,"USDA PLANTS, Britton & Brown 1913"
Sagittaria cristata,,,,https://plants.sc.egov.usda.gov/ImageLibrary/original/sacr4_001_pvd.tif,https://plants.usda.gov/plant-profile/SACR4,"USDA PLANTS, Britton & Brown 1913"
Sagittaria latifolia,,,,https://plants.sc.egov.usda.gov/ImageLibrary/original/sala2_001_pvd.tif,https://plants.usda.gov/plant-profile/SALA2,"USDA PLANTS, Britton & Brown 1913"
Sagittaria rigida,,,,https://plants.sc.egov.usda.gov/ImageLibrary/original/sari_001_pvd.tif,https://plants.usda.gov/plant-profile/SARI,"USDA PLANTS, Britton & Brown 1913"
Salix discolor,,,,https://plants.sc.egov.usda.gov/ImageLibrary/original/sadi_001_pvd.tif,https://plants.usda.gov/plant-profile/SADI,"USDA PLANTS, Britton & Brown 1913"
Salix humilis,,,,https://plants.sc.egov.usda.gov/ImageLibrary/original/sahu2_001_pvd.tif,https://plants.usda.gov/plant-profile/SAHU2,"USDA PLANTS, Britton & Brown 1913"
Salix interior,,,,https://plants.sc.egov.usda.gov/ImageLibrary/original/sain3_001_pvd.tif,https://plants.usda.gov/plant-profile/SAIN3,"USDA PLANTS, Britton & Brown 1913"
Sambucus canadensis,,,,https://plants.sc.egov.usda.gov/ImageLibrary/original/saca12_001_pvd.tif,https://plants.usda.gov/plant-profile/SACA12,"USDA PLANTS, Britton & Brown 1913"
Sambucus racemosa,,,,https://plants.sc.egov.usda.gov/ImageLibrary/original/sara2_001_pvd.tif,https://plants.usda.gov/plant-profile/SARA2,"USDA PLANTS, Britton & Brown 1913"
Sanguinaria canadensis,,,,https://plants.sc.egov.usda.gov/ImageLibrary/original/saca13_001_pvd.tif,https://plants.usda.gov/plant-profile/SACA13,"USDA PLANTS, Britton & Brown 1913"
Saponaria officinalis,,,,https://plants.sc.egov.usda.gov/ImageLibrary/original/saof4_001_pvd.tif,https://plants.usda.gov/plant-profile/SAOF4,"USDA PLANTS, Britton & Brown 1913"
Sassafras albidum,,,,https://plants.sc.egov.usda.gov/ImageLibrary/original/sasa17_001_pvd.tif,https://plants.usda.gov/plant-profile/SAAL5,"USDA PLANTS, Britton & Brown 1913"
Scheuchzeria palustris,,,,https://plants.sc.egov.usda.gov/ImageLibrary/original/scpa2_001_pvd.tif,https://plants.usda.gov/plant-profile/SCPA2,"USDA PLANTS, Britton & Brown 1913"
Schizachyrium scoparium,,,,https://plants.sc.egov.usda.gov/ImageLibrary/original/scsc_001_pvd.tif,https://plants.usda.gov/plant-profile/SCSC,"USDA PLANTS, Britton & Brown 1913"
Schoenoplectus tabernaemontani,,,,https://plants.sc.egov.usda.gov/ImageLibrary/original/scva_001_pvd.tif,https://plants.usda.gov/plant-profile/SCTA2,"USDA PLANTS, Britton & Brown 1913"
Scrophularia lanceolata,,,,https://plants.sc.egov.usda.gov/ImageLibrary/original/scla_001_pvd.tif,https://plants.usda.gov/plant-profile/SCLA,"USDA PLANTS, Britton & Brown 1913"
Scrophularia marilandica,,,,https://plants.sc.egov.usda.gov/ImageLibrary/original/scma2_001_pvd.tif,https://plants.usda.gov/plant-profile/SCMA2,"USDA PLANTS, Britton & Brown 1913"
Scutellaria galericulata,,,,https://plants.sc.egov.usda.gov/ImageLibrary/original/scga_001_pvd.tif,https://plants.usda.gov/plant-profile/SCGA,"USDA PLANTS, Britton & Brown 1913"
Scutellaria lateriflora,,,,https://plants.sc.egov.usda.gov/ImageLibrary/original/scla2_001_pvd.tif,https://plants.usda.gov/plant-profile/SCLA2,"USDA PLANTS, Britton & Brown 1913"
Securigera varia,,,,https://plants.sc.egov.usda.gov/ImageLibrary/original/cova2_001_pvd.tif,https://plants.usda.gov/plant-profile/SEVA4,"USDA PLANTS, Britton & Brown 1913"
Sericocarpus asteroides,,,,https://plants.sc.egov.usda.gov/ImageLibrary/original/seas3_001_pvd.tif,https://plants.usda.gov/plant-profile/SEAS3,"USDA PLANTS, Britton & Brown 1913"
Sicyos angulatus,,,,https://plants.sc.egov.usda.gov/ImageLibrary/original/sian_001_pvd.tif,https://plants.usda.gov/plant-profile/SIAN,"USDA PLANTS, Britton & Brown 1913"
Silene antirrhina,,,,https://plants.sc.egov.usda.gov/ImageLibrary/original/sian2_001_pvd.tif,https://plants.usda.gov/plant-profile/SIAN2,"USDA PLANTS, Britton & Brown 1913"
Silene latifolia,,,,https://plants.sc.egov.usda.gov/ImageLibrary/original/sila16_001_pvd.tif,https://plants.usda.gov/plant-profile/SILA16,"USDA PLANTS, Britton & Brown 1913"
Silene regia,,,,https://plants.sc.egov.usda.gov/ImageLibrary/original/sire2_001_pvd.tif,https://plants.usda.gov/plant-profile/SIRE2,"USDA PLANTS, Britton & Brown 1913"
Silene stellata,,,,https://plants.sc.egov.usda.gov/ImageLibrary/original/sist_001_pvd.tif,https://plants.usda.gov/plant-profile/SIST,"USDA PLANTS, Britton & Brown 1913"
Silene vulgaris,,,,https://plants.sc.egov.usda.gov/ImageLibrary/original/sila16_001_pvd.tif,https://plants.usda.gov/plant-profile/SIVU,"USDA PLANTS, Britton & Brown 1913"
Silphium integrifolium,,,,https://plants.sc.egov.usda.gov/ImageLibrary/original/siin2_001_pvd.tif,https://plants.usda.gov/plant-profile/SIIN2,"USDA PLANTS, Britton & Brown 1913"
Silphium laciniatum,,,,https://plants.sc.egov.usda.gov/ImageLibrary/original/sila3_001_pvd.tif,https://plants.usda.gov/plant-profile/SILA3,"USDA PLANTS, Britton & Brown 1913"
Silphium perfoliatum,,,,https://plants.sc.egov.usda.gov/ImageLibrary/original/sipe2_001_pvd.tif,https://plants.usda.gov/plant-profile/SIPE2,"USDA PLANTS, Britton & Brown 1913"
Sisymbrium altissimum,,,,https://plants.sc.egov.usda.gov/ImageLibrary/original/noal3_001_pvd.tif,https://plants.usda.gov/plant-profile/SIAL2,"USDA PLANTS, Britton & Brown 1913"
Sisyrinchium campestre,,,,https://plants.sc.egov.usda.gov/ImageLibrary/original/sica9_001_pvd.tif,https://plants.usda.gov/plant-profile/SICA9,"USDA PLANTS, Britton & Brown 1913"
Sium suave,,,,https://plants.sc.egov.usda.gov/ImageLibrary/original/sici2_001_phd.tif,https://plants.usda.gov/plant-profile/SISU2,"USDA PLANTS, Britton & Brown 1913"
Smilax glauca,,,,https://plants.sc.egov.usda.gov/ImageLibrary/original/smgl_001_pvd.tif,https://plants.usda.gov/plant-profile/SMGL,"USDA PLANTS, Britton & Brown 1913"
Smilax herbacea,,,,https://plants.sc.egov.usda.gov/ImageLibrary/original/smhe_001_pvd.tif,https://plants.usda.gov/plant-profile/SMHE,"USDA PLANTS, Britton & Brown 1913"
Smilax rotundifolia,,,,https://plants.sc.egov.usda.gov/ImageLibrary/original/smro_001_pvd.tif,https://plants.usda.gov/plant-profile/SMRO,"USDA PLANTS, Britton & Brown 1913"
Solanum carolinense,,,,https://plants.sc.egov.usda.gov/ImageLibrary/original/soca3_001_pvd.tif,https://plants.usda.gov/plant-profile/SOCA3,"USDA PLANTS, Britton & Brown 1913"
Solanum dulcamara,,,,https://plants.sc.egov.usda.gov/ImageLibrary/original/sodu_001_pvd.tif,https://plants.usda.gov/plant-profile/SODU,"USDA PLANTS, Britton & Brown 1913"
Solanum rostratum,,,,https://plants.sc.egov.usda.gov/ImageLibrary/original/soro_001_pvd.tif,https://plants.usda.gov/plant-profile/SORO,"USDA PLANTS, Britton & Brown 1913"
Solidago altissima,,,,https://plants.sc.egov.usda.gov/ImageLibrary/original/soal6_001_pvd.tif,https://plants.usda.gov/plant-profile/SOAL6,"USDA PLANTS, Britton & Brown 1913"
Solidago bicolor,,,,https://plants.sc.egov.usda.gov/ImageLibrary/original/sobi_001_pvd.tif,https://plants.usda.gov/plant-profile/SOBI,"USDA PLANTS, Britton & Brown 1913"
Solidago caesia,,,,https://plants.sc.egov.usda.gov/ImageLibrary/original/soca4_001_pvd.tif,https://plants.usda.gov/plant-profile/SOCA4,"USDA PLANTS, Britton & Brown 1913"
Solidago canadensis,,,,https://plants.sc.egov.usda.gov/ImageLibrary/original/soca6_001_pvd.tif,https://plants.usda.gov/plant-profile/SOCA6,"USDA PLANTS, Britton & Brown 1913"
Solidago flexicaulis,,,,https://plants.sc.egov.usda.gov/ImageLibrary/original/sofl2_001_pvd.tif,https://plants.usda.gov/plant-profile/SOFL2,"USDA PLANTS, Britton & Brown 1913"
Solidago gigantea,,,,https://plants.sc.egov.usda.gov/ImageLibrary/original/sose10_001_pvd.tif,https://plants.usda.gov/plant-profile/SOGI,"USDA PLANTS, Britton & Brown 1913"
Solidago hispida,,,,https://plants.sc.egov.usda.gov/ImageLibrary/original/sohi_001_pvd.tif,https://plants.usda.gov/plant-profile/SOHI,"USDA PLANTS, Britton & Brown 1913"
Solidago juncea,,,,https://plants.sc.egov.usda.gov/ImageLibrary/original/soju_001_pvd.tif,https://plants.usda.gov/plant-profile/SOJU,"USDA PLANTS, Britton & Brown 1913"
Solidago nemoralis,,,,https://plants.sc.egov.usda.gov/ImageLibrary/original/sone_001_pvd.tif,https://plants.usda.gov/plant-profile/SONE,"USDA PLANTS, Britton & Brown 1913"
Solidago riddellii,,,,https://plants.sc.egov.usda.gov/ImageLibrary/original/sori_001_pvd.tif,https://plants.usda.gov/plant-profile/SORI,"USDA PLANTS, Britton & Brown 1913"
Solidago rigida,,,,https://plants.sc.egov.usda.gov/ImageLibrary/original/sori2_001_pvd.tif,https://plants.usda.gov/plant-profile/SORI2,"USDA PLANTS, Britton & Brown 1913"
Solidago rugosa,,,,https://plants.sc.egov.usda.gov/ImageLibrary/original/soru2_001_pvd.tif,https://plants.usda.gov/plant-profile/SORU2,"USDA PLANTS, Britton & Brown 1913"
Sorbaria sorbifolia,,,,https://plants.sc.egov.usda.gov/ImageLibrary/original/scso_001_pvd.tif,https://plants.usda.gov/plant-profile/SOSO2,"USDA PLANTS, Britton & Brown 1913"
Sorghastrum nutans,,,,https://plants.sc.egov.usda.gov/ImageLibrary/original/sonu2_001_pvd.tif,https://plants.usda.gov/plant-profile/SONU2,"USDA PLANTS, Britton & Brown 1913"
Sparganium eurycarpum,,,,https://plants.sc.egov.usda.gov/ImageLibrary/original/speu_001_pvd.tif,https://plants.usda.gov/plant-profile/SPEU,"USDA PLANTS, Britton & Brown 1913"
Spergularia rubra,,,,https://plants.sc.egov.usda.gov/ImageLibrary/original/tiru_001_pvd.tif,https://plants.usda.gov/plant-profile/SPRU,"USDA PLANTS, Britton & Brown 1913"
Spiraea alba,,,,https://plants.sc.egov.usda.gov/ImageLibrary/original/spal2_001_pvd.tif,https://plants.usda.gov/plant-profile/SPAL2,"USDA PLANTS, Britton & Brown 1913"
Spiraea japonica,,,,https://plants.sc.egov.usda.gov/ImageLibrary/original/spja_001_pvd.tif,https://plants.usda.gov/plant-profile/SPJA,"USDA PLANTS, Britton & Brown 1913"
Spiraea tomentosa,,,,https://plants.sc.egov.usda.gov/ImageLibrary/original/spto2_001_pvd.tif,https://plants.usda.gov/plant-profile/SPTO2,"USDA PLANTS, Britton & Brown 1913"
Sporobolus cryptandrus,,,,https://plants.sc.egov.usda.gov/ImageLibrary/original/spcr_001_pvd.tif,https://plants.usda.gov/plant-profile/SPCR,"USDA PLANTS, Britton & Brown 1913"
Stachys tenuifolia,,,,https://plants.sc.egov.usda.gov/ImageLibrary/original/stte_001_pvd.tif,https://plants.usda.gov/plant-profile/STTE,"USDA PLANTS, Britton & Brown 1913"
Staphylea trifolia,,,,https://plants.sc.egov.usda.gov/ImageLibrary/original/sttr_001_pvd.tif,https://plants.usda.gov/plant-profile/STTR,"USDA PLANTS, Britton & Brown 1913"
Strophostyles helvola,,,,https://plants.sc.egov.usda.gov/ImageLibrary/original/sthe4_001_pvd.tif,https://plants.usda.gov/plant-profile/STHE9,"USDA PLANTS, Britton & Brown 1913"
Strophostyles leiosperma,,,,https://plants.sc.egov.usda.gov/ImageLibrary/original/stpa15_001_pvd.tif,https://plants.usda.gov/plant-profile/STLE6,"USDA PLANTS, Britton & Brown 1913"
Symphoricarpos occidentalis,,,,https://plants.sc.egov.usda.gov/ImageLibrary/original/syoc_001_pvd.tif,https://plants.usda.gov/plant-profile/SYOC,"USDA PLANTS, Britton & Brown 1913"
Symphyotrichum cordifolium,,,,https://plants.sc.egov.usda.gov/ImageLibrary/original/asco4_001_pvd.tif,https://plants.usda.gov/plant-profile/SYCO4,"USDA PLANTS, Britton & Brown 1913"
Symphyotrichum novae-angliae,,,,https://plants.sc.egov.usda.gov/ImageLibrary/original/asno_001_pvd.tif,https://plants.usda.gov/plant-profile/SYNO2,"USDA PLANTS, Britton & Brown 1913"
Symphyotrichum oblongifolium,,,,https://plants.sc.egov.usda.gov/ImageLibrary/original/asob2_001_pvd.tif,https://plants.usda.gov/plant-profile/SYOB,"USDA PLANTS, Britton & Brown 1913"
Symphyotrichum prenanthoides,,,,https://plants.sc.egov.usda.gov/ImageLibrary/original/aspr4_001_pvd.tif,https://plants.usda.gov/plant-profile/SYPR6,"USDA PLANTS, Britton & Brown 1913"
Symphyotrichum sericeum,,,,https://plants.sc.egov.usda.gov/ImageLibrary/original/asse2_001_pvd.tif,https://plants.usda.gov/plant-profile/SYSE2,"USDA PLANTS, Britton & Brown 1913"
Symphyotrichum undulatum,,,,https://plants.sc.egov.usda.gov/ImageLibrary/original/asun2_001_pvd.tif,https://plants.usda.gov/plant-profile/SYUN,"USDA PLANTS, Britton & Brown 1913"
Symplocarpus foetidus,,,,https://plants.sc.egov.usda.gov/ImageLibrary/original/spfo2_001_pvd.tif,https://plants.usda.gov/plant-profile/SYFO,"USDA PLANTS, Britton & Brown 1913"
Syringa vulgaris,,,,https://plants.sc.egov.usda.gov/ImageLibrary/original/syvu_001_pvd.tif,https://plants.usda.gov/plant-profile/SYVU,"USDA PLANTS, Britton & Brown 1913"
Tanacetum parthenium,,,,https://plants.sc.egov.usda.gov/ImageLibrary/original/chpa33_001_pvd.tif,https://plants.usda.gov/plant-profile/TAPA6,"USDA PLANTS, Britton & Brown 1913"
Tanacetum vulgare,,,,https://plants.sc.egov.usda.gov/ImageLibrary/original/tavu_001_pvd.tif,https://plants.usda.gov/plant-profile/TAVU,"USDA PLANTS, Britton & Brown 1913"
Teucrium canadense,,,,https://plants.sc.egov.usda.gov/ImageLibrary/original/teca3_001_pvd.tif,https://plants.usda.gov/plant-profile/TECA3,"USDA PLANTS, Britton & Brown 1913"
Thalictrum dasycarpum,,,,https://plants.sc.egov.usda.gov/ImageLibrary/original/thda_001_pvd.tif,https://plants.usda.gov/plant-profile/THDA,"USDA PLANTS, Britton & Brown 1913"
Thalictrum dioicum,,,,https://plants.sc.egov.usda.gov/ImageLibrary/original/thdi_001_pvd.tif,https://plants.usda.gov/plant-profile/THDI,"USDA PLANTS, Britton & Brown 1913"
Thalictrum pubescens,,,,https://plants.sc.egov.usda.gov/ImageLibrary/original/thpo8_001_pvd.tif,https://plants.usda.gov/plant-profile/THPU2,"USDA PLANTS, Britton & Brown 1913"
Thalictrum thalictroides,,,,https://plants.sc.egov.usda.gov/ImageLibrary/original/syth_001_pvd.tif,https://plants.usda.gov/plant-profile/THTH2,"USDA PLANTS, Britton & Brown 1913"
Thlaspi arvense,,,,https://plants.sc.egov.usda.gov/ImageLibrary/original/thar5_001_pvd.tif,https://plants.usda.gov/plant-profile/THAR5,"USDA PLANTS, Britton & Brown 1913"
Tilia americana,,,,https://plants.sc.egov.usda.gov/ImageLibrary/original/tiam_001_pvd.tif,https://plants.usda.gov/plant-profile/TIAM,"USDA PLANTS, Britton & Brown 1913"
Torilis japonica,,,,https://plants.sc.egov.usda.gov/ImageLibrary/original/toja_001_pvd.tif,https://plants.usda.gov/plant-profile/TOJA,"USDA PLANTS, Britton & Brown 1913"
Toxicodendron radicans,,,,https://plants.sc.egov.usda.gov/ImageLibrary/original/tora2_001_pvd.tif,https://plants.usda.gov/plant-profile/TORA2,"USDA PLANTS, Britton & Brown 1913"
Toxicodendron vernix,,,,https://plants.sc.egov.usda.gov/ImageLibrary/original/tove_001_pvd.tif,https://plants.usda.gov/plant-profile/TOVE,"USDA PLANTS, Britton & Brown 1913"
Tradescantia bracteata,,,,https://plants.sc.egov.usda.gov/ImageLibrary/original/trbr_001_pvd.tif,https://plants.usda.gov/plant-profile/TRBR,"USDA PLANTS, Britton & Brown 1913"
Tradescantia occidentalis,,,,https://plants.sc.egov.usda.gov/ImageLibrary/original/troc_001_pvd.tif,https://plants.usda.gov/plant-profile/TROC,"USDA PLANTS, Britton & Brown 1913"
Tradescantia ohiensis,,,,https://plants.sc.egov.usda.gov/ImageLibrary/original/trre7_001_pvd.tif,https://plants.usda.gov/plant-profile/TROH,"USDA PLANTS, Britton & Brown 1913"
Tragopogon pratensis,,,,https://plants.sc.egov.usda.gov/ImageLibrary/original/trpr_001_pvd.tif,https://plants.usda.gov/plant-profile/TRPR,"USDA PLANTS, Britton & Brown 1913"
Trichostema dichotomum,,,,https://plants.sc.egov.usda.gov/ImageLibrary/original/trdi2_001_pvd.tif,https://plants.usda.gov/plant-profile/TRDI2,"USDA PLANTS, Britton & Brown 1913"
Trifolium arvense,,,,https://plants.sc.egov.usda.gov/ImageLibrary/original/trar4_001_pvd.tif,https://plants.usda.gov/plant-profile/TRAR4,"USDA PLANTS, Britton & Brown 1913"
Trifolium aureum,,,,https://plants.sc.egov.usda.gov/ImageLibrary/original/trag_001_pvd.tif,https://plants.usda.gov/plant-profile/TRAU2,"USDA PLANTS, Britton & Brown 1913"
Trifolium campestre,,,,https://plants.sc.egov.usda.gov/ImageLibrary/original/trpr7_001_pvd.tif,https://plants.usda.gov/plant-profile/TRCA5,"USDA PLANTS, Britton & Brown 1913"
Trifolium dubium,,,,https://plants.sc.egov.usda.gov/ImageLibrary/original/trdu2_001_pvd.tif,https://plants.usda.gov/plant-profile/TRDU2,"USDA PLANTS, Britton & Brown 1913"
Trifolium hybridum,,,,https://plants.sc.egov.usda.gov/ImageLibrary/original/trhy_001_pvd.tif,https://plants.usda.gov/plant-profile/TRHY,"USDA PLANTS, Britton & Brown 1913"
Trifolium pratense,,,,https://plants.sc.egov.usda.gov/ImageLibrary/original/trpr2_001_pvd.tif,https://plants.usda.gov/plant-profile/TRPR2,"USDA PLANTS, Britton & Brown 1913"
Trifolium repens,,,,https://plants.sc.egov.usda.gov/ImageLibrary/original/trre3_001_pvd.tif,https://plants.usda.gov/plant-profile/TRRE3,"USDA PLANTS, Britton & Brown 1913"
Trillium cernuum,,,,https://plants.sc.egov.usda.gov/ImageLibrary/original/trce_001_pvd.tif,https://plants.usda.gov/plant-profile/TRCE,"USDA PLANTS, Britton & Brown 1913"
Trillium erectum,,,,https://plants.sc.egov.usda.gov/ImageLibrary/original/trer3_001_pvd.tif,https://plants.usda.gov/plant-profile/TRER3,"USDA PLANTS, Britton & Brown 1913"
Trillium flexipes,,,,https://plants.sc.egov.usda.gov/ImageLibrary/original/trde6_001_pvd.tif,https://plants.usda.gov/plant-profile/TRFL6,"USDA PLANTS, Britton & Brown 1913"
Trillium grandiflorum,,,,https://plants.sc.egov.usda.gov/ImageLibrary/original/trgr4_001_pvd.tif,https://plants.usda.gov/plant-profile/TRGR4,"USDA PLANTS, Britton & Brown 1913"
Trillium nivale,,,,https://plants.sc.egov.usda.gov/ImageLibrary/original/trni2_001_pvd.tif,https://plants.usda.gov/plant-profile/TRNI2,"USDA PLANTS, Britton & Brown 1913"
Triodanis perfoliata,,,,https://plants.sc.egov.usda.gov/ImageLibrary/original/sppe5_001_pvd.tif,https://plants.usda.gov/plant-profile/TRPE4,"USDA PLANTS, Britton & Brown 1913"
Triosteum aurantiacum,,,,https://plants.sc.egov.usda.gov/ImageLibrary/original/trau4_001_pvd.tif,https://plants.usda.gov/plant-profile/TRAU4,"USDA PLANTS, Britton & Brown 1913"
Triosteum perfoliatum,,,,https://plants.sc.egov.usda.gov/ImageLibrary/original/trpe5_001_pvd.tif,https://plants.usda.gov/plant-profile/TRPE5,"USDA PLANTS, Britton & Brown 1913"
Tussilago farfara,,,,https://plants.sc.egov.usda.gov/ImageLibrary/original/tufa_001_pvd.tif,https://plants.usda.gov/plant-profile/TUFA,"USDA PLANTS, Britton & Brown 1913"
Typha angustifolia,,,,https://plants.sc.egov.usda.gov/ImageLibrary/original/tyan_001_pvd.tif,https://plants.usda.gov/plant-profile/TYAN,"USDA PLANTS, Britton & Brown 1913"
Typha latifolia,,,,https://plants.sc.egov.usda.gov/ImageLibrary/original/tyla_001_pvd.tif,https://plants.usda.gov/plant-profile/TYLA,"USDA PLANTS, Britton & Brown 1913"
Urtica gracilis,,,,https://plants.sc.egov.usda.gov/ImageLibrary/original/urgr3_001_pvd.tif,https://plants.usda.gov/plant-profile/URGR3,"USDA PLANTS, Britton & Brown 1913"
Utricularia macrorhiza,,,,https://plants.sc.egov.usda.gov/ImageLibrary/original/utma_001_pvd.tif,https://plants.usda.gov/plant-profile/UTMA,"USDA PLANTS, Britton & Brown 1913"
Utricularia minor,,,,https://plants.sc.egov.usda.gov/ImageLibrary/original/utmi_001_pvd.tif,https://plants.usda.gov/plant-profile/UTMI,"USDA PLANTS, Britton & Brown 1913"
Utricularia radiata,,,,https://plants.sc.egov.usda.gov/ImageLibrary/original/utra_001_pvd.tif,https://plants.usda.gov/plant-profile/UTRA,"USDA PLANTS, Britton & Brown 1913"
Uvularia grandiflora,,,,https://plants.sc.egov.usda.gov/ImageLibrary/original/uvgr_001_pvd.tif,https://plants.usda.gov/plant-profile/UVGR,"USDA PLANTS, Britton & Brown 1913"
Uvularia perfoliata,,,,https://plants.sc.egov.usda.gov/ImageLibrary/original/uvpe_001_pvd.tif,https://plants.usda.gov/plant-profile/UVPE,"USDA PLANTS, Britton & Brown 1913"
Uvularia sessilifolia,,,,https://plants.sc.egov.usda.gov/ImageLibrary/original/uvse_001_pvd.tif,https://plants.usda.gov/plant-profile/UVSE,"USDA PLANTS, Britton & Brown 1913"
Vaccinium angustifolium,,,,https://plants.sc.egov.usda.gov/ImageLibrary/original/vaan_001_pvd.tif,https://plants.usda.gov/plant-profile/VAAN,"USDA PLANTS, Britton & Brown 1913"
Vaccinium corymbosum,,,,https://plants.sc.egov.usda.gov/ImageLibrary/original/vaco_001_pvd.tif,https://plants.usda.gov/plant-profile/VACO,"USDA PLANTS, Britton & Brown 1913"
Vaccinium pallidum,,,,https://plants.sc.egov.usda.gov/ImageLibrary/original/vapa4_001_pvd.tif,https://plants.usda.gov/plant-profile/VAPA4,"USDA PLANTS, Britton & Brown 1913"
Valeriana edulis,,,,https://plants.sc.egov.usda.gov/ImageLibrary/original/vaed_001_pvd.tif,https://plants.usda.gov/plant-profile/VAED,"USDA PLANTS, Britton & Brown 1913"
Valeriana officinalis,,,,https://plants.sc.egov.usda.gov/ImageLibrary/original/vaof_001_pvd.tif,https://plants.usda.gov/plant-profile/VAOF,"USDA PLANTS, Britton & Brown 1913"
Vallisneria americana,,,,https://plants.sc.egov.usda.gov/ImageLibrary/original/vasp_001_pvd.tif,https://plants.usda.gov/plant-profile/VAAM3,"USDA PLANTS, Britton & Brown 1913"
Veratrum viride,,,,https://plants.sc.egov.usda.gov/ImageLibrary/original/vevi_001_pvd.tif,https://plants.usda.gov/plant-profile/VEVI,"USDA PLANTS, Britton & Brown 1913"
Verbascum blattaria,,,,https://plants.sc.egov.usda.gov/ImageLibrary/original/vebl_001_pvd.tif,https://plants.usda.gov/plant-profile/VEBL,"USDA PLANTS, Britton & Brown 1913"
Verbascum phlomoides,,,,https://plants.sc.egov.usda.gov/ImageLibrary/original/veph_001_pvd.tif,https://plants.usda.gov/plant-profile/VEPH,"USDA PLANTS, Britton & Brown 1913"
Verbascum thapsus,,,,https://plants.sc.egov.usda.gov/ImageLibrary/original/veth_001_pvd.tif,https://plants.usda.gov/plant-profile/VETH,"USDA PLANTS, Britton & Brown 1913"
Verbena bracteata,,,,https://plants.sc.egov.usda.gov/ImageLibrary/original/vebr3_001_pvd.tif,https://plants.usda.gov/plant-profile/VEBR,"USDA PLANTS, Britton & Brown 1913"
Verbena hastata,,,,https://plants.sc.egov.usda.gov/ImageLibrary/original/veha2_001_pvd.tif,https://plants.usda.gov/plant-profile/VEHA2,"USDA PLANTS, Britton & Brown 1913"
Verbena stricta,,,,https://plants.sc.egov.usda.gov/ImageLibrary/original/vest_001_pvd.tif,https://plants.usda.gov/plant-profile/VEST,"USDA PLANTS, Britton & Brown 1913"
Verbena urticifolia,,,,https://plants.sc.egov.usda.gov/ImageLibrary/original/veur_001_pvd.tif,https://plants.usda.gov/plant-profile/VEUR,"USDA PLANTS, Britton & Brown 1913"
Vernonia fasciculata,,,,https://plants.sc.egov.usda.gov/ImageLibrary/original/vefa2_001_pvd.tif,https://plants.usda.gov/plant-profile/VEFA2,"USDA PLANTS, Britton & Brown 1913"
Vernonia noveboracensis,,,,https://plants.sc.egov.usda.gov/ImageLibrary/original/veno_001_pvd.tif,https://plants.usda.gov/plant-profile/VENO,"USDA PLANTS, Britton & Brown 1913"
Veronica arvensis,,,,https://plants.sc.egov.usda.gov/ImageLibrary/original/vear_001_pvd.tif,https://plants.usda.gov/plant-profile/VEAR,"USDA PLANTS, Britton & Brown 1913"
Veronica chamaedrys,,,,https://plants.sc.egov.usda.gov/ImageLibrary/original/vech_001_pvd.tif,https://plants.usda.gov/plant-profile/VECH,"USDA PLANTS, Britton & Brown 1913"
Veronica officinalis,,,,https://plants.sc.egov.usda.gov/ImageLibrary/original/veof2_001_pvd.tif,https://plants.usda.gov/plant-profile/VEOF2,"USDA PLANTS, Britton & Brown 1913"
Veronica peregrina,,,,https://plants.sc.egov.usda.gov/ImageLibrary/original/vepe2_001_pvd.tif,https://plants.usda.gov/plant-profile/VEPE2,"USDA PLANTS, Britton & Brown 1913"
Veronica serpyllifolia,,,,https://plants.sc.egov.usda.gov/ImageLibrary/original/vese_001_pvd.tif,https://plants.usda.gov/plant-profile/VESE,"USDA PLANTS, Britton & Brown 1913"
Veronicastrum virginicum,,,,https://plants.sc.egov.usda.gov/ImageLibrary/original/levi12_001_pvd.tif,https://plants.usda.gov/plant-profile/VEVI4,"USDA PLANTS, Britton & Brown 1913"
Viburnum acerifolium,,,,https://plants.sc.egov.usda.gov/ImageLibrary/original/viac_001_phd.tif,https://plants.usda.gov/plant-profile/VIAC,"USDA PLANTS, Britton & Brown 1913"
Viburnum lantanoides,,,,https://plants.sc.egov.usda.gov/ImageLibrary/original/vial3_001_pvd.tif,https://plants.usda.gov/plant-profile/VILA11,"USDA PLANTS, Britton & Brown 1913"
Viburnum lentago,,,,https://plants.sc.egov.usda.gov/ImageLibrary/original/vile_001_pvd.tif,https://plants.usda.gov/plant-profile/VILE,"USDA PLANTS, Britton & Brown 1913"
Viburnum opulus,,,,https://plants.sc.egov.usda.gov/ImageLibrary/original/viop_001_pvd.tif,https://plants.usda.gov/plant-profile/VIOP,"USDA PLANTS, Britton & Brown 1913"
Vicia americana,,,,https://plants.sc.egov.usda.gov/ImageLibrary/original/viam_001_pvd.tif,https://plants.usda.gov/plant-profile/VIAM,"USDA PLANTS, Britton & Brown 1913"
Vicia cracca,,,,https://plants.sc.egov.usda.gov/ImageLibrary/original/vicr_001_pvd.tif,https://plants.usda.gov/plant-profile/VICR,"USDA PLANTS, Britton & Brown 1913"
Vicia sativa,,,,https://plants.sc.egov.usda.gov/ImageLibrary/original/visa_001_pvd.tif,https://plants.usda.gov/plant-profile/VISA,"USDA PLANTS, Britton & Brown 1913"
Vinca minor,,,,https://plants.sc.egov.usda.gov/ImageLibrary/original/vimi2_001_pvd.tif,https://plants.usda.gov/plant-profile/VIMI2,"USDA PLANTS, Britton & Brown 1913"
Viola blanda,,,,https://plants.sc.egov.usda.gov/ImageLibrary/original/vibl_001_pvd.tif,https://plants.usda.gov/plant-profile/VIBL,"USDA PLANTS, Britton & Brown 1913"
Viola canadensis,,,,https://plants.sc.egov.usda.gov/ImageLibrary/original/vica4_001_pvd.tif,https://plants.usda.gov/plant-profile/VICA4,"USDA PLANTS, Britton & Brown 1913"
Viola cucullata,,,,https://plants.sc.egov.usda.gov/ImageLibrary/original/vicu_001_pvd.tif,https://plants.usda.gov/plant-profile/VICU,"USDA PLANTS, Britton & Brown 1913"
Viola fimbriatula,,,,https://plants.sc.egov.usda.gov/ImageLibrary/original/vifi_001_pvd.tif,https://plants.usda.gov/plant-profile/VIFI,"USDA PLANTS, Britton & Brown 1913"
Viola incognita,,,,https://plants.sc.egov.usda.gov/ImageLibrary/original/viin_001_pvd.tif,https://plants.usda.gov/plant-profile/VIIN,"USDA PLANTS, Britton & Brown 1913"
Viola labradorica,,,,https://plants.sc.egov.usda.gov/ImageLibrary/original/vico2_001_pvd.tif,https://plants.usda.gov/plant-profile/VILA10,"USDA PLANTS, Britton & Brown 1913"
Viola lanceolata,,,,https://plants.sc.egov.usda.gov/ImageLibrary/original/vila4_001_pvd.tif,https://plants.usda.gov/plant-profile/VILA4,"USDA PLANTS, Britton & Brown 1913"
Viola pedata,,,,https://plants.sc.egov.usda.gov/ImageLibrary/original/vipe_001_pvd.tif,https://plants.usda.gov/plant-profile/VIPE,"USDA PLANTS, Britton & Brown 1913"
Viola pedatifida,,,,https://plants.sc.egov.usda.gov/ImageLibrary/original/vipe2_001_pvd.tif,https://plants.usda.gov/plant-profile/VIPE2,"USDA PLANTS, Britton & Brown 1913"
Viola pubescens,,,,https://plants.sc.egov.usda.gov/ImageLibrary/original/vipu3_001_pvd.tif,https://plants.usda.gov/plant-profile/VIPU3,"USDA PLANTS, Britton & Brown 1913"
Viola septentrionalis,,,,https://plants.sc.egov.usda.gov/ImageLibrary/original/vise5_001_pvd.tif,https://plants.usda.gov/plant-profile/VISE5,"USDA PLANTS, Britton & Brown 1913"
Zanthoxylum americanum,,,,https://plants.sc.egov.usda.gov/ImageLibrary/original/zaam_001_pvd.tif,https://plants.usda.gov/plant-profile/ZAAM,"USDA PLANTS, Britton & Brown 1913"
Zizia aptera,,,,https://plants.sc.egov.usda.gov/ImageLibrary/original/zico_001_pvd.tif,https://plants.usda.gov/plant-profile/ZIAP,"USDA PLANTS, Britton & Brown 1913"
Zizia aurea,,,,https://plants.sc.egov.usda.gov/ImageLibrary/original/ziau_001_pvd.tif,https://plants.usda.gov/plant-profile/ZIAU,"USDA PLANTS, Britton & Brown 1913"
