name_printed,common_printed,volume,plate,image_url,page_url,notes
Cirsium lanceolatum,Vägtistel,,1,https://upload.wikimedia.org/wikipedia/commons/b/be/Billeder_af_nordens_flora_%28Plate_1%29_%286029259386%29.jpg,https://commons.wikimedia.org/wiki/File%3ABilleder_af_nordens_flora_%28Plate_1%29_%286029259386%29.jpg,"printed in 1917-26 contents: Cirsium lanceolatum; image: Danish Mentz & Ostenfeld edition, BHL scan on Commons 2147x3498 px (same plate number); family: Asteraceae"
Cirsium palustre,Kärrtistel,,2,https://upload.wikimedia.org/wikipedia/commons/7/7e/Billeder_af_nordens_flora_%28Plate_2%29_BHL10459220.jpg,https://commons.wikimedia.org/wiki/File%3ABilleder_af_nordens_flora_%28Plate_2%29_BHL10459220.jpg,"printed in 1917-26 contents: Cirsium palustre; image: Danish Mentz & Ostenfeld edition, BHL scan on Commons 2147x3498 px (same plate number); family: Asteraceae"
Cirsium oleraceum,Kåltistel,,3,https://upload.wikimedia.org/wikipedia/commons/d/d0/Billeder_af_nordens_flora_%28Plate_3%29_%286028708091%29.jpg,https://commons.wikimedia.org/wiki/File%3ABilleder_af_nordens_flora_%28Plate_3%29_%286028708091%29.jpg,"printed in 1917-26 contents: Cirsium oleraceum; image: Danish Mentz & Ostenfeld edition, BHL scan on Commons 2147x3498 px (same plate number); family: Asteraceae"
Arctium tomentosum,Kardborre,,4,https://upload.wikimedia.org/wikipedia/commons/f/ff/Billeder_af_nordens_flora_%28Plate_4%29_BHL10459186.jpg,https://commons.wikimedia.org/wiki/File%3ABilleder_af_nordens_flora_%28Plate_4%29_BHL10459186.jpg,"printed in 1917-26 contents: Arctium tomentosum; image: Danish Mentz & Ostenfeld edition, BHL scan on Commons 2147x3498 px (same plate number); family: Asteraceae"
Carlina vulgaris,Stjärntistel,,5,https://upload.wikimedia.org/wikipedia/commons/5/58/Billeder_af_nordens_flora_%28Plate_5%29_BHL10459188.jpg,https://commons.wikimedia.org/wiki/File%3ABilleder_af_nordens_flora_%28Plate_5%29_BHL10459188.jpg,"printed in 1917-26 contents: Carlina vulgaris; image: Danish Mentz & Ostenfeld edition, BHL scan on Commons 2147x3498 px (same plate number); family: Asteraceae"
Onopordon acanthium,Tistelborre,,6,https://upload.wikimedia.org/wikipedia/commons/b/be/Billeder_af_nordens_flora_%28Plate_6%29_%286029261094%29.jpg,https://commons.wikimedia.org/wiki/File%3ABilleder_af_nordens_flora_%28Plate_6%29_%286029261094%29.jpg,"printed in 1917-26 contents: Onopordon acanthium; image: Danish Mentz & Ostenfeld edition, BHL scan on Commons 2147x3498 px (same plate number); family: Asteraceae"
Centaurea cyanus,Blåklint,,7,https://upload.wikimedia.org/wikipedia/commons/d/da/Billeder_af_nordens_flora_%28Plate_7%29_BHL10459192.jpg,https://commons.wikimedia.org/wiki/File%3ABilleder_af_nordens_flora_%28Plate_7%29_BHL10459192.jpg,"printed in 1917-26 contents: Centaurea cyanus; image: Danish Mentz & Ostenfeld edition, BHL scan on Commons 2147x3498 px (same plate number); family: Asteraceae"
Centaurea scabiosa,Väddklint,,8,https://upload.wikimedia.org/wikipedia/commons/7/7e/Billeder_af_nordens_flora_%28Plate_8%29_BHL10459194.jpg,https://commons.wikimedia.org/wiki/File%3ABilleder_af_nordens_flora_%28Plate_8%29_BHL10459194.jpg,"printed in 1917-26 contents: Centaura scabiosa; image: Danish Mentz & Ostenfeld edition, BHL scan on Commons 2147x3498 px (same plate number); family: Asteraceae"
Serratula tinctoria,Ängsskära,,9,https://upload.wikimedia.org/wikipedia/commons/2/23/Billeder_af_nordens_flora_%28Plate_9%29_BHL10459196.jpg,https://commons.wikimedia.org/wiki/File%3ABilleder_af_nordens_flora_%28Plate_9%29_BHL10459196.jpg,"printed in 1917-26 contents: Serratula tinctoria; image: Danish Mentz & Ostenfeld edition, BHL scan on Commons 2147x3498 px (same plate number); family: Asteraceae"
Chrysanthemum leucanthemum,Prästkrage,,10,https://upload.wikimedia.org/wikipedia/commons/e/e7/Billeder_af_nordens_flora_%28Plate_10%29_BHL10459198.jpg,https://commons.wikimedia.org/wiki/File%3ABilleder_af_nordens_flora_%28Plate_10%29_BHL10459198.jpg,"printed in 1917-26 contents: Chrysanthemum leucanthemum; image: Danish Mentz & Ostenfeld edition, BHL scan on Commons 2147x3498 px (same plate number); family: Asteraceae"
Chrysanthemum segetum,Gullkrage,,11,https://upload.wikimedia.org/wikipedia/commons/b/b4/Billeder_af_nordens_flora_%28Plate_11%29_BHL10459200.jpg,https://commons.wikimedia.org/wiki/File%3ABilleder_af_nordens_flora_%28Plate_11%29_BHL10459200.jpg,"printed in 1917-26 contents: Chrysanthemum segetum; image: Danish Mentz & Ostenfeld edition, BHL scan on Commons 2147x3498 px (same plate number); family: Asteraceae"
Matricaria chamomilla,Sötblomster,,12,https://upload.wikimedia.org/wikipedia/commons/6/67/Billeder_af_nordens_flora_%28Plate_12%29_BHL10459202.jpg,https://commons.wikimedia.org/wiki/File%3ABilleder_af_nordens_flora_%28Plate_12%29_BHL10459202.jpg,"printed in 1917-26 contents: Matricaria chamomilla; image: Danish Mentz & Ostenfeld edition, BHL scan on Commons 2147x3498 px (same plate number); family: Asteraceae"
Anthemis tinctoria,Färgkulla,,13,https://upload.wikimedia.org/wikipedia/commons/2/26/Billeder_af_nordens_flora_%28Plate_13%29_BHL10459204.jpg,https://commons.wikimedia.org/wiki/File%3ABilleder_af_nordens_flora_%28Plate_13%29_BHL10459204.jpg,"printed in 1917-26 contents: Anthemis tinctoria; image: Danish Mentz & Ostenfeld edition, BHL scan on Commons 2147x3498 px (same plate number); family: Asteraceae"
Achillea millefolium,Rölleka,,14,https://upload.wikimedia.org/wikipedia/commons/4/46/Billeder_af_nordens_flora_%28Plate_14%29_BHL10459206.jpg,https://commons.wikimedia.org/wiki/File%3ABilleder_af_nordens_flora_%28Plate_14%29_BHL10459206.jpg,"printed in 1917-26 contents: Achillea millefolium; image: Danish Mentz & Ostenfeld edition, BHL scan on Commons 2147x3498 px (same plate number); family: Asteraceae"
Achillea ptarmica,Vitpytta,,15,https://upload.wikimedia.org/wikipedia/commons/3/3a/Billeder_af_nordens_flora_%28Plate_15%29_BHL10459208.jpg,https://commons.wikimedia.org/wiki/File%3ABilleder_af_nordens_flora_%28Plate_15%29_BHL10459208.jpg,"printed in 1917-26 contents: Achillea ptarmica; image: Danish Mentz & Ostenfeld edition, BHL scan on Commons 2147x3498 px (same plate number); family: Asteraceae"
Tanacetum vulgare,Renfana,,16,https://upload.wikimedia.org/wikipedia/commons/8/81/Billeder_af_nordens_flora_%28Plate_16%29_BHL10459210.jpg,https://commons.wikimedia.org/wiki/File%3ABilleder_af_nordens_flora_%28Plate_16%29_BHL10459210.jpg,"printed in 1917-26 contents: Tanacetum vulgare; image: Danish Mentz & Ostenfeld edition, BHL scan on Commons 2147x3498 px (same plate number); family: Asteraceae"
Bidens tripartita,Brunskära,,17,https://upload.wikimedia.org/wikipedia/commons/f/f6/Billeder_af_nordens_flora_%28Plate_17%29_BHL10459212.jpg,https://commons.wikimedia.org/wiki/File%3ABilleder_af_nordens_flora_%28Plate_17%29_BHL10459212.jpg,"printed in 1917-26 contents: Bidens tripartita; image: Danish Mentz & Ostenfeld edition, BHL scan on Commons 2147x3498 px (same plate number); family: Asteraceae"
Artemisia vulgaris,Gråbo,,18,https://upload.wikimedia.org/wikipedia/commons/a/a3/Billeder_af_nordens_flora_%28Plate_18%29_BHL10459214.jpg,https://commons.wikimedia.org/wiki/File%3ABilleder_af_nordens_flora_%28Plate_18%29_BHL10459214.jpg,"printed in 1917-26 contents: Artemisia vulgaris; image: Danish Mentz & Ostenfeld edition, BHL scan on Commons 2147x3498 px (same plate number); family: Asteraceae"
Artemisia absinthium,Malört,,19,https://upload.wikimedia.org/wikipedia/commons/b/bb/Billeder_af_nordens_flora_%28Plate_19%29_BHL10459216.jpg,https://commons.wikimedia.org/wiki/File%3ABilleder_af_nordens_flora_%28Plate_19%29_BHL10459216.jpg,"printed in 1917-26 contents: Artemisia absinthium; image: Danish Mentz & Ostenfeld edition, BHL scan on Commons 2147x3498 px (same plate number); family: Asteraceae"
Senecio jacobaea,Stånds,,20,https://upload.wikimedia.org/wikipedia/commons/c/c9/Billeder_af_nordens_flora_%28Plate_20%29_BHL10459241.jpg,https://commons.wikimedia.org/wiki/File%3ABilleder_af_nordens_flora_%28Plate_20%29_BHL10459241.jpg,"printed in 1917-26 contents: Senecio jacobæa; image: Danish Mentz & Ostenfeld edition, BHL scan on Commons 2147x3498 px (same plate number); family: Asteraceae"
Senecio vulgaris,Allmän korsört,,21,https://upload.wikimedia.org/wikipedia/commons/8/81/Billeder_af_nordens_flora_%28Plate_21%29_BHL10459243.jpg,https://commons.wikimedia.org/wiki/File%3ABilleder_af_nordens_flora_%28Plate_21%29_BHL10459243.jpg,"printed in 1917-26 contents: Senecio vulgaris; image: Danish Mentz & Ostenfeld edition, BHL scan on Commons 2147x3498 px (same plate number); family: Asteraceae"
Arnica montana,Hästfibla,,22,https://upload.wikimedia.org/wikipedia/commons/6/6f/Billeder_af_nordens_flora_%28Plate_22%29_BHL10459245.jpg,https://commons.wikimedia.org/wiki/File%3ABilleder_af_nordens_flora_%28Plate_22%29_BHL10459245.jpg,"printed in 1917-26 contents: Arnica montana; image: Danish Mentz & Ostenfeld edition, BHL scan on Commons 2147x3498 px (same plate number); family: Asteraceae"
Tussilago farfara,Hästhov,,23,https://upload.wikimedia.org/wikipedia/commons/6/66/Billeder_af_nordens_flora_%28Plate_23%29_BHL10459247.jpg,https://commons.wikimedia.org/wiki/File%3ABilleder_af_nordens_flora_%28Plate_23%29_BHL10459247.jpg,"printed in 1917-26 contents: Tussilago farfara; image: Danish Mentz & Ostenfeld edition, BHL scan on Commons 2147x3498 px (same plate number); family: Asteraceae"
Petasites ovatus,Pestskråp,,24,https://upload.wikimedia.org/wikipedia/commons/6/68/Billeder_af_nordens_flora_%28Plate_24%29_BHL10459249.jpg,https://commons.wikimedia.org/wiki/File%3ABilleder_af_nordens_flora_%28Plate_24%29_BHL10459249.jpg,"printed in 1917-26 contents: Petasites ovatus; image: Danish Mentz & Ostenfeld edition, BHL scan on Commons 2147x3498 px (same plate number); family: Asteraceae"
Petasites frigidus,Fjällskråp,,25,https://upload.wikimedia.org/wikipedia/commons/1/1d/Billeder_af_nordens_flora_%28Plate_25%29_BHL10459251.jpg,https://commons.wikimedia.org/wiki/File%3ABilleder_af_nordens_flora_%28Plate_25%29_BHL10459251.jpg,"printed in 1917-26 contents: Petasites frigidus; image: Danish Mentz & Ostenfeld edition, BHL scan on Commons 2147x3498 px (same plate number); family: Asteraceae"
Cineraria palustris,Nocka,,26,https://upload.wikimedia.org/wikipedia/commons/9/94/Billeder_af_nordens_flora_%28Plate_26%29_%286028714299%29.jpg,https://commons.wikimedia.org/wiki/File%3ABilleder_af_nordens_flora_%28Plate_26%29_%286028714299%29.jpg,"printed in 1917-26 contents: Cineraria palustris; image: Danish Mentz & Ostenfeld edition, BHL scan on Commons 2147x3498 px (same plate number); family: Asteraceae"
Helichrysum arenarium,Hedblomster,,27,https://upload.wikimedia.org/wikipedia/commons/4/46/Billeder_af_nordens_flora_%28Plate_27%29_BHL10459255.jpg,https://commons.wikimedia.org/wiki/File%3ABilleder_af_nordens_flora_%28Plate_27%29_BHL10459255.jpg,"printed in 1917-26 contents: Helichrysum arenarium; image: Danish Mentz & Ostenfeld edition, BHL scan on Commons 2147x3498 px (same plate number); family: Asteraceae"
Antennaria dioeca,Kattfot,,28,https://upload.wikimedia.org/wikipedia/commons/b/b5/Billeder_af_nordens_flora_%28Plate_28%29_BHL10459257.jpg,https://commons.wikimedia.org/wiki/File%3ABilleder_af_nordens_flora_%28Plate_28%29_BHL10459257.jpg,"printed in 1917-26 contents: Antennaria dioeca; image: Danish Mentz & Ostenfeld edition, BHL scan on Commons 2147x3498 px (same plate number); family: Asteraceae"
Antennaria alpina,Fjäll-kattfot,,29,https://upload.wikimedia.org/wikipedia/commons/3/34/Billeder_af_nordens_flora_%28Plate_29%29_BHL10459259.jpg,https://commons.wikimedia.org/wiki/File%3ABilleder_af_nordens_flora_%28Plate_29%29_BHL10459259.jpg,"printed in 1917-26 contents: Antennaria Alpina; image: Danish Mentz & Ostenfeld edition, BHL scan on Commons 2147x3498 px (same plate number); family: Asteraceae"
Filago montana,Ullört,,30,https://upload.wikimedia.org/wikipedia/commons/6/60/Billeder_af_nordens_flora_%28Plate_30%29_BHL10459261.jpg,https://commons.wikimedia.org/wiki/File%3ABilleder_af_nordens_flora_%28Plate_30%29_BHL10459261.jpg,"printed in 1917-26 contents: Filago montana; image: Danish Mentz & Ostenfeld edition, BHL scan on Commons 2147x3498 px (same plate number); family: Asteraceae"
Inula helenium,Alant,,31,https://upload.wikimedia.org/wikipedia/commons/0/00/Billeder_af_nordens_flora_%28Plate_31%29_BHL10459263.jpg,https://commons.wikimedia.org/wiki/File%3ABilleder_af_nordens_flora_%28Plate_31%29_BHL10459263.jpg,"printed in 1917-26 contents: Inula helenium; image: Danish Mentz & Ostenfeld edition, BHL scan on Commons 2147x3498 px (same plate number); family: Asteraceae"
Solidago virgaurea,Gullris,,32,https://upload.wikimedia.org/wikipedia/commons/7/77/Billeder_af_nordens_flora_%28Plate_32%29_%286029268378%29.jpg,https://commons.wikimedia.org/wiki/File%3ABilleder_af_nordens_flora_%28Plate_32%29_%286029268378%29.jpg,"printed in 1917-26 contents: Solidago virgaurea; image: Danish Mentz & Ostenfeld edition, BHL scan on Commons 2147x3498 px (same plate number); family: Asteraceae"
Aster tripolium,Strandkil,,33,https://upload.wikimedia.org/wikipedia/commons/0/0c/Billeder_af_nordens_flora_%28Plate_33%29_BHL10459267.jpg,https://commons.wikimedia.org/wiki/File%3ABilleder_af_nordens_flora_%28Plate_33%29_BHL10459267.jpg,"printed in 1917-26 contents: Aster tripolium; image: Danish Mentz & Ostenfeld edition, BHL scan on Commons 2147x3498 px (same plate number); family: Asteraceae"
Erigeron acris,Rödbinka,,34,https://upload.wikimedia.org/wikipedia/commons/0/02/Billeder_af_nordens_flora_%28Plate_34%29_BHL10459269.jpg,https://commons.wikimedia.org/wiki/File%3ABilleder_af_nordens_flora_%28Plate_34%29_BHL10459269.jpg,"printed in 1917-26 contents: Erigeron acris; image: Danish Mentz & Ostenfeld edition, BHL scan on Commons 2147x3498 px (same plate number); family: Asteraceae"
Bellis perennis,Tusensköna,,35,https://upload.wikimedia.org/wikipedia/commons/0/05/Billeder_af_nordens_flora_%28Plate_35%29_BHL10459271.jpg,https://commons.wikimedia.org/wiki/File%3ABilleder_af_nordens_flora_%28Plate_35%29_BHL10459271.jpg,"printed in 1917-26 contents: Bellis perennis; image: Danish Mentz & Ostenfeld edition, BHL scan on Commons 2147x3498 px (same plate number); family: Asteraceae"
Taraxacum officinale,Maskros,,36,https://upload.wikimedia.org/wikipedia/commons/f/f5/Billeder_af_nordens_flora_%28Plate_36%29_BHL10459273.jpg,https://commons.wikimedia.org/wiki/File%3ABilleder_af_nordens_flora_%28Plate_36%29_BHL10459273.jpg,"printed in 1917-26 contents: Taraxacum officinale; image: Danish Mentz & Ostenfeld edition, BHL scan on Commons 2147x3498 px (same plate number); family: Asteraceae"
Leontodon autumnalis,Höstfibla,,37,https://upload.wikimedia.org/wikipedia/commons/6/68/Billeder_af_nordens_flora_%28Plate_37%29_BHL10459275.jpg,https://commons.wikimedia.org/wiki/File%3ABilleder_af_nordens_flora_%28Plate_37%29_BHL10459275.jpg,"printed in 1917-26 contents: Leontodon autumnalis; image: Danish Mentz & Ostenfeld edition, BHL scan on Commons 2147x3498 px (same plate number); family: Asteraceae"
Hypochoëris radicata,Rotfibla,,38,https://upload.wikimedia.org/wikipedia/commons/4/4f/Billeder_af_nordens_flora_%28Plate_38%29_BHL10459277.jpg,https://commons.wikimedia.org/wiki/File%3ABilleder_af_nordens_flora_%28Plate_38%29_BHL10459277.jpg,"printed in 1917-26 contents: Hypochoeris radicata; image: Danish Mentz & Ostenfeld edition, BHL scan on Commons 2188x3513 px (same plate number); family: Asteraceae"
Tragopogon pratensis,Ängshaverrot,,39,https://upload.wikimedia.org/wikipedia/commons/3/38/Billeder_af_nordens_flora_%28Plate_39%29_BHL10459279.jpg,https://commons.wikimedia.org/wiki/File%3ABilleder_af_nordens_flora_%28Plate_39%29_BHL10459279.jpg,"printed in 1917-26 contents: Tragopogon pratensis; image: Danish Mentz & Ostenfeld edition, BHL scan on Commons 2147x3498 px (same plate number); family: Asteraceae"
Scorzonera humilis,Kornfibla,,40,https://upload.wikimedia.org/wikipedia/commons/6/66/Billeder_af_nordens_flora_%28Plate_40%29_BHL10459281.jpg,https://commons.wikimedia.org/wiki/File%3ABilleder_af_nordens_flora_%28Plate_40%29_BHL10459281.jpg,"printed in 1917-26 contents: Scorzonera humilis; image: Danish Mentz & Ostenfeld edition, BHL scan on Commons 2147x3498 px (same plate number); family: Asteraceae"
Hieracium umbellatum,Mångbladig hökfibla,,41,https://upload.wikimedia.org/wikipedia/commons/a/ac/Billeder_af_nordens_flora_%28Plate_41%29_BHL10459283.jpg,https://commons.wikimedia.org/wiki/File%3ABilleder_af_nordens_flora_%28Plate_41%29_BHL10459283.jpg,"printed in 1917-26 contents: Hieracium umbellatum; image: Danish Mentz & Ostenfeld edition, BHL scan on Commons 2147x3498 px (same plate number); family: Asteraceae"
Hieracium triangulare,Rosettbladig hökfibla,,42,https://upload.wikimedia.org/wikipedia/commons/1/15/Billeder_af_nordens_flora_%28Plate_42%29_BHL10459285.jpg,https://commons.wikimedia.org/wiki/File%3ABilleder_af_nordens_flora_%28Plate_42%29_BHL10459285.jpg,"printed in 1917-26 contents: Hieracium triangulare; image: Danish Mentz & Ostenfeld edition, BHL scan on Commons 2147x3498 px (same plate number); family: Asteraceae"
Hieracium pilosella,Gråfibla,,43,https://upload.wikimedia.org/wikipedia/commons/b/ba/Billeder_af_nordens_flora_%28Plate_43%29_BHL10459287.jpg,https://commons.wikimedia.org/wiki/File%3ABilleder_af_nordens_flora_%28Plate_43%29_BHL10459287.jpg,"printed in 1917-26 contents: Hieracium pilosella; image: Danish Mentz & Ostenfeld edition, BHL scan on Commons 2147x3498 px (same plate number); family: Asteraceae"
Crepis biennis,Klofibla,,44,https://upload.wikimedia.org/wikipedia/commons/4/46/Billeder_af_nordens_flora_%28Plate_44%29_%286029271650%29.jpg,https://commons.wikimedia.org/wiki/File%3ABilleder_af_nordens_flora_%28Plate_44%29_%286029271650%29.jpg,"printed in 1917-26 contents: Crepis biennis; image: Danish Mentz & Ostenfeld edition, BHL scan on Commons 2209x3518 px (same plate number); family: Asteraceae"
Lactuca scariola,Taggsallat,,45,https://upload.wikimedia.org/wikipedia/commons/8/82/Billeder_af_nordens_flora_%28Plate_45%29_BHL10459291.jpg,https://commons.wikimedia.org/wiki/File%3ABilleder_af_nordens_flora_%28Plate_45%29_BHL10459291.jpg,"printed in 1917-26 contents: Lactuca scariola; image: Danish Mentz & Ostenfeld edition, BHL scan on Commons 2147x3498 px (same plate number); family: Asteraceae"
Sonchus oleraceus,Mjölktistel,,46,https://upload.wikimedia.org/wikipedia/commons/a/ab/Billeder_af_nordens_flora_%28Plate_46%29_BHL10459293.jpg,https://commons.wikimedia.org/wiki/File%3ABilleder_af_nordens_flora_%28Plate_46%29_BHL10459293.jpg,"printed in 1917-26 contents: Sonchus oleraceus; image: Danish Mentz & Ostenfeld edition, BHL scan on Commons 2147x3498 px (same plate number); family: Asteraceae"
Mulgedium alpinum,Tolta,,47,https://upload.wikimedia.org/wikipedia/commons/8/8b/Billeder_af_nordens_flora_%28Plate_47%29_BHL10459295.jpg,https://commons.wikimedia.org/wiki/File%3ABilleder_af_nordens_flora_%28Plate_47%29_BHL10459295.jpg,"printed in 1917-26 contents: Mulgedium alpinum; image: Danish Mentz & Ostenfeld edition, BHL scan on Commons 2147x3498 px (same plate number); family: Asteraceae"
Lapsana communis,Harkål,,48,https://upload.wikimedia.org/wikipedia/commons/7/7f/Billeder_af_nordens_flora_%28Plate_48%29_BHL10459297.jpg,https://commons.wikimedia.org/wiki/File%3ABilleder_af_nordens_flora_%28Plate_48%29_BHL10459297.jpg,"printed in 1917-26 contents: Lapsana commnis; image: Danish Mentz & Ostenfeld edition, BHL scan on Commons 2147x3498 px (same plate number); family: Asteraceae"
Cichorium intybus,Vägvårda,,49,https://upload.wikimedia.org/wikipedia/commons/9/9e/Billeder_af_nordens_flora_%28Plate_49%29_BHL10459299.jpg,https://commons.wikimedia.org/wiki/File%3ABilleder_af_nordens_flora_%28Plate_49%29_BHL10459299.jpg,"printed in 1917-26 contents: Cichorium intybus; image: Danish Mentz & Ostenfeld edition, BHL scan on Commons 2147x3498 px (same plate number); family: Asteraceae"
Succisa praemorsa,Knappvädd,,50,https://upload.wikimedia.org/wikipedia/commons/a/a0/Billeder_af_nordens_flora_%28Plate_50%29_BHL10459301.jpg,https://commons.wikimedia.org/wiki/File%3ABilleder_af_nordens_flora_%28Plate_50%29_BHL10459301.jpg,"printed in 1917-26 contents: Succusa præmorsa; image: Danish Mentz & Ostenfeld edition, BHL scan on Commons 2147x3498 px (same plate number); family: Dipsacaceae"
Knautia arvensis,Åkervädd,,51,https://upload.wikimedia.org/wikipedia/commons/a/aa/Billeder_af_nordens_flora_%28Plate_51%29_BHL10459303.jpg,https://commons.wikimedia.org/wiki/File%3ABilleder_af_nordens_flora_%28Plate_51%29_BHL10459303.jpg,"printed in 1917-26 contents: Knautia arvensis; image: Danish Mentz & Ostenfeld edition, BHL scan on Commons 2147x3498 px (same plate number); family: Dipsacaceae"
Globularia vulgaris,Berg-skrabba,,52,https://upload.wikimedia.org/wikipedia/commons/6/68/Billeder_af_nordens_flora_%28Plate_52%29_BHL10459305.jpg,https://commons.wikimedia.org/wiki/File%3ABilleder_af_nordens_flora_%28Plate_52%29_BHL10459305.jpg,"printed in 1917-26 contents: Globularia vulgaris; image: Danish Mentz & Ostenfeld edition, BHL scan on Commons 2147x3498 px (same plate number); family: Globulariaceae"
Campanula rotundifolia,Liten blåklocka,,53,https://upload.wikimedia.org/wikipedia/commons/5/5d/Billeder_af_nordens_flora_%28Plate_53%29_BHL10459307.jpg,https://commons.wikimedia.org/wiki/File%3ABilleder_af_nordens_flora_%28Plate_53%29_BHL10459307.jpg,"printed in 1917-26 contents: Campanula rotundifolia; image: Danish Mentz & Ostenfeld edition, BHL scan on Commons 2147x3498 px (same plate number); family: Campanulaceae"
Campanula latifolia,Hässelklocka,,54,https://upload.wikimedia.org/wikipedia/commons/4/48/Billeder_af_nordens_flora_%28Plate_54%29_BHL10459309.jpg,https://commons.wikimedia.org/wiki/File%3ABilleder_af_nordens_flora_%28Plate_54%29_BHL10459309.jpg,"printed in 1917-26 contents: Campanula latifolia; image: Danish Mentz & Ostenfeld edition, BHL scan on Commons 2147x3498 px (same plate number); family: Campanulaceae"
Campanula rapunculoides,Knölklocka,,55,https://upload.wikimedia.org/wikipedia/commons/3/37/Billeder_af_nordens_flora_%28Plate_55%29_BHL10459311.jpg,https://commons.wikimedia.org/wiki/File%3ABilleder_af_nordens_flora_%28Plate_55%29_BHL10459311.jpg,"printed in 1917-26 contents: Campanula rapunculoides; image: Danish Mentz & Ostenfeld edition, BHL scan on Commons 2147x3498 px (same plate number); family: Campanulaceae"
Campanula uniflora,Högfjällsklocka,,56,https://upload.wikimedia.org/wikipedia/commons/4/40/Billeder_af_nordens_flora_%28Plate_56%29_BHL10459313.jpg,https://commons.wikimedia.org/wiki/File%3ABilleder_af_nordens_flora_%28Plate_56%29_BHL10459313.jpg,"printed in 1917-26 contents: Campanula uniflora; image: Danish Mentz & Ostenfeld edition, BHL scan on Commons 2147x3498 px (same plate number); family: Campanulaceae"
Jasione montana,Monke,,57,https://upload.wikimedia.org/wikipedia/commons/9/97/Billeder_af_nordens_flora_%28Plate_57%29_BHL10459315.jpg,https://commons.wikimedia.org/wiki/File%3ABilleder_af_nordens_flora_%28Plate_57%29_BHL10459315.jpg,"printed in 1917-26 contents: Jasione montana; image: Danish Mentz & Ostenfeld edition, BHL scan on Commons 2147x3498 px (same plate number); family: Campanulaceae"
Lobelia dortmanna,Notblomster,,58,https://upload.wikimedia.org/wikipedia/commons/2/2d/Billeder_af_nordens_flora_%28Plate_58%29_%286029275154%29.jpg,https://commons.wikimedia.org/wiki/File%3ABilleder_af_nordens_flora_%28Plate_58%29_%286029275154%29.jpg,"printed in 1917-26 contents: Lobelia dortmanna; image: Danish Mentz & Ostenfeld edition, BHL scan on Commons 2147x3498 px (same plate number); family: Campanulaceae"
Bryonia alba,Hundrova,,59,https://upload.wikimedia.org/wikipedia/commons/4/44/Billeder_af_nordens_flora_%28Plate_59%29_BHL10459319.jpg,https://commons.wikimedia.org/wiki/File%3ABilleder_af_nordens_flora_%28Plate_59%29_BHL10459319.jpg,"printed in 1917-26 contents: Bryonia alba; image: Danish Mentz & Ostenfeld edition, BHL scan on Commons 2147x3498 px (same plate number); family: Cucurbitaceae"
Valeriana officinalis,Vänderot,,60,https://upload.wikimedia.org/wikipedia/commons/5/50/Billeder_af_nordens_flora_%28Plate_60%29_BHL10459321.jpg,https://commons.wikimedia.org/wiki/File%3ABilleder_af_nordens_flora_%28Plate_60%29_BHL10459321.jpg,"printed in 1917-26 contents: Valeriana officinalis; image: Danish Mentz & Ostenfeld edition, BHL scan on Commons 2147x3498 px (same plate number); family: Valerianaceae"
Valerianella olitoria,Vårsallat,,61,https://upload.wikimedia.org/wikipedia/commons/6/62/Billeder_af_nordens_flora_%28Plate_61%29_BHL10459323.jpg,https://commons.wikimedia.org/wiki/File%3ABilleder_af_nordens_flora_%28Plate_61%29_BHL10459323.jpg,"printed in 1917-26 contents: Valerianella olitoria; image: Danish Mentz & Ostenfeld edition, BHL scan on Commons 2147x3498 px (same plate number); family: Valerianaceae"
Sambucus nigra,Fläder,,62,https://upload.wikimedia.org/wikipedia/commons/e/e8/Billeder_af_nordens_flora_%28Plate_62%29_BHL10459325.jpg,https://commons.wikimedia.org/wiki/File%3ABilleder_af_nordens_flora_%28Plate_62%29_BHL10459325.jpg,"printed in 1917-26 contents: Sambucus nigra; image: Danish Mentz & Ostenfeld edition, BHL scan on Commons 2147x3498 px (same plate number); family: Caprifoliaceae"
Viburnum opulus,Olvon,,63,https://upload.wikimedia.org/wikipedia/commons/9/9b/Billeder_af_nordens_flora_%28Plate_63%29_%286029276370%29.jpg,https://commons.wikimedia.org/wiki/File%3ABilleder_af_nordens_flora_%28Plate_63%29_%286029276370%29.jpg,"printed in 1917-26 contents: Viburnum opulus; image: Danish Mentz & Ostenfeld edition, BHL scan on Commons 2167x3508 px (same plate number); family: Caprifoliaceae"
Adoxa moschatellina,Desmeknopp,,64,https://upload.wikimedia.org/wikipedia/commons/b/ba/Billeder_af_nordens_flora_%28Plate_64%29_BHL10459329.jpg,https://commons.wikimedia.org/wiki/File%3ABilleder_af_nordens_flora_%28Plate_64%29_BHL10459329.jpg,"printed in 1917-26 contents: Adoxa moschatellina; image: Danish Mentz & Ostenfeld edition, BHL scan on Commons 2147x3498 px (same plate number); family: Adoxaceae"
Lonicera xylosteum,Try,,65,https://upload.wikimedia.org/wikipedia/commons/6/6d/Billeder_af_nordens_flora_%28Plate_65%29_BHL10459331.jpg,https://commons.wikimedia.org/wiki/File%3ABilleder_af_nordens_flora_%28Plate_65%29_BHL10459331.jpg,"printed in 1917-26 contents: Lonicera xylosteum; image: Danish Mentz & Ostenfeld edition, BHL scan on Commons 2147x3498 px (same plate number); family: Caprifoliaceae"
Lonicera periclymenum,Vildkaprifol,,66,https://upload.wikimedia.org/wikipedia/commons/4/45/Billeder_af_nordens_flora_%28Plate_66%29_BHL10459333.jpg,https://commons.wikimedia.org/wiki/File%3ABilleder_af_nordens_flora_%28Plate_66%29_BHL10459333.jpg,"printed in 1917-26 contents: Lonicera periclymenum; image: Danish Mentz & Ostenfeld edition, BHL scan on Commons 2147x3498 px (same plate number); family: Caprifoliaceae"
Linnaea borealis,Linnea,,67,https://upload.wikimedia.org/wikipedia/commons/0/00/Billeder_af_nordens_flora_%28Plate_67%29_BHL10459335.jpg,https://commons.wikimedia.org/wiki/File%3ABilleder_af_nordens_flora_%28Plate_67%29_BHL10459335.jpg,"printed in 1917-26 contents: Linnæa borealis; image: Danish Mentz & Ostenfeld edition, BHL scan on Commons 2147x3498 px (same plate number); family: Caprifoliaceae"
Galium aparine,Snärjmåra,,68,https://upload.wikimedia.org/wikipedia/commons/a/ae/Billeder_af_nordens_flora_%28Plate_68%29_BHL10459337.jpg,https://commons.wikimedia.org/wiki/File%3ABilleder_af_nordens_flora_%28Plate_68%29_BHL10459337.jpg,"printed in 1917-26 contents: Galium aparine; image: Danish Mentz & Ostenfeld edition, BHL scan on Commons 2147x3498 px (same plate number); family: Rubiaceae"
Galium boreale,Vitmåra,,69,https://upload.wikimedia.org/wikipedia/commons/f/f6/Billeder_af_nordens_flora_%28Plate_69%29_BHL10459339.jpg,https://commons.wikimedia.org/wiki/File%3ABilleder_af_nordens_flora_%28Plate_69%29_BHL10459339.jpg,"printed in 1917-26 contents: Galium boreale; image: Danish Mentz & Ostenfeld edition, BHL scan on Commons 2147x3498 px (same plate number); family: Rubiaceae"
Galium verum,Gulmåra,,70,https://upload.wikimedia.org/wikipedia/commons/c/c3/Billeder_af_nordens_flora_%28Plate_70%29_BHL10459341.jpg,https://commons.wikimedia.org/wiki/File%3ABilleder_af_nordens_flora_%28Plate_70%29_BHL10459341.jpg,"printed in 1917-26 contents: Galium verum; image: Danish Mentz & Ostenfeld edition, BHL scan on Commons 2147x3498 px (same plate number); family: Rubiaceae"
Asperula odorata,Myskmadra,,71,https://upload.wikimedia.org/wikipedia/commons/4/4f/Billeder_af_nordens_flora_%28Plate_71%29_BHL10459343.jpg,https://commons.wikimedia.org/wiki/File%3ABilleder_af_nordens_flora_%28Plate_71%29_BHL10459343.jpg,"printed in 1917-26 contents: Asperula odorata; image: Danish Mentz & Ostenfeld edition, BHL scan on Commons 2147x3498 px (same plate number); family: Rubiaceae"
Sherardia arvensis,Åkermadd,,72,https://upload.wikimedia.org/wikipedia/commons/9/90/Billeder_af_nordens_flora_%28Plate_72%29_BHL10459345.jpg,https://commons.wikimedia.org/wiki/File%3ABilleder_af_nordens_flora_%28Plate_72%29_BHL10459345.jpg,"printed in 1917-26 contents: Sherardia arvensis; image: Danish Mentz & Ostenfeld edition, BHL scan on Commons 2147x3498 px (same plate number); family: Rubiaceae"
Ligustrum vulgare,Liguster,,73,https://upload.wikimedia.org/wikipedia/commons/c/ce/Billeder_af_nordens_flora_%28Plate_73%29_BHL10459347.jpg,https://commons.wikimedia.org/wiki/File%3ABilleder_af_nordens_flora_%28Plate_73%29_BHL10459347.jpg,"printed in 1917-26 contents: Ligustrum vulgare; image: Danish Mentz & Ostenfeld edition, BHL scan on Commons 2147x3498 px (same plate number); family: Oleaceae"
Fraxinus excelsior,Ask,,74,https://upload.wikimedia.org/wikipedia/commons/4/4c/Billeder_af_nordens_flora_%28Plate_74%29_BHL10459349.jpg,https://commons.wikimedia.org/wiki/File%3ABilleder_af_nordens_flora_%28Plate_74%29_BHL10459349.jpg,"printed in 1917-26 contents: Fraxinus excelsior; image: Danish Mentz & Ostenfeld edition, BHL scan on Commons 2147x3498 px (same plate number); family: Oleaceae"
Gentiana campestris,Stålört,,75,https://upload.wikimedia.org/wikipedia/commons/c/cf/Billeder_af_nordens_flora_%28Plate_75%29_BHL10459351.jpg,https://commons.wikimedia.org/wiki/File%3ABilleder_af_nordens_flora_%28Plate_75%29_BHL10459351.jpg,"printed in 1917-26 contents: Gentiana campestris; image: Danish Mentz & Ostenfeld edition, BHL scan on Commons 2147x3498 px (same plate number); family: Gentianaceae"
Gentiana pneumonanthe,Höstklocka,,76,https://upload.wikimedia.org/wikipedia/commons/d/da/Billeder_af_nordens_flora_%28Plate_76%29_BHL10459353.jpg,https://commons.wikimedia.org/wiki/File%3ABilleder_af_nordens_flora_%28Plate_76%29_BHL10459353.jpg,"printed in 1917-26 contents: gentiana pneumonanthe; image: Danish Mentz & Ostenfeld edition, BHL scan on Commons 2147x3498 px (same plate number); family: Gentianaceae"
Gentiana nivalis,Nordstålört,,77,https://upload.wikimedia.org/wikipedia/commons/7/74/Billeder_af_nordens_flora_%28Plate_77%29_BHL10459355.jpg,https://commons.wikimedia.org/wiki/File%3ABilleder_af_nordens_flora_%28Plate_77%29_BHL10459355.jpg,"printed in 1917-26 contents: Gentiana nivalis; image: Danish Mentz & Ostenfeld edition, BHL scan on Commons 2147x3498 px (same plate number); family: Gentianaceae"
Centaurium pulchellum,Dvärgarun,,78,https://upload.wikimedia.org/wikipedia/commons/0/07/Billeder_af_nordens_flora_%28Plate_78%29_BHL10459357.jpg,https://commons.wikimedia.org/wiki/File%3ABilleder_af_nordens_flora_%28Plate_78%29_BHL10459357.jpg,"composite: 2 names indexed on this plate; printed in 1917-26 contents: Centaurium pulchellum; image: Danish Mentz & Ostenfeld edition, BHL scan on Commons 2147x3498 px (same plate number); family: Gentianaceae"
Centaurium vulgare,Dvärgarun,,78,https://upload.wikimedia.org/wikipedia/commons/0/07/Billeder_af_nordens_flora_%28Plate_78%29_BHL10459357.jpg,https://commons.wikimedia.org/wiki/File%3ABilleder_af_nordens_flora_%28Plate_78%29_BHL10459357.jpg,"composite: 2 names indexed on this plate; printed in 1917-26 contents: Centaurium pulchellum; image: Danish Mentz & Ostenfeld edition, BHL scan on Commons 2147x3498 px (same plate number); family: Gentianaceae"
Menyanthes triofoliata,Vattenklöver,,79,https://upload.wikimedia.org/wikipedia/commons/4/4f/Billeder_af_nordens_flora_%28Plate_79%29_BHL10459359.jpg,https://commons.wikimedia.org/wiki/File%3ABilleder_af_nordens_flora_%28Plate_79%29_BHL10459359.jpg,"printed in 1917-26 contents: Menyanthes triofoliata; image: Danish Mentz & Ostenfeld edition, BHL scan on Commons 2147x3498 px (same plate number); family: Menyanthaceae"
Cynanchum vincetoxicum,Tilkört,,80,https://upload.wikimedia.org/wikipedia/commons/e/ee/Billeder_af_nordens_flora_%28Plate_80%29_BHL10459361.jpg,https://commons.wikimedia.org/wiki/File%3ABilleder_af_nordens_flora_%28Plate_80%29_BHL10459361.jpg,"printed in 1917-26 contents: Cynanchum vincetoxicum; image: Danish Mentz & Ostenfeld edition, BHL scan on Commons 2147x3498 px (same plate number); family: Asclepiadaceae"
Myosotis scorpioides,Förgätmigej,,81,https://upload.wikimedia.org/wikipedia/commons/c/c4/Billeder_af_nordens_flora_%28Plate_81%29_BHL10459363.jpg,https://commons.wikimedia.org/wiki/File%3ABilleder_af_nordens_flora_%28Plate_81%29_BHL10459363.jpg,"printed in 1917-26 contents: Myosotis scorpioides; image: Danish Mentz & Ostenfeld edition, BHL scan on Commons 2147x3498 px (same plate number); family: Boraginaceae"
Cynoglossum officinale,Hundtunga,,82,https://upload.wikimedia.org/wikipedia/commons/9/90/Billeder_af_nordens_flora_%28Plate_82%29_BHL10459365.jpg,https://commons.wikimedia.org/wiki/File%3ABilleder_af_nordens_flora_%28Plate_82%29_BHL10459365.jpg,"printed in 1917-26 contents: Cynoglossum officinale; image: Danish Mentz & Ostenfeld edition, BHL scan on Commons 2147x3498 px (same plate number); family: Boraginaceae"
Anchusa officinalis,Oxtunga,,83,https://upload.wikimedia.org/wikipedia/commons/6/62/Billeder_af_nordens_flora_%28Plate_83%29_BHL10459367.jpg,https://commons.wikimedia.org/wiki/File%3ABilleder_af_nordens_flora_%28Plate_83%29_BHL10459367.jpg,"printed in 1917-26 contents: Anchusa officinalis; image: Danish Mentz & Ostenfeld edition, BHL scan on Commons 2147x3498 px (same plate number); family: Boraginaceae"
Lithospermum arvense,Sminkrot,,84,https://upload.wikimedia.org/wikipedia/commons/4/4f/Billeder_af_nordens_flora_%28Plate_84%29_BHL10459369.jpg,https://commons.wikimedia.org/wiki/File%3ABilleder_af_nordens_flora_%28Plate_84%29_BHL10459369.jpg,"printed in 1917-26 contents: Lithospermum arvense; image: Danish Mentz & Ostenfeld edition, BHL scan on Commons 2147x3498 px (same plate number); family: Boraginaceae"
Pulmonaria officinalis,Lungört,,85,https://upload.wikimedia.org/wikipedia/commons/3/35/Billeder_af_nordens_flora_%28Plate_85%29_BHL10459371.jpg,https://commons.wikimedia.org/wiki/File%3ABilleder_af_nordens_flora_%28Plate_85%29_BHL10459371.jpg,"printed in 1917-26 contents: Pulmonaria officinalis; image: Danish Mentz & Ostenfeld edition, BHL scan on Commons 2147x3498 px (same plate number); family: Boraginaceae"
Symphytum officinale,Vallört,,86,https://upload.wikimedia.org/wikipedia/commons/1/1c/Billeder_af_nordens_flora_%28Plate_86%29_%286029354420%29.jpg,https://commons.wikimedia.org/wiki/File%3ABilleder_af_nordens_flora_%28Plate_86%29_%286029354420%29.jpg,"printed in 1917-26 contents: Symphytum officinale; image: Danish Mentz & Ostenfeld edition, BHL scan on Commons 2147x3498 px (same plate number); family: Boraginaceae"
Echium vulgare,Blåeld,,87,https://upload.wikimedia.org/wikipedia/commons/b/b4/Billeder_af_nordens_flora_%28Plate_87%29_BHL10459375.jpg,https://commons.wikimedia.org/wiki/File%3ABilleder_af_nordens_flora_%28Plate_87%29_BHL10459375.jpg,"printed in 1917-26 contents: Echium vulgare; image: Danish Mentz & Ostenfeld edition, BHL scan on Commons 2147x3498 px (same plate number); family: Boraginaceae"
Mentha arvensis,Åkermynta,,88,https://upload.wikimedia.org/wikipedia/commons/2/2c/Billeder_af_nordens_flora_%28Plate_88%29_BHL10459377.jpg,https://commons.wikimedia.org/wiki/File%3ABilleder_af_nordens_flora_%28Plate_88%29_BHL10459377.jpg,"printed in 1917-26 contents: Mentha arvensis; image: Danish Mentz & Ostenfeld edition, BHL scan on Commons 2147x3498 px (same plate number); family: Lamiaceae"
Lycopus europaeus,Strandklo,,89,https://upload.wikimedia.org/wikipedia/commons/e/ee/Billeder_af_nordens_flora_%28Plate_89%29_BHL10459379.jpg,https://commons.wikimedia.org/wiki/File%3ABilleder_af_nordens_flora_%28Plate_89%29_BHL10459379.jpg,"printed in 1917-26 contents: Lycopus europæus; image: Danish Mentz & Ostenfeld edition, BHL scan on Commons 2147x3498 px (same plate number); family: Lamiaceae"
Thymus serpyllum,Backtimjan,,90,https://upload.wikimedia.org/wikipedia/commons/4/44/Billeder_af_nordens_flora_%28Plate_90%29_BHL10459381.jpg,https://commons.wikimedia.org/wiki/File%3ABilleder_af_nordens_flora_%28Plate_90%29_BHL10459381.jpg,"printed in 1917-26 contents: Thymus serpyllum; image: Danish Mentz & Ostenfeld edition, BHL scan on Commons 2147x3498 px (same plate number); family: Lamiaceae"
Origanum vulgare,Konig,,91,https://upload.wikimedia.org/wikipedia/commons/0/07/Billeder_af_nordens_flora_%28Plate_91%29_BHL10459383.jpg,https://commons.wikimedia.org/wiki/File%3ABilleder_af_nordens_flora_%28Plate_91%29_BHL10459383.jpg,"printed in 1917-26 contents: Origanum vulgare; image: Danish Mentz & Ostenfeld edition, BHL scan on Commons 2147x3498 px (same plate number); family: Lamiaceae"
Nepeta cataria,Kattmynta,,92,https://upload.wikimedia.org/wikipedia/commons/8/8c/Billeder_af_nordens_flora_%28Plate_92%29_BHL10459385.jpg,https://commons.wikimedia.org/wiki/File%3ABilleder_af_nordens_flora_%28Plate_92%29_BHL10459385.jpg,"printed in 1917-26 contents: Nepeta cataria; image: Danish Mentz & Ostenfeld edition, BHL scan on Commons 2147x3498 px (same plate number); family: Lamiaceae"
Glechoma hederacea,Jordreva,,93,https://upload.wikimedia.org/wikipedia/commons/2/24/Billeder_af_nordens_flora_%28Plate_93%29_BHL10459387.jpg,https://commons.wikimedia.org/wiki/File%3ABilleder_af_nordens_flora_%28Plate_93%29_BHL10459387.jpg,"printed in 1917-26 contents: Glechoma hederacea; image: Danish Mentz & Ostenfeld edition, BHL scan on Commons 2147x3498 px (same plate number); family: Lamiaceae"
Lamium galeobdolon,Gulsuga,,94,https://upload.wikimedia.org/wikipedia/commons/3/35/Billeder_af_nordens_flora_%28Plate_94%29_BHL10459389.jpg,https://commons.wikimedia.org/wiki/File%3ABilleder_af_nordens_flora_%28Plate_94%29_BHL10459389.jpg,"printed in 1917-26 contents: Lamium galeobdolon; image: Danish Mentz & Ostenfeld edition, BHL scan on Commons 2147x3498 px (same plate number); family: Lamiaceae"
Lamium album,Vitplister,,95,https://upload.wikimedia.org/wikipedia/commons/e/e3/Billeder_af_nordens_flora_%28Plate_95%29_BHL10459391.jpg,https://commons.wikimedia.org/wiki/File%3ABilleder_af_nordens_flora_%28Plate_95%29_BHL10459391.jpg,"printed in 1917-26 contents: Lamium album; image: Danish Mentz & Ostenfeld edition, BHL scan on Commons 2147x3498 px (same plate number); family: Lamiaceae"
Stachys palustris,Knölsyska,,96,https://upload.wikimedia.org/wikipedia/commons/a/a8/Billeder_af_nordens_flora_%28Plate_96%29_BHL10459393.jpg,https://commons.wikimedia.org/wiki/File%3ABilleder_af_nordens_flora_%28Plate_96%29_BHL10459393.jpg,"printed in 1917-26 contents: Stachys palustris; image: Danish Mentz & Ostenfeld edition, BHL scan on Commons 2147x3498 px (same plate number); family: Lamiaceae"
Stachys silvatica,Stinksyska,,97,https://upload.wikimedia.org/wikipedia/commons/b/bb/Billeder_af_nordens_flora_%28Plate_97%29_BHL10459395.jpg,https://commons.wikimedia.org/wiki/File%3ABilleder_af_nordens_flora_%28Plate_97%29_BHL10459395.jpg,"printed in 1917-26 contents: Stachys silvatica; image: Danish Mentz & Ostenfeld edition, BHL scan on Commons 2147x3498 px (same plate number); family: Lamiaceae"
Ballota nigra,Bonässla,,98,https://upload.wikimedia.org/wikipedia/commons/5/57/Billeder_af_nordens_flora_%28Plate_98%29_%286028805517%29.jpg,https://commons.wikimedia.org/wiki/File%3ABilleder_af_nordens_flora_%28Plate_98%29_%286028805517%29.jpg,"printed in 1917-26 contents: Ballota nogra; image: Danish Mentz & Ostenfeld edition, BHL scan on Commons 2147x3498 px (same plate number); family: Lamiaceae"
Leonurus cardiaca,Hjärtstilla,,99,https://upload.wikimedia.org/wikipedia/commons/d/d2/Billeder_af_nordens_flora_%28Plate_99%29_BHL10459399.jpg,https://commons.wikimedia.org/wiki/File%3ABilleder_af_nordens_flora_%28Plate_99%29_BHL10459399.jpg,"printed in 1917-26 contents: Leonorus cardiaca; image: Danish Mentz & Ostenfeld edition, BHL scan on Commons 2147x3498 px (same plate number); family: Lamiaceae"
Galeopsis speciosa,Hampdån,,100,https://upload.wikimedia.org/wikipedia/commons/9/94/Billeder_af_nordens_flora_%28Plate_100%29_BHL10459401.jpg,https://commons.wikimedia.org/wiki/File%3ABilleder_af_nordens_flora_%28Plate_100%29_BHL10459401.jpg,"printed in 1917-26 contents: Galeopsis speciosa; image: Danish Mentz & Ostenfeld edition, BHL scan on Commons 2147x3498 px (same plate number); family: Lamiaceae"
Prunella vulgaris,Brunört,,101,https://upload.wikimedia.org/wikipedia/commons/5/56/Billeder_af_nordens_flora_%28Plate_101%29_BHL10459403.jpg,https://commons.wikimedia.org/wiki/File%3ABilleder_af_nordens_flora_%28Plate_101%29_BHL10459403.jpg,"printed in 1917-26 contents: Prunella vulgaris; image: Danish Mentz & Ostenfeld edition, BHL scan on Commons 2147x3498 px (same plate number); family: Lamiaceae"
Scutellaria galericulata,Frossört,,102,https://upload.wikimedia.org/wikipedia/commons/e/e9/Billeder_af_nordens_flora_%28Plate_102%29_BHL10459405.jpg,https://commons.wikimedia.org/wiki/File%3ABilleder_af_nordens_flora_%28Plate_102%29_BHL10459405.jpg,"printed in 1917-26 contents: Scutellaria galericulata; image: Danish Mentz & Ostenfeld edition, BHL scan on Commons 2147x3498 px (same plate number); family: Lamiaceae"
Ajuga pyramidalis,Blåsuga,,103,https://upload.wikimedia.org/wikipedia/commons/1/1e/Billeder_af_nordens_flora_%28Plate_103%29_BHL10459407.jpg,https://commons.wikimedia.org/wiki/File%3ABilleder_af_nordens_flora_%28Plate_103%29_BHL10459407.jpg,"printed in 1917-26 contents: Ajuga pyramidalis; image: Danish Mentz & Ostenfeld edition, BHL scan on Commons 2147x3498 px (same plate number); family: Lamiaceae"
Convolvulus arvensis,Åkervinda,,104,https://upload.wikimedia.org/wikipedia/commons/5/5b/Billeder_af_nordens_flora_%28Plate_104%29_BHL10459409.jpg,https://commons.wikimedia.org/wiki/File%3ABilleder_af_nordens_flora_%28Plate_104%29_BHL10459409.jpg,"printed in 1917-26 contents: Convolvulus arvensis; image: Danish Mentz & Ostenfeld edition, BHL scan on Commons 2147x3498 px (same plate number); family: Convolvulaceae"
Convolvulus sepium,Snårvinda,,105,https://upload.wikimedia.org/wikipedia/commons/d/d6/Billeder_af_nordens_flora_%28Plate_105%29_%286029360244%29.jpg,https://commons.wikimedia.org/wiki/File%3ABilleder_af_nordens_flora_%28Plate_105%29_%286029360244%29.jpg,"printed in 1917-26 contents: Convolvulus sepium; image: Danish Mentz & Ostenfeld edition, BHL scan on Commons 2147x3498 px (same plate number); family: Convolvulaceae"
Cuscuta europaea,Snarreva,,106,https://upload.wikimedia.org/wikipedia/commons/0/0d/Billeder_af_nordens_flora_%28Plate_106%29_BHL10459413.jpg,https://commons.wikimedia.org/wiki/File%3ABilleder_af_nordens_flora_%28Plate_106%29_BHL10459413.jpg,"printed in 1917-26 contents: Cuscuta europæa; image: Danish Mentz & Ostenfeld edition, BHL scan on Commons 2147x3498 px (same plate number); family: Convolvulaceae"
Polemonium coeruleum,Blågull,,107,https://upload.wikimedia.org/wikipedia/commons/5/52/Billeder_af_nordens_flora_%28Plate_107%29_BHL10459415.jpg,https://commons.wikimedia.org/wiki/File%3ABilleder_af_nordens_flora_%28Plate_107%29_BHL10459415.jpg,"printed in 1917-26 contents: Ploemonium coeruleum; image: Danish Mentz & Ostenfeld edition, BHL scan on Commons 2147x3498 px (same plate number); family: Polemoniaceae"
Solanum nigrum,Nattskatta,,108,https://upload.wikimedia.org/wikipedia/commons/4/45/Billeder_af_nordens_flora_%28Plate_108%29_%286029361398%29.jpg,https://commons.wikimedia.org/wiki/File%3ABilleder_af_nordens_flora_%28Plate_108%29_%286029361398%29.jpg,"printed in 1917-26 contents: Solanum nigrum; image: Danish Mentz & Ostenfeld edition, BHL scan on Commons 2147x3498 px (same plate number); family: Solanaceae"
Solanum dulcamara,Besksöta,,109,https://upload.wikimedia.org/wikipedia/commons/0/06/Billeder_af_nordens_flora_%28Plate_109%29_%286029361764%29.jpg,https://commons.wikimedia.org/wiki/File%3ABilleder_af_nordens_flora_%28Plate_109%29_%286029361764%29.jpg,"printed in 1917-26 contents: Solanum dulcamara; image: Danish Mentz & Ostenfeld edition, BHL scan on Commons 2147x3498 px (same plate number); family: Solanaceae"
Hyoscyamus niger,Bolmört,,110,https://upload.wikimedia.org/wikipedia/commons/7/7f/Billeder_af_nordens_flora_%28Plate_110%29_BHL10459421.jpg,https://commons.wikimedia.org/wiki/File%3ABilleder_af_nordens_flora_%28Plate_110%29_BHL10459421.jpg,"printed in 1917-26 contents: Hyoscyamus niger; image: Danish Mentz & Ostenfeld edition, BHL scan on Commons 2147x3498 px (same plate number); family: Solanaceae"
Verbascum thapsus,Kungsljus,,111,https://upload.wikimedia.org/wikipedia/commons/7/7c/Billeder_af_nordens_flora_%28Plate_111%29_BHL10459423.jpg,https://commons.wikimedia.org/wiki/File%3ABilleder_af_nordens_flora_%28Plate_111%29_BHL10459423.jpg,"printed in 1917-26 contents: Verbasum thapsus; image: Danish Mentz & Ostenfeld edition, BHL scan on Commons 2147x3498 px (same plate number); family: Scrophulariaceae"
Scrophularia nodosa,Flenört,,112,https://upload.wikimedia.org/wikipedia/commons/e/e8/Billeder_af_nordens_flora_%28Plate_112%29_BHL10459425.jpg,https://commons.wikimedia.org/wiki/File%3ABilleder_af_nordens_flora_%28Plate_112%29_BHL10459425.jpg,"printed in 1917-26 contents: Scrophularia nodosa; image: Danish Mentz & Ostenfeld edition, BHL scan on Commons 2147x3498 px (same plate number); family: Scrophulariaceae"
Linaria repens,Strimsporre,,113,https://upload.wikimedia.org/wikipedia/commons/3/39/Billeder_af_nordens_flora_%28Plate_113%29_BHL10459427.jpg,https://commons.wikimedia.org/wiki/File%3ABilleder_af_nordens_flora_%28Plate_113%29_BHL10459427.jpg,"composite: 2 names indexed on this plate; printed in 1917-26 contents: Linaria repens; image: Danish Mentz & Ostenfeld edition, BHL scan on Commons 2147x3498 px (same plate number); family: Scrophulariaceae"
Linaria vulgaris,Strimsporre,,113,https://upload.wikimedia.org/wikipedia/commons/3/39/Billeder_af_nordens_flora_%28Plate_113%29_BHL10459427.jpg,https://commons.wikimedia.org/wiki/File%3ABilleder_af_nordens_flora_%28Plate_113%29_BHL10459427.jpg,"composite: 2 names indexed on this plate; printed in 1917-26 contents: Linaria repens; image: Danish Mentz & Ostenfeld edition, BHL scan on Commons 2147x3498 px (same plate number); family: Scrophulariaceae"
Veronica chamaedrys,Ärepris,,114,https://upload.wikimedia.org/wikipedia/commons/7/71/Billeder_af_nordens_flora_%28Plate_114%29_BHL10459429.jpg,https://commons.wikimedia.org/wiki/File%3ABilleder_af_nordens_flora_%28Plate_114%29_BHL10459429.jpg,"composite: 2 names indexed on this plate; printed in 1917-26 contents: Veronica officinalis; image: Danish Mentz & Ostenfeld edition, BHL scan on Commons 2147x3498 px (same plate number); family: Scrophulariaceae"
Veronica officinalis,Ärepris,,114,https://upload.wikimedia.org/wikipedia/commons/7/71/Billeder_af_nordens_flora_%28Plate_114%29_BHL10459429.jpg,https://commons.wikimedia.org/wiki/File%3ABilleder_af_nordens_flora_%28Plate_114%29_BHL10459429.jpg,"composite: 2 names indexed on this plate; printed in 1917-26 contents: Veronica officinalis; image: Danish Mentz & Ostenfeld edition, BHL scan on Commons 2147x3498 px (same plate number); family: Scrophulariaceae"
Veronica beccabunga,Bäckgröna,,115,https://upload.wikimedia.org/wikipedia/commons/5/52/Billeder_af_nordens_flora_%28Plate_115%29_%286029363374%29.jpg,https://commons.wikimedia.org/wiki/File%3ABilleder_af_nordens_flora_%28Plate_115%29_%286029363374%29.jpg,"printed in 1917-26 contents: Veronica beccabunga; image: Danish Mentz & Ostenfeld edition, BHL scan on Commons 2147x3498 px (same plate number); family: Scrophulariaceae"
Veronica fruticans,Klippärepris,,116,https://upload.wikimedia.org/wikipedia/commons/e/e5/Billeder_af_nordens_flora_%28Plate_116%29_BHL10459433.jpg,https://commons.wikimedia.org/wiki/File%3ABilleder_af_nordens_flora_%28Plate_116%29_BHL10459433.jpg,"printed in 1917-26 contents: Veronica fruticans; image: Danish Mentz & Ostenfeld edition, BHL scan on Commons 2147x3498 px (same plate number); family: Scrophulariaceae"
Veronica hederifolia,Revärepris,,117,https://upload.wikimedia.org/wikipedia/commons/6/6b/Billeder_af_nordens_flora_%28Plate_117%29_BHL10459435.jpg,https://commons.wikimedia.org/wiki/File%3ABilleder_af_nordens_flora_%28Plate_117%29_BHL10459435.jpg,"printed in 1917-26 contents: Veronica hederifolia; image: Danish Mentz & Ostenfeld edition, BHL scan on Commons 2147x3498 px (same plate number); family: Scrophulariaceae"
Euphrasia rostkoviana,Ögontröst,,118,https://upload.wikimedia.org/wikipedia/commons/8/89/Billeder_af_nordens_flora_%28Plate_118%29_BHL10459437.jpg,https://commons.wikimedia.org/wiki/File%3ABilleder_af_nordens_flora_%28Plate_118%29_BHL10459437.jpg,"printed in 1917-26 contents: Euphrasia rostkoviana; image: Danish Mentz & Ostenfeld edition, BHL scan on Commons 2147x3498 px (same plate number); family: Scrophulariaceae"
Odontites rubra,Rödkulla,,119,https://upload.wikimedia.org/wikipedia/commons/1/11/Billeder_af_nordens_flora_%28Plate_119%29_BHL10459439.jpg,https://commons.wikimedia.org/wiki/File%3ABilleder_af_nordens_flora_%28Plate_119%29_BHL10459439.jpg,"printed in 1917-26 contents: Odontites rubra; image: Danish Mentz & Ostenfeld edition, BHL scan on Commons 2147x3498 px (same plate number); family: Scrophulariaceae"
Bartsia alpina,Svarthö,,120,https://upload.wikimedia.org/wikipedia/commons/0/06/Billeder_af_nordens_flora_%28Plate_120%29_BHL10459441.jpg,https://commons.wikimedia.org/wiki/File%3ABilleder_af_nordens_flora_%28Plate_120%29_BHL10459441.jpg,"printed in 1917-26 contents: Bartsia alpina; image: Danish Mentz & Ostenfeld edition, BHL scan on Commons 2147x3498 px (same plate number); family: Scrophulariaceae"
Melampyrum nemorosum,Natt och dag,,121,https://upload.wikimedia.org/wikipedia/commons/f/f7/Billeder_af_nordens_flora_%28Plate_121%29_BHL10459443.jpg,https://commons.wikimedia.org/wiki/File%3ABilleder_af_nordens_flora_%28Plate_121%29_BHL10459443.jpg,"composite: 2 names indexed on this plate; printed in 1917-26 contents: Melampyrum nemorosum; image: Danish Mentz & Ostenfeld edition, BHL scan on Commons 2147x3498 px (same plate number); family: Scrophulariaceae"
Melampyrum pratense,Natt och dag,,121,https://upload.wikimedia.org/wikipedia/commons/f/f7/Billeder_af_nordens_flora_%28Plate_121%29_BHL10459443.jpg,https://commons.wikimedia.org/wiki/File%3ABilleder_af_nordens_flora_%28Plate_121%29_BHL10459443.jpg,"composite: 2 names indexed on this plate; printed in 1917-26 contents: Melampyrum nemorosum; image: Danish Mentz & Ostenfeld edition, BHL scan on Commons 2147x3498 px (same plate number); family: Scrophulariaceae"
Rhinanthus major,Stor höskallra,,122,https://upload.wikimedia.org/wikipedia/commons/c/cb/Billeder_af_nordens_flora_%28Plate_122%29_BHL10459445.jpg,https://commons.wikimedia.org/wiki/File%3ABilleder_af_nordens_flora_%28Plate_122%29_BHL10459445.jpg,"composite: 2 names indexed on this plate; printed in 1917-26 contents: Rhinanthus major; image: Danish Mentz & Ostenfeld edition, BHL scan on Commons 2173x3529 px (same plate number); family: Scrophulariaceae"
Rhinanthus minor,Stor höskallra,,122,https://upload.wikimedia.org/wikipedia/commons/c/cb/Billeder_af_nordens_flora_%28Plate_122%29_BHL10459445.jpg,https://commons.wikimedia.org/wiki/File%3ABilleder_af_nordens_flora_%28Plate_122%29_BHL10459445.jpg,"composite: 2 names indexed on this plate; printed in 1917-26 contents: Rhinanthus major; image: Danish Mentz & Ostenfeld edition, BHL scan on Commons 2173x3529 px (same plate number); family: Scrophulariaceae"
Pedicularis palustris,Ängsspira,,123,https://upload.wikimedia.org/wikipedia/commons/6/69/Billeder_af_nordens_flora_%28Plate_123%29_BHL10459447.jpg,https://commons.wikimedia.org/wiki/File%3ABilleder_af_nordens_flora_%28Plate_123%29_BHL10459447.jpg,"composite: 2 names indexed on this plate; printed in 1917-26 contents: Pedicularis silvatica; image: Danish Mentz & Ostenfeld edition, BHL scan on Commons 2147x3498 px (same plate number); family: Scrophulariaceae"
Pedicularis silvatica,Ängsspira,,123,https://upload.wikimedia.org/wikipedia/commons/6/69/Billeder_af_nordens_flora_%28Plate_123%29_BHL10459447.jpg,https://commons.wikimedia.org/wiki/File%3ABilleder_af_nordens_flora_%28Plate_123%29_BHL10459447.jpg,"composite: 2 names indexed on this plate; printed in 1917-26 contents: Pedicularis silvatica; image: Danish Mentz & Ostenfeld edition, BHL scan on Commons 2147x3498 px (same plate number); family: Scrophulariaceae"
Pedicularis lapponica,Lappspira,,124,https://upload.wikimedia.org/wikipedia/commons/c/cc/Billeder_af_nordens_flora_%28Plate_124%29_BHL10459449.jpg,https://commons.wikimedia.org/wiki/File%3ABilleder_af_nordens_flora_%28Plate_124%29_BHL10459449.jpg,"printed in 1917-26 contents: Pedicularis lapponica; image: Danish Mentz & Ostenfeld edition, BHL scan on Commons 2147x3498 px (same plate number); family: Scrophulariaceae"
Lathraea squamaria,Vätteros,,125,https://upload.wikimedia.org/wikipedia/commons/d/df/Billeder_af_nordens_flora_%28Plate_125%29_BHL10459451.jpg,https://commons.wikimedia.org/wiki/File%3ABilleder_af_nordens_flora_%28Plate_125%29_BHL10459451.jpg,"printed in 1917-26 contents: Lathræa squamaria; image: Danish Mentz & Ostenfeld edition, BHL scan on Commons 2147x3498 px (same plate number); family: Scrophulariaceae"
Orobanche major,Snyltrot,,126,https://upload.wikimedia.org/wikipedia/commons/e/ed/Billeder_af_nordens_flora_%28Plate_126%29_BHL10459453.jpg,https://commons.wikimedia.org/wiki/File%3ABilleder_af_nordens_flora_%28Plate_126%29_BHL10459453.jpg,"printed in 1917-26 contents: Orobanche major; image: Danish Mentz & Ostenfeld edition, BHL scan on Commons 2147x3498 px (same plate number); family: Orobanchaceae"
Plantago lanceolata,Spetsgroblad,,127,https://upload.wikimedia.org/wikipedia/commons/e/e5/Billeder_af_nordens_flora_%28Plate_127%29_BHL10459455.jpg,https://commons.wikimedia.org/wiki/File%3ABilleder_af_nordens_flora_%28Plate_127%29_BHL10459455.jpg,"printed in 1917-26 contents: Plantago lanceolata; image: Danish Mentz & Ostenfeld edition, BHL scan on Commons 2147x3498 px (same plate number); family: Plantaginaceae"
Plantago media,Kämpegroblad,,128,https://upload.wikimedia.org/wikipedia/commons/f/fc/Billeder_af_nordens_flora_%28Plate_128%29_BHL10459457.jpg,https://commons.wikimedia.org/wiki/File%3ABilleder_af_nordens_flora_%28Plate_128%29_BHL10459457.jpg,"printed in 1917-26 contents: Plantago media; image: Danish Mentz & Ostenfeld edition, BHL scan on Commons 2147x3498 px (same plate number); family: Plantaginaceae"
Littorella uniflora,Strandpryl,,129,https://upload.wikimedia.org/wikipedia/commons/8/89/Billeder_af_nordens_flora_%28Plate_129%29_BHL10459459.jpg,https://commons.wikimedia.org/wiki/File%3ABilleder_af_nordens_flora_%28Plate_129%29_BHL10459459.jpg,"printed in 1917-26 contents: Litorella uniflora; image: Danish Mentz & Ostenfeld edition, BHL scan on Commons 2147x3498 px (same plate number); family: Plantaginaceae"
Pinguicula vulgaris,Tätört,,130,https://upload.wikimedia.org/wikipedia/commons/b/b3/Billeder_af_nordens_flora_%28Plate_130%29_BHL10459461.jpg,https://commons.wikimedia.org/wiki/File%3ABilleder_af_nordens_flora_%28Plate_130%29_BHL10459461.jpg,"printed in 1917-26 contents: Pinguicula vulgaris; image: Danish Mentz & Ostenfeld edition, BHL scan on Commons 2147x3498 px (same plate number); family: Lentibulariaceae"
Utricularia major,Blåsört,,131,https://upload.wikimedia.org/wikipedia/commons/8/8e/Billeder_af_nordens_flora_%28Plate_131%29_BHL10459463.jpg,https://commons.wikimedia.org/wiki/File%3ABilleder_af_nordens_flora_%28Plate_131%29_BHL10459463.jpg,"printed in 1917-26 contents: Utricularia major; image: Danish Mentz & Ostenfeld edition, BHL scan on Commons 2147x3498 px (same plate number); family: Lentibulariaceae"
Lysimachia vulgaris,Videört,,132,https://upload.wikimedia.org/wikipedia/commons/9/99/Billeder_af_nordens_flora_%28Plate_132%29_BHL10459465.jpg,https://commons.wikimedia.org/wiki/File%3ABilleder_af_nordens_flora_%28Plate_132%29_BHL10459465.jpg,"printed in 1917-26 contents: Lysimachia vulgaris; image: Danish Mentz & Ostenfeld edition, BHL scan on Commons 2147x3498 px (same plate number); family: Primulaceae"
Anagallis arvensis,Rödarv,,133,https://upload.wikimedia.org/wikipedia/commons/0/0e/Billeder_af_nordens_flora_%28Plate_133%29_BHL10459467.jpg,https://commons.wikimedia.org/wiki/File%3ABilleder_af_nordens_flora_%28Plate_133%29_BHL10459467.jpg,"printed in 1917-26 contents: Anagallis arvensis; image: Danish Mentz & Ostenfeld edition, BHL scan on Commons 2147x3498 px (same plate number); family: Primulaceae"
Trientalis europaea,Duvkulla,,134,https://upload.wikimedia.org/wikipedia/commons/6/64/Billeder_af_nordens_flora_%28Plate_134%29_BHL10459469.jpg,https://commons.wikimedia.org/wiki/File%3ABilleder_af_nordens_flora_%28Plate_134%29_BHL10459469.jpg,"printed in 1917-26 contents: Trientalis europæa; image: Danish Mentz & Ostenfeld edition, BHL scan on Commons 2147x3498 px (same plate number); family: Primulaceae"
Glaux maritima,Strandkrypa,,135,https://upload.wikimedia.org/wikipedia/commons/8/8c/Billeder_af_nordens_flora_%28Plate_135%29_BHL10459471.jpg,https://commons.wikimedia.org/wiki/File%3ABilleder_af_nordens_flora_%28Plate_135%29_BHL10459471.jpg,"printed in 1917-26 contents: Glaux maritima; image: Danish Mentz & Ostenfeld edition, BHL scan on Commons 2147x3498 px (same plate number); family: Primulaceae"
Primula veris,Gullviva,,136,https://upload.wikimedia.org/wikipedia/commons/d/d6/Billeder_af_nordens_flora_%28Plate_136%29_BHL10459473.jpg,https://commons.wikimedia.org/wiki/File%3ABilleder_af_nordens_flora_%28Plate_136%29_BHL10459473.jpg,"printed in 1917-26 contents: Primula veris; image: Danish Mentz & Ostenfeld edition, BHL scan on Commons 2147x3498 px (same plate number); family: Primulaceae"
Primula farinosa,Majviva,,137,https://upload.wikimedia.org/wikipedia/commons/4/4d/Billeder_af_nordens_flora_%28Plate_137%29_BHL10459475.jpg,https://commons.wikimedia.org/wiki/File%3ABilleder_af_nordens_flora_%28Plate_137%29_BHL10459475.jpg,"printed in 1917-26 contents: Primula farinosa; image: Danish Mentz & Ostenfeld edition, BHL scan on Commons 2147x3498 px (same plate number); family: Primulaceae"
Androsace septentrionalis,Flockarv,,138,https://upload.wikimedia.org/wikipedia/commons/a/ad/Billeder_af_nordens_flora_%28Plate_138%29_BHL10459477.jpg,https://commons.wikimedia.org/wiki/File%3ABilleder_af_nordens_flora_%28Plate_138%29_BHL10459477.jpg,"printed in 1917-26 contents: Androsace septentrionalis; image: Danish Mentz & Ostenfeld edition, BHL scan on Commons 2147x3498 px (same plate number); family: Primulaceae"
Hottonia palustris,Vattenblink,,139,https://upload.wikimedia.org/wikipedia/commons/3/36/Billeder_af_nordens_flora_%28Plate_139%29_BHL10459479.jpg,https://commons.wikimedia.org/wiki/File%3ABilleder_af_nordens_flora_%28Plate_139%29_BHL10459479.jpg,"printed in 1917-26 contents: Hottona palustris; image: Danish Mentz & Ostenfeld edition, BHL scan on Commons 2147x3498 px (same plate number); family: Primulaceae"
Statice armeria,Gräsnejlika,,140,https://upload.wikimedia.org/wikipedia/commons/6/67/Billeder_af_nordens_flora_%28Plate_140%29_%286029370948%29.jpg,https://commons.wikimedia.org/wiki/File%3ABilleder_af_nordens_flora_%28Plate_140%29_%286029370948%29.jpg,"printed in 1917-26 contents: Statice armeria; image: Danish Mentz & Ostenfeld edition, BHL scan on Commons 2147x3498 px (same plate number); family: Plumbaginaceae"
Vaccinium myrtillius,Blåbär,,141,https://upload.wikimedia.org/wikipedia/commons/a/ab/Billeder_af_nordens_flora_%28Plate_141%29_BHL10459483.jpg,https://commons.wikimedia.org/wiki/File%3ABilleder_af_nordens_flora_%28Plate_141%29_BHL10459483.jpg,"printed in 1917-26 contents: Vaccinium myrtillius; image: Danish Mentz & Ostenfeld edition, BHL scan on Commons 2147x3498 px (same plate number); family: Ericaceae"
Vaccinium uliginosum,Odon,,142,https://upload.wikimedia.org/wikipedia/commons/d/d2/Billeder_af_nordens_flora_%28Plate_142%29_BHL10459485.jpg,https://commons.wikimedia.org/wiki/File%3ABilleder_af_nordens_flora_%28Plate_142%29_BHL10459485.jpg,"printed in 1917-26 contents: Vaccinium uliginosum; image: Danish Mentz & Ostenfeld edition, BHL scan on Commons 2147x3498 px (same plate number); family: Ericaceae"
Vaccinium vitis idaea,Lingon,,143,https://upload.wikimedia.org/wikipedia/commons/1/13/Billeder_af_nordens_flora_%28Plate_143%29_BHL10459487.jpg,https://commons.wikimedia.org/wiki/File%3ABilleder_af_nordens_flora_%28Plate_143%29_BHL10459487.jpg,"printed in 1917-26 contents: Vaccinium vitis idæa; image: Danish Mentz & Ostenfeld edition, BHL scan on Commons 2147x3498 px (same plate number); family: Ericaceae"
Oxycoccus quadripetalus,Tranbär,,144,https://upload.wikimedia.org/wikipedia/commons/6/69/Billeder_af_nordens_flora_%28Plate_144%29_BHL10459489.jpg,https://commons.wikimedia.org/wiki/File%3ABilleder_af_nordens_flora_%28Plate_144%29_BHL10459489.jpg,"printed in 1917-26 contents: Oxycoccus quadripetalus; image: Danish Mentz & Ostenfeld edition, BHL scan on Commons 2147x3498 px (same plate number); family: Ericaceae"
Arctostaphylos uva ursi,Mjölon,,145,https://upload.wikimedia.org/wikipedia/commons/1/12/Billeder_af_nordens_flora_%28Plate_145%29_BHL10459491.jpg,https://commons.wikimedia.org/wiki/File%3ABilleder_af_nordens_flora_%28Plate_145%29_BHL10459491.jpg,"printed in 1917-26 contents: Arctostaphylos uva ursi; image: Danish Mentz & Ostenfeld edition, BHL scan on Commons 2147x3498 px (same plate number); family: Ericaceae"
Erica tetralix,Klockljung,,146,https://upload.wikimedia.org/wikipedia/commons/a/a3/Billeder_af_nordens_flora_%28Plate_146%29_BHL10459493.jpg,https://commons.wikimedia.org/wiki/File%3ABilleder_af_nordens_flora_%28Plate_146%29_BHL10459493.jpg,"printed in 1917-26 contents: Erica tetralix; image: Danish Mentz & Ostenfeld edition, BHL scan on Commons 2147x3498 px (same plate number); family: Ericaceae"
Calluna vulgaris,Ljung,,147,https://upload.wikimedia.org/wikipedia/commons/9/94/Billeder_af_nordens_flora_%28Plate_147%29_BHL10459495.jpg,https://commons.wikimedia.org/wiki/File%3ABilleder_af_nordens_flora_%28Plate_147%29_BHL10459495.jpg,"printed in 1917-26 contents: Calluna vulgaris; image: Danish Mentz & Ostenfeld edition, BHL scan on Commons 2147x3498 px (same plate number); family: Ericaceae"
Andromeda polifolia,Rosling,,148,https://upload.wikimedia.org/wikipedia/commons/b/bb/Billeder_af_nordens_flora_%28Plate_148%29_BHL10459497.jpg,https://commons.wikimedia.org/wiki/File%3ABilleder_af_nordens_flora_%28Plate_148%29_BHL10459497.jpg,"printed in 1917-26 contents: Andromeda polifolia; image: Danish Mentz & Ostenfeld edition, BHL scan on Commons 2147x3498 px (same plate number); family: Ericaceae"
Bryanthus coeruleus,Fjälljung,,149,https://upload.wikimedia.org/wikipedia/commons/2/2e/Billeder_af_nordens_flora_%28Plate_149%29_BHL10459499.jpg,https://commons.wikimedia.org/wiki/File%3ABilleder_af_nordens_flora_%28Plate_149%29_BHL10459499.jpg,"printed in 1917-26 contents: Bryanthus coeruleus; image: Danish Mentz & Ostenfeld edition, BHL scan on Commons 2147x3498 px (same plate number); family: Ericaceae"
Rhododendron lapponicum,Fjällros,,150,https://upload.wikimedia.org/wikipedia/commons/9/94/Billeder_af_nordens_flora_%28Plate_150%29_BHL10459501.jpg,https://commons.wikimedia.org/wiki/File%3ABilleder_af_nordens_flora_%28Plate_150%29_BHL10459501.jpg,"printed in 1917-26 contents: Rhododendron lapponicum; image: Danish Mentz & Ostenfeld edition, BHL scan on Commons 2147x3498 px (same plate number); family: Ericaceae"
Ledum palustre,Skvattram,,151,https://upload.wikimedia.org/wikipedia/commons/3/3a/Billeder_af_nordens_flora_%28Plate_151%29_BHL10459503.jpg,https://commons.wikimedia.org/wiki/File%3ABilleder_af_nordens_flora_%28Plate_151%29_BHL10459503.jpg,"printed in 1917-26 contents: Ledum palustre; image: Danish Mentz & Ostenfeld edition, BHL scan on Commons 2147x3498 px (same plate number); family: Ericaceae"
Pyrola rotundifolia,Vintergröna,,152,https://upload.wikimedia.org/wikipedia/commons/2/26/Billeder_af_nordens_flora_%28Plate_152%29_BHL10459505.jpg,https://commons.wikimedia.org/wiki/File%3ABilleder_af_nordens_flora_%28Plate_152%29_BHL10459505.jpg,"printed in 1917-26 contents: Pyrola rotundifolia; image: Danish Mentz & Ostenfeld edition, BHL scan on Commons 2147x3498 px (same plate number); family: Pyrolaceae"
Pyrola minor,Liten vintergröna,,153,https://upload.wikimedia.org/wikipedia/commons/6/69/Billeder_af_nordens_flora_%28Plate_153%29_BHL10459507.jpg,https://commons.wikimedia.org/wiki/File%3ABilleder_af_nordens_flora_%28Plate_153%29_BHL10459507.jpg,"printed in 1917-26 contents: Pyrola minor; image: Danish Mentz & Ostenfeld edition, BHL scan on Commons 2147x3498 px (same plate number); family: Pyrolaceae"
Pyrola secunda,Björkvintergröna,,154,https://upload.wikimedia.org/wikipedia/commons/0/0d/Billeder_af_nordens_flora_%28Plate_154%29_BHL10459509.jpg,https://commons.wikimedia.org/wiki/File%3ABilleder_af_nordens_flora_%28Plate_154%29_BHL10459509.jpg,"printed in 1917-26 contents: Pyrola secunda; image: Danish Mentz & Ostenfeld edition, BHL scan on Commons 2147x3498 px (same plate number); family: Pyrolaceae"
Pyrola uniflora,Ögonljus,,155,https://upload.wikimedia.org/wikipedia/commons/5/5b/Billeder_af_nordens_flora_%28Plate_155%29_BHL10459511.jpg,https://commons.wikimedia.org/wiki/File%3ABilleder_af_nordens_flora_%28Plate_155%29_BHL10459511.jpg,"printed in 1917-26 contents: Pyrola uniflora; image: Danish Mentz & Ostenfeld edition, BHL scan on Commons 2147x3498 px (same plate number); family: Pyrolaceae"
Chimaphila umbellata,Ryl,,156,https://upload.wikimedia.org/wikipedia/commons/c/cd/Billeder_af_nordens_flora_%28Plate_156%29_BHL10459513.jpg,https://commons.wikimedia.org/wiki/File%3ABilleder_af_nordens_flora_%28Plate_156%29_BHL10459513.jpg,"printed in 1917-26 contents: Chimaphila umbellata; image: Danish Mentz & Ostenfeld edition, BHL scan on Commons 2147x3498 px (same plate number); family: Pyrolaceae"
Monotropa hypopitys,Tallört,,157,https://upload.wikimedia.org/wikipedia/commons/1/16/Billeder_af_nordens_flora_%28Plate_157%29_BHL10459515.jpg,https://commons.wikimedia.org/wiki/File%3ABilleder_af_nordens_flora_%28Plate_157%29_BHL10459515.jpg,"printed in 1917-26 contents: Monotropa hypopitys; image: Danish Mentz & Ostenfeld edition, BHL scan on Commons 2147x3498 px (same plate number); family: Monotropaceae"
Diapensia lapponica,Fjällgröna,,158,https://upload.wikimedia.org/wikipedia/commons/f/fa/Billeder_af_nordens_flora_%28Plate_158%29_BHL10459517.jpg,https://commons.wikimedia.org/wiki/File%3ABilleder_af_nordens_flora_%28Plate_158%29_BHL10459517.jpg,"printed in 1917-26 contents: Diapensia lapponica; image: Danish Mentz & Ostenfeld edition, BHL scan on Commons 2147x3498 px (same plate number); family: Diapensiaceae"
Ranunculus acris,Smörblomma,,159,https://upload.wikimedia.org/wikipedia/commons/1/1a/Billeder_af_nordens_flora_%28Plate_159%29_BHL10459519.jpg,https://commons.wikimedia.org/wiki/File%3ABilleder_af_nordens_flora_%28Plate_159%29_BHL10459519.jpg,"printed in 1917-26 contents: Ranunculus acris; image: Danish Mentz & Ostenfeld edition, BHL scan on Commons 2147x3498 px (same plate number); family: Ranunculaceae"
Ranunculus repens,Revsmörblomma,,160,https://upload.wikimedia.org/wikipedia/commons/e/ef/Billeder_af_nordens_flora_%28Plate_160%29_BHL10459521.jpg,https://commons.wikimedia.org/wiki/File%3ABilleder_af_nordens_flora_%28Plate_160%29_BHL10459521.jpg,"printed in 1917-26 contents: Ranunculus repens; image: Danish Mentz & Ostenfeld edition, BHL scan on Commons 2147x3498 px (same plate number); family: Ranunculaceae"
Ranunculus bulbosus,Knölsmörblomma,,161,https://upload.wikimedia.org/wikipedia/commons/9/9f/Billeder_af_nordens_flora_%28Plate_161%29_%286029377298%29.jpg,https://commons.wikimedia.org/wiki/File%3ABilleder_af_nordens_flora_%28Plate_161%29_%286029377298%29.jpg,"printed in 1917-26 contents: Ranunculus bulbosus; image: Danish Mentz & Ostenfeld edition, BHL scan on Commons 2147x3498 px (same plate number); family: Ranunculaceae"
Ranunculus ficaria,Svalört,,162,https://upload.wikimedia.org/wikipedia/commons/2/2b/Billeder_af_nordens_flora_%28Plate_162%29_BHL10459525.jpg,https://commons.wikimedia.org/wiki/File%3ABilleder_af_nordens_flora_%28Plate_162%29_BHL10459525.jpg,"printed in 1917-26 contents: Ranunculus ficaria; image: Danish Mentz & Ostenfeld edition, BHL scan on Commons 2147x3498 px (same plate number); family: Ranunculaceae"
Ranunculus sceleratus,Blåsranunkel,,163,https://upload.wikimedia.org/wikipedia/commons/8/8c/Billeder_af_nordens_flora_%28Plate_163%29_BHL10459527.jpg,https://commons.wikimedia.org/wiki/File%3ABilleder_af_nordens_flora_%28Plate_163%29_BHL10459527.jpg,"printed in 1917-26 contents: Ranunculus sceleratus; image: Danish Mentz & Ostenfeld edition, BHL scan on Commons 2147x3498 px (same plate number); family: Ranunculaceae"
Ranunculus flammula,Ältgräs,,164,https://upload.wikimedia.org/wikipedia/commons/2/25/Billeder_af_nordens_flora_%28Plate_164%29_BHL10459529.jpg,https://commons.wikimedia.org/wiki/File%3ABilleder_af_nordens_flora_%28Plate_164%29_BHL10459529.jpg,"printed in 1917-26 contents: Ranunculus flammula; image: Danish Mentz & Ostenfeld edition, BHL scan on Commons 2147x3498 px (same plate number); family: Ranunculaceae"
Ranunculus lingua,Åmöga,,165,https://upload.wikimedia.org/wikipedia/commons/9/91/Billeder_af_nordens_flora_%28Plate_165%29_BHL10459531.jpg,https://commons.wikimedia.org/wiki/File%3ABilleder_af_nordens_flora_%28Plate_165%29_BHL10459531.jpg,"printed in 1917-26 contents: Ranunculus lingua; image: Danish Mentz & Ostenfeld edition, BHL scan on Commons 2147x3498 px (same plate number); family: Ranunculaceae"
Ranunculus glacialis,Renblomma,,166,https://upload.wikimedia.org/wikipedia/commons/1/18/Billeder_af_nordens_flora_%28Plate_166%29_BHL10459533.jpg,https://commons.wikimedia.org/wiki/File%3ABilleder_af_nordens_flora_%28Plate_166%29_BHL10459533.jpg,"printed in 1917-26 contents: Ranunculus glacialis; image: Danish Mentz & Ostenfeld edition, BHL scan on Commons 2147x3498 px (same plate number); family: Ranunculaceae"
Ranunculus hederaceus,Murgrönsnate,,167,https://upload.wikimedia.org/wikipedia/commons/1/12/Billeder_af_nordens_flora_%28Plate_167%29_BHL10459535.jpg,https://commons.wikimedia.org/wiki/File%3ABilleder_af_nordens_flora_%28Plate_167%29_BHL10459535.jpg,"composite: 2 names indexed on this plate; printed in 1917-26 contents: Ranunculus hederaceus; image: Danish Mentz & Ostenfeld edition, BHL scan on Commons 2147x3498 px (same plate number); family: Ranunculaceae"
Ranunculus peltatus,Murgrönsnate,,167,https://upload.wikimedia.org/wikipedia/commons/1/12/Billeder_af_nordens_flora_%28Plate_167%29_BHL10459535.jpg,https://commons.wikimedia.org/wiki/File%3ABilleder_af_nordens_flora_%28Plate_167%29_BHL10459535.jpg,"composite: 2 names indexed on this plate; printed in 1917-26 contents: Ranunculus hederaceus; image: Danish Mentz & Ostenfeld edition, BHL scan on Commons 2147x3498 px (same plate number); family: Ranunculaceae"
Myosurus minimus,Mustippa,,168,https://upload.wikimedia.org/wikipedia/commons/6/66/Billeder_af_nordens_flora_%28Plate_168%29_BHL10459537.jpg,https://commons.wikimedia.org/wiki/File%3ABilleder_af_nordens_flora_%28Plate_168%29_BHL10459537.jpg,"printed in 1917-26 contents: Myosurus minimus; image: Danish Mentz & Ostenfeld edition, BHL scan on Commons 2147x3498 px (same plate number); family: Ranunculaceae"
Anemone hepatica,Blåsippa,,169,https://upload.wikimedia.org/wikipedia/commons/7/75/Billeder_af_nordens_flora_%28Plate_169%29_BHL10459539.jpg,https://commons.wikimedia.org/wiki/File%3ABilleder_af_nordens_flora_%28Plate_169%29_BHL10459539.jpg,"printed in 1917-26 contents: Anemone hepatica; image: Danish Mentz & Ostenfeld edition, BHL scan on Commons 2147x3498 px (same plate number); family: Ranunculaceae"
Anemone nemorosa,Vitsippa,,170,https://upload.wikimedia.org/wikipedia/commons/d/d4/Billeder_af_nordens_flora_%28Plate_170%29_BHL10459541.jpg,https://commons.wikimedia.org/wiki/File%3ABilleder_af_nordens_flora_%28Plate_170%29_BHL10459541.jpg,"printed in 1917-26 contents: Anemone nemorosa; image: Danish Mentz & Ostenfeld edition, BHL scan on Commons 2147x3498 px (same plate number); family: Ranunculaceae"
Pulsatilla vulgaris,Backsippa,,171,https://upload.wikimedia.org/wikipedia/commons/a/a7/Billeder_af_nordens_flora_%28Plate_171%29_%286029380562%29.jpg,https://commons.wikimedia.org/wiki/File%3ABilleder_af_nordens_flora_%28Plate_171%29_%286029380562%29.jpg,"printed in 1917-26 contents: Pulsatilla vulgaris; image: Danish Mentz & Ostenfeld edition, BHL scan on Commons 2147x3498 px (same plate number); family: Ranunculaceae"
Adonis vernalis,Våradonis,,172,https://upload.wikimedia.org/wikipedia/commons/f/f6/Billeder_af_nordens_flora_%28Plate_172%29_BHL10459545.jpg,https://commons.wikimedia.org/wiki/File%3ABilleder_af_nordens_flora_%28Plate_172%29_BHL10459545.jpg,"printed in 1917-26 contents: Adonis vernalis; image: Danish Mentz & Ostenfeld edition, BHL scan on Commons 2147x3498 px (same plate number); family: Ranunculaceae"
Thalictrum flavum,Ängsruta,,173,https://upload.wikimedia.org/wikipedia/commons/2/22/Billeder_af_nordens_flora_%28Plate_173%29_BHL10459547.jpg,https://commons.wikimedia.org/wiki/File%3ABilleder_af_nordens_flora_%28Plate_173%29_BHL10459547.jpg,"printed in 1917-26 contents: Thalictrum flavum; image: Danish Mentz & Ostenfeld edition, BHL scan on Commons 2147x3498 px (same plate number); family: Ranunculaceae"
Caltha palustris,Kabbeleka,,174,https://upload.wikimedia.org/wikipedia/commons/3/3c/Billeder_af_nordens_flora_%28Plate_174%29_BHL10459549.jpg,https://commons.wikimedia.org/wiki/File%3ABilleder_af_nordens_flora_%28Plate_174%29_BHL10459549.jpg,"printed in 1917-26 contents: Valtha palustris; image: Danish Mentz & Ostenfeld edition, BHL scan on Commons 2147x3498 px (same plate number); family: Ranunculaceae"
Trollius europaeus,Smörboll,,175,https://upload.wikimedia.org/wikipedia/commons/5/58/Billeder_af_nordens_flora_%28Plate_175%29_BHL10459551.jpg,https://commons.wikimedia.org/wiki/File%3ABilleder_af_nordens_flora_%28Plate_175%29_BHL10459551.jpg,"printed in 1917-26 contents: Trollius europæus; image: Danish Mentz & Ostenfeld edition, BHL scan on Commons 2147x3498 px (same plate number); family: Ranunculaceae"
Aquilegia vulgaris,Akleja,,176,https://upload.wikimedia.org/wikipedia/commons/f/f9/Billeder_af_nordens_flora_%28Plate_176%29_BHL10459553.jpg,https://commons.wikimedia.org/wiki/File%3ABilleder_af_nordens_flora_%28Plate_176%29_BHL10459553.jpg,"printed in 1917-26 contents: Aquilegia vulgaris; image: Danish Mentz & Ostenfeld edition, BHL scan on Commons 2147x3498 px (same plate number); family: Ranunculaceae"
Aconitum septentrionale,Stormhatt,,177,https://upload.wikimedia.org/wikipedia/commons/2/29/Billeder_af_nordens_flora_%28Plate_177%29_BHL10459555.jpg,https://commons.wikimedia.org/wiki/File%3ABilleder_af_nordens_flora_%28Plate_177%29_BHL10459555.jpg,"printed in 1917-26 contents: Aconitum septetrionale; image: Danish Mentz & Ostenfeld edition, BHL scan on Commons 2173x3555 px (same plate number); family: Ranunculaceae"
Delphinium consolida,Riddarsporre,,178,https://upload.wikimedia.org/wikipedia/commons/6/6c/Billeder_af_nordens_flora_%28Plate_178%29_BHL10459557.jpg,https://commons.wikimedia.org/wiki/File%3ABilleder_af_nordens_flora_%28Plate_178%29_BHL10459557.jpg,"printed in 1917-26 contents: Delphinium consolida; image: Danish Mentz & Ostenfeld edition, BHL scan on Commons 2147x3498 px (same plate number); family: Ranunculaceae"
Actaea spicata,Trolldruva,,179,https://upload.wikimedia.org/wikipedia/commons/f/f8/Billeder_af_nordens_flora_%28Plate_179%29_BHL10459559.jpg,https://commons.wikimedia.org/wiki/File%3ABilleder_af_nordens_flora_%28Plate_179%29_BHL10459559.jpg,"printed in 1917-26 contents: Actæa spicata; image: Danish Mentz & Ostenfeld edition, BHL scan on Commons 2147x3498 px (same plate number); family: Ranunculaceae"
Berberis vulgaris,Surtorn,,180,https://upload.wikimedia.org/wikipedia/commons/4/4b/Billeder_af_nordens_flora_%28Plate_180%29_BHL10459561.jpg,https://commons.wikimedia.org/wiki/File%3ABilleder_af_nordens_flora_%28Plate_180%29_BHL10459561.jpg,"printed in 1917-26 contents: Berberis vulgaris; image: Danish Mentz & Ostenfeld edition, BHL scan on Commons 2147x3498 px (same plate number); family: Berberidaceae"
Nymphaea candida,Vit näckros,,181,https://upload.wikimedia.org/wikipedia/commons/a/a4/Billeder_af_nordens_flora_%28Plate_181%29_%286028831569%29.jpg,https://commons.wikimedia.org/wiki/File%3ABilleder_af_nordens_flora_%28Plate_181%29_%286028831569%29.jpg,"printed in 1917-26 contents: Nymphæa candida; image: Danish Mentz & Ostenfeld edition, BHL scan on Commons 2188x3498 px (same plate number); family: Nymphaeaceae"
Nuphar luteum,Gul näckros,,182,https://upload.wikimedia.org/wikipedia/commons/4/45/Billeder_af_nordens_flora_%28Plate_182%29_BHL10459565.jpg,https://commons.wikimedia.org/wiki/File%3ABilleder_af_nordens_flora_%28Plate_182%29_BHL10459565.jpg,"printed in 1917-26 contents: Nuphar luteum; image: Danish Mentz & Ostenfeld edition, BHL scan on Commons 2147x3498 px (same plate number); family: Nymphaeaceae"
Papaver dubium,Åkervallmo,,183,https://upload.wikimedia.org/wikipedia/commons/0/0d/Billeder_af_nordens_flora_%28Plate_183%29_BHL10459567.jpg,https://commons.wikimedia.org/wiki/File%3ABilleder_af_nordens_flora_%28Plate_183%29_BHL10459567.jpg,"composite: 2 names indexed on this plate; printed in 1917-26 contents: Papaver dubium; image: Danish Mentz & Ostenfeld edition, BHL scan on Commons 2147x3498 px (same plate number); family: Papaveraceae"
Papaver radicatum,Åkervallmo,,183,https://upload.wikimedia.org/wikipedia/commons/0/0d/Billeder_af_nordens_flora_%28Plate_183%29_BHL10459567.jpg,https://commons.wikimedia.org/wiki/File%3ABilleder_af_nordens_flora_%28Plate_183%29_BHL10459567.jpg,"composite: 2 names indexed on this plate; printed in 1917-26 contents: Papaver dubium; image: Danish Mentz & Ostenfeld edition, BHL scan on Commons 2147x3498 px (same plate number); family: Papaveraceae"
Chelidonium majus,Skelört,,184,https://upload.wikimedia.org/wikipedia/commons/9/98/Billeder_af_nordens_flora_%28Plate_184%29_BHL10459569.jpg,https://commons.wikimedia.org/wiki/File%3ABilleder_af_nordens_flora_%28Plate_184%29_BHL10459569.jpg,"printed in 1917-26 contents: Chelidonium majus; image: Danish Mentz & Ostenfeld edition, BHL scan on Commons 2147x3498 px (same plate number); family: Papaveraceae"
Glaucium flavum,Strandvallmo,,185,https://upload.wikimedia.org/wikipedia/commons/2/24/Billeder_af_nordens_flora_%28Plate_185%29_BHL10459571.jpg,https://commons.wikimedia.org/wiki/File%3ABilleder_af_nordens_flora_%28Plate_185%29_BHL10459571.jpg,"printed in 1917-26 contents: Glaucium flavum; image: Danish Mentz & Ostenfeld edition, BHL scan on Commons 2147x3498 px (same plate number); family: Papaveraceae"
Corydalis intermedia,Nunneört,,186,https://upload.wikimedia.org/wikipedia/commons/1/12/Billeder_af_nordens_flora_%28Plate_186%29_BHL10459573.jpg,https://commons.wikimedia.org/wiki/File%3ABilleder_af_nordens_flora_%28Plate_186%29_BHL10459573.jpg,"printed in 1917-26 contents: Corydalis intermedia; image: Danish Mentz & Ostenfeld edition, BHL scan on Commons 2147x3498 px (same plate number); family: Papaveraceae"
Fumaria officinalis,Jordrök,,187,https://upload.wikimedia.org/wikipedia/commons/4/43/Billeder_af_nordens_flora_%28Plate_187%29_BHL10459575.jpg,https://commons.wikimedia.org/wiki/File%3ABilleder_af_nordens_flora_%28Plate_187%29_BHL10459575.jpg,"printed in 1917-26 contents: Fumaria officinalis; image: Danish Mentz & Ostenfeld edition, BHL scan on Commons 2147x3498 px (same plate number); family: Papaveraceae"
Brassica campestris,Åkersenap,,188,https://upload.wikimedia.org/wikipedia/commons/a/ae/Billeder_af_nordens_flora_%28Plate_188%29_%286029386232%29.jpg,https://commons.wikimedia.org/wiki/File%3ABilleder_af_nordens_flora_%28Plate_188%29_%286029386232%29.jpg,"composite: 2 names indexed on this plate; printed in 1917-26 contents: Sinapis arvensis; image: Danish Mentz & Ostenfeld edition, BHL scan on Commons 2147x3498 px (same plate number); family: Brassicaceae"
Sinapis arvensis,Åkersenap,,188,https://upload.wikimedia.org/wikipedia/commons/a/ae/Billeder_af_nordens_flora_%28Plate_188%29_%286029386232%29.jpg,https://commons.wikimedia.org/wiki/File%3ABilleder_af_nordens_flora_%28Plate_188%29_%286029386232%29.jpg,"composite: 2 names indexed on this plate; printed in 1917-26 contents: Sinapis arvensis; image: Danish Mentz & Ostenfeld edition, BHL scan on Commons 2147x3498 px (same plate number); family: Brassicaceae"
Sisymbrium officinale,Vägsenap,,189,https://upload.wikimedia.org/wikipedia/commons/e/e2/Billeder_af_nordens_flora_%28Plate_189%29_BHL10459579.jpg,https://commons.wikimedia.org/wiki/File%3ABilleder_af_nordens_flora_%28Plate_189%29_BHL10459579.jpg,"composite: 2 names indexed on this plate; printed in 1917-26 contents: Sisymbrium officinale; image: Danish Mentz & Ostenfeld edition, BHL scan on Commons 2147x3498 px (same plate number); family: Brassicaceae"
Sisymbrium sophia,Vägsenap,,189,https://upload.wikimedia.org/wikipedia/commons/e/e2/Billeder_af_nordens_flora_%28Plate_189%29_BHL10459579.jpg,https://commons.wikimedia.org/wiki/File%3ABilleder_af_nordens_flora_%28Plate_189%29_BHL10459579.jpg,"composite: 2 names indexed on this plate; printed in 1917-26 contents: Sisymbrium officinale; image: Danish Mentz & Ostenfeld edition, BHL scan on Commons 2147x3498 px (same plate number); family: Brassicaceae"
Alliaria officinalis,Löktrav,,190,https://upload.wikimedia.org/wikipedia/commons/6/6b/Billeder_af_nordens_flora_%28Plate_190%29_BHL10459581.jpg,https://commons.wikimedia.org/wiki/File%3ABilleder_af_nordens_flora_%28Plate_190%29_BHL10459581.jpg,"printed in 1917-26 contents: Alliaria officinalis; image: Danish Mentz & Ostenfeld edition, BHL scan on Commons 2147x3498 px (same plate number); family: Brassicaceae"
Dentaria bulbifera,Tandrot,,191,https://upload.wikimedia.org/wikipedia/commons/1/10/Billeder_af_nordens_flora_%28Plate_191%29_BHL10459583.jpg,https://commons.wikimedia.org/wiki/File%3ABilleder_af_nordens_flora_%28Plate_191%29_BHL10459583.jpg,"printed in 1917-26 contents: Dentaria bulbifera; image: Danish Mentz & Ostenfeld edition, BHL scan on Commons 2147x3498 px (same plate number); family: Brassicaceae"
Cardamine pratensis,Ängskrasse,,192,https://upload.wikimedia.org/wikipedia/commons/5/50/Billeder_af_nordens_flora_%28Plate_192%29_BHL10459585.jpg,https://commons.wikimedia.org/wiki/File%3ABilleder_af_nordens_flora_%28Plate_192%29_BHL10459585.jpg,"printed in 1917-26 contents: Cardamine pratensis; image: Danish Mentz & Ostenfeld edition, BHL scan on Commons 2147x3498 px (same plate number); family: Brassicaceae"
Cardamine bellidifolia,Fjällbräsma,,193,https://upload.wikimedia.org/wikipedia/commons/6/6b/Billeder_af_nordens_flora_%28Plate_193%29_BHL10459587.jpg,https://commons.wikimedia.org/wiki/File%3ABilleder_af_nordens_flora_%28Plate_193%29_BHL10459587.jpg,"printed in 1917-26 contents: Cardamine bellidifolia; image: Danish Mentz & Ostenfeld edition, BHL scan on Commons 2147x3498 px (same plate number); family: Brassicaceae"
Arabidopsis thaliana,Rockentrav,,194,https://upload.wikimedia.org/wikipedia/commons/2/2b/Billeder_af_nordens_flora_%28Plate_194%29_BHL10459589.jpg,https://commons.wikimedia.org/wiki/File%3ABilleder_af_nordens_flora_%28Plate_194%29_BHL10459589.jpg,"composite: 2 names indexed on this plate; printed in 1917-26 contents: Turritis glabra; image: Danish Mentz & Ostenfeld edition, BHL scan on Commons 2147x3498 px (same plate number); family: Brassicaceae"
Turritis glabra,Rockentrav,,194,https://upload.wikimedia.org/wikipedia/commons/2/2b/Billeder_af_nordens_flora_%28Plate_194%29_BHL10459589.jpg,https://commons.wikimedia.org/wiki/File%3ABilleder_af_nordens_flora_%28Plate_194%29_BHL10459589.jpg,"composite: 2 names indexed on this plate; printed in 1917-26 contents: Turritis glabra; image: Danish Mentz & Ostenfeld edition, BHL scan on Commons 2147x3498 px (same plate number); family: Brassicaceae"
Arabis alpina,Fjälltrav,,195,https://upload.wikimedia.org/wikipedia/commons/c/cd/Billeder_af_nordens_flora_%28Plate_195%29_BHL10459591.jpg,https://commons.wikimedia.org/wiki/File%3ABilleder_af_nordens_flora_%28Plate_195%29_BHL10459591.jpg,"printed in 1917-26 contents: Arabis alpina; image: Danish Mentz & Ostenfeld edition, BHL scan on Commons 2147x3498 px (same plate number); family: Brassicaceae"
Barbaraea lyrata,Sommargyllen,,196,https://upload.wikimedia.org/wikipedia/commons/6/65/Billeder_af_nordens_flora_%28Plate_196%29_BHL10459593.jpg,https://commons.wikimedia.org/wiki/File%3ABilleder_af_nordens_flora_%28Plate_196%29_BHL10459593.jpg,"printed in 1917-26 contents: Barbaræa lyrata; image: Danish Mentz & Ostenfeld edition, BHL scan on Commons 2147x3498 px (same plate number); family: Brassicaceae"
Radicula palustris,Sumpsenap,,197,https://upload.wikimedia.org/wikipedia/commons/b/bf/Billeder_af_nordens_flora_%28Plate_197%29_BHL10459595.jpg,https://commons.wikimedia.org/wiki/File%3ABilleder_af_nordens_flora_%28Plate_197%29_BHL10459595.jpg,"printed in 1917-26 contents: Radicula palustris; image: Danish Mentz & Ostenfeld edition, BHL scan on Commons 2147x3498 px (same plate number); family: Brassicaceae"
Radicula nasturtium aquaticum,Källkrasse,,198,https://upload.wikimedia.org/wikipedia/commons/d/d4/Billeder_af_nordens_flora_%28Plate_198%29_BHL10459597.jpg,https://commons.wikimedia.org/wiki/File%3ABilleder_af_nordens_flora_%28Plate_198%29_BHL10459597.jpg,"printed in 1917-26 contents: Radicula nasturtium aquaticum; image: Danish Mentz & Ostenfeld edition, BHL scan on Commons 2147x3498 px (same plate number); family: Brassicaceae"
Raphanus raphanistrum,Åkerrättika,,199,https://upload.wikimedia.org/wikipedia/commons/7/78/Billeder_af_nordens_flora_%28Plate_199%29_%286029390022%29.jpg,https://commons.wikimedia.org/wiki/File%3ABilleder_af_nordens_flora_%28Plate_199%29_%286029390022%29.jpg,"printed in 1917-26 contents: Raphanus raphanistrum; image: Danish Mentz & Ostenfeld edition, BHL scan on Commons 2147x3498 px (same plate number); family: Brassicaceae"
Cakile maritima,Marviol,,200,https://upload.wikimedia.org/wikipedia/commons/c/cc/Billeder_af_nordens_flora_%28Plate_200%29_BHL10459601.jpg,https://commons.wikimedia.org/wiki/File%3ABilleder_af_nordens_flora_%28Plate_200%29_BHL10459601.jpg,"printed in 1917-26 contents: Cakile maritima; image: Danish Mentz & Ostenfeld edition, BHL scan on Commons 2147x3498 px (same plate number); family: Brassicaceae"
Crambe maritima,Strandkål,,201,https://upload.wikimedia.org/wikipedia/commons/f/fb/Billeder_af_nordens_flora_%28Plate_201%29_BHL10459603.jpg,https://commons.wikimedia.org/wiki/File%3ABilleder_af_nordens_flora_%28Plate_201%29_BHL10459603.jpg,"printed in 1917-26 contents: Crambe maritima; image: Danish Mentz & Ostenfeld edition, BHL scan on Commons 2147x3498 px (same plate number); family: Brassicaceae"
Bunias orientalis,Rysskål,,202,https://upload.wikimedia.org/wikipedia/commons/d/d0/Billeder_af_nordens_flora_%28Plate_202%29_BHL10459605.jpg,https://commons.wikimedia.org/wiki/File%3ABilleder_af_nordens_flora_%28Plate_202%29_BHL10459605.jpg,"printed in 1917-26 contents: Bunias orientalis; image: Danish Mentz & Ostenfeld edition, BHL scan on Commons 2147x3498 px (same plate number); family: Brassicaceae"
Camelina sativa,Dådra,,203,https://upload.wikimedia.org/wikipedia/commons/d/dd/Billeder_af_nordens_flora_%28Plate_203%29_BHL10459607.jpg,https://commons.wikimedia.org/wiki/File%3ABilleder_af_nordens_flora_%28Plate_203%29_BHL10459607.jpg,"printed in 1917-26 contents: Camelina sativa; image: Danish Mentz & Ostenfeld edition, BHL scan on Commons 2147x3498 px (same plate number); family: Brassicaceae"
Cochlearia officinalis,Skörbjuggsört,,204,https://upload.wikimedia.org/wikipedia/commons/8/81/Billeder_af_nordens_flora_%28Plate_204%29_BHL10459609.jpg,https://commons.wikimedia.org/wiki/File%3ABilleder_af_nordens_flora_%28Plate_204%29_BHL10459609.jpg,"printed in 1917-26 contents: Cochlearia officinalis; image: Danish Mentz & Ostenfeld edition, BHL scan on Commons 2147x3498 px (same plate number); family: Brassicaceae"
Capsella bursa pastoris,Lomma,,205,https://upload.wikimedia.org/wikipedia/commons/9/9d/Billeder_af_nordens_flora_%28Plate_205%29_BHL10459611.jpg,https://commons.wikimedia.org/wiki/File%3ABilleder_af_nordens_flora_%28Plate_205%29_BHL10459611.jpg,"printed in 1917-26 contents: Capsella bursa pastoris; image: Danish Mentz & Ostenfeld edition, BHL scan on Commons 2147x3498 px (same plate number); family: Brassicaceae"
Thlaspi arvense,Penninggräs,,206,https://upload.wikimedia.org/wikipedia/commons/4/4b/Billeder_af_nordens_flora_%28Plate_206%29_BHL10459613.jpg,https://commons.wikimedia.org/wiki/File%3ABilleder_af_nordens_flora_%28Plate_206%29_BHL10459613.jpg,"printed in 1917-26 contents: Thlaspi arvense; image: Danish Mentz & Ostenfeld edition, BHL scan on Commons 2147x3498 px (same plate number); family: Brassicaceae"
Lepidium ruderale,Gatkrasse,,207,https://upload.wikimedia.org/wikipedia/commons/2/2c/Billeder_af_nordens_flora_%28Plate_207%29_BHL10459615.jpg,https://commons.wikimedia.org/wiki/File%3ABilleder_af_nordens_flora_%28Plate_207%29_BHL10459615.jpg,"printed in 1917-26 contents: Lepidium ruderale; image: Danish Mentz & Ostenfeld edition, BHL scan on Commons 2147x3498 px (same plate number); family: Brassicaceae"
Teesdalea nudicaulis,Sandkrasse,,208,https://upload.wikimedia.org/wikipedia/commons/2/25/Billeder_af_nordens_flora_%28Plate_208%29_BHL10459617.jpg,https://commons.wikimedia.org/wiki/File%3ABilleder_af_nordens_flora_%28Plate_208%29_BHL10459617.jpg,"printed in 1917-26 contents: Teesdalea nudicaulis; image: Danish Mentz & Ostenfeld edition, BHL scan on Commons 2147x3498 px (same plate number); family: Brassicaceae"
Berteroa incana,Sandvita,,209,https://upload.wikimedia.org/wikipedia/commons/5/5d/Billeder_af_nordens_flora_%28Plate_209%29_BHL10459619.jpg,https://commons.wikimedia.org/wiki/File%3ABilleder_af_nordens_flora_%28Plate_209%29_BHL10459619.jpg,"printed in 1917-26 contents: Berteroa incana; image: Danish Mentz & Ostenfeld edition, BHL scan on Commons 2199x3498 px (same plate number); family: Brassicaceae"
Draba rupestris,Rågblomma,,210,https://upload.wikimedia.org/wikipedia/commons/b/bc/Billeder_af_nordens_flora_%28Plate_210%29_BHL10459621.jpg,https://commons.wikimedia.org/wiki/File%3ABilleder_af_nordens_flora_%28Plate_210%29_BHL10459621.jpg,"composite: 2 names indexed on this plate; printed in 1917-26 contents: Draba verna; image: Danish Mentz & Ostenfeld edition, BHL scan on Commons 2147x3498 px (same plate number); family: Brassicaceae"
Draba verna,Rågblomma,,210,https://upload.wikimedia.org/wikipedia/commons/b/bc/Billeder_af_nordens_flora_%28Plate_210%29_BHL10459621.jpg,https://commons.wikimedia.org/wiki/File%3ABilleder_af_nordens_flora_%28Plate_210%29_BHL10459621.jpg,"composite: 2 names indexed on this plate; printed in 1917-26 contents: Draba verna; image: Danish Mentz & Ostenfeld edition, BHL scan on Commons 2147x3498 px (same plate number); family: Brassicaceae"
Draba alpina,Högfjällsdraba,,211,https://upload.wikimedia.org/wikipedia/commons/f/fb/Billeder_af_nordens_flora_%28Plate_211%29_BHL10459623.jpg,https://commons.wikimedia.org/wiki/File%3ABilleder_af_nordens_flora_%28Plate_211%29_BHL10459623.jpg,"composite: 2 names indexed on this plate; printed in 1917-26 contents: Draba nivalis; image: Danish Mentz & Ostenfeld edition, BHL scan on Commons 2147x3498 px (same plate number); family: Brassicaceae"
Draba nivalis,Högfjällsdraba,,211,https://upload.wikimedia.org/wikipedia/commons/f/fb/Billeder_af_nordens_flora_%28Plate_211%29_BHL10459623.jpg,https://commons.wikimedia.org/wiki/File%3ABilleder_af_nordens_flora_%28Plate_211%29_BHL10459623.jpg,"composite: 2 names indexed on this plate; printed in 1917-26 contents: Draba nivalis; image: Danish Mentz & Ostenfeld edition, BHL scan on Commons 2147x3498 px (same plate number); family: Brassicaceae"
Lunaria annua,Månviol,,212,https://upload.wikimedia.org/wikipedia/commons/c/c6/Billeder_af_nordens_flora_%28Plate_212%29_BHL10459625.jpg,https://commons.wikimedia.org/wiki/File%3ABilleder_af_nordens_flora_%28Plate_212%29_BHL10459625.jpg,"printed in 1917-26 contents: Lunaria annua; image: Danish Mentz & Ostenfeld edition, BHL scan on Commons 2147x3498 px (same plate number); family: Brassicaceae"
Isatis tinctoria,Vejde,,213,https://upload.wikimedia.org/wikipedia/commons/1/1b/Billeder_af_nordens_flora_%28Plate_213%29_BHL10459627.jpg,https://commons.wikimedia.org/wiki/File%3ABilleder_af_nordens_flora_%28Plate_213%29_BHL10459627.jpg,"printed in 1917-26 contents: Isatis tinctoria; image: Danish Mentz & Ostenfeld edition, BHL scan on Commons 2147x3498 px (same plate number); family: Brassicaceae"
Reseda luteola,Vau,,214,https://upload.wikimedia.org/wikipedia/commons/d/d8/Billeder_af_nordens_flora_%28Plate_214%29_BHL10459629.jpg,https://commons.wikimedia.org/wiki/File%3ABilleder_af_nordens_flora_%28Plate_214%29_BHL10459629.jpg,"printed in 1917-26 contents: Reseda luteola; image: Danish Mentz & Ostenfeld edition, BHL scan on Commons 2147x3498 px (same plate number); family: Resedaceae"
Geranium silvaticum,Skogsnäva,,215,https://upload.wikimedia.org/wikipedia/commons/b/b3/Billeder_af_nordens_flora_%28Plate_215%29_BHL10459631.jpg,https://commons.wikimedia.org/wiki/File%3ABilleder_af_nordens_flora_%28Plate_215%29_BHL10459631.jpg,"printed in 1917-26 contents: Geranium silvaticum; image: Danish Mentz & Ostenfeld edition, BHL scan on Commons 2147x3498 px (same plate number); family: Geraniaceae"
Geranium molle,Sparnäva,,216,https://upload.wikimedia.org/wikipedia/commons/6/6c/Billeder_af_nordens_flora_%28Plate_216%29_BHL10459633.jpg,https://commons.wikimedia.org/wiki/File%3ABilleder_af_nordens_flora_%28Plate_216%29_BHL10459633.jpg,"composite: 2 names indexed on this plate; printed in 1917-26 contents: Geranium pusillum; image: Danish Mentz & Ostenfeld edition, BHL scan on Commons 2147x3498 px (same plate number); family: Geraniaceae"
Geranium pusillum,Sparnäva,,216,https://upload.wikimedia.org/wikipedia/commons/6/6c/Billeder_af_nordens_flora_%28Plate_216%29_BHL10459633.jpg,https://commons.wikimedia.org/wiki/File%3ABilleder_af_nordens_flora_%28Plate_216%29_BHL10459633.jpg,"composite: 2 names indexed on this plate; printed in 1917-26 contents: Geranium pusillum; image: Danish Mentz & Ostenfeld edition, BHL scan on Commons 2147x3498 px (same plate number); family: Geraniaceae"
Geranium lucidum,Stinknäva,,217,https://upload.wikimedia.org/wikipedia/commons/b/ba/Billeder_af_nordens_flora_%28Plate_217%29_%286029395656%29.jpg,https://commons.wikimedia.org/wiki/File%3ABilleder_af_nordens_flora_%28Plate_217%29_%286029395656%29.jpg,"composite: 2 names indexed on this plate; printed in 1917-26 contents: Geranium robertianum; image: Danish Mentz & Ostenfeld edition, BHL scan on Commons 2147x3498 px (same plate number); family: Geraniaceae"
Geranium robertianum,Stinknäva,,217,https://upload.wikimedia.org/wikipedia/commons/b/ba/Billeder_af_nordens_flora_%28Plate_217%29_%286029395656%29.jpg,https://commons.wikimedia.org/wiki/File%3ABilleder_af_nordens_flora_%28Plate_217%29_%286029395656%29.jpg,"composite: 2 names indexed on this plate; printed in 1917-26 contents: Geranium robertianum; image: Danish Mentz & Ostenfeld edition, BHL scan on Commons 2147x3498 px (same plate number); family: Geraniaceae"
Erodium cicutarum,Skatnäva,,218,https://upload.wikimedia.org/wikipedia/commons/6/6d/Billeder_af_nordens_flora_%28Plate_218%29_BHL10459637.jpg,https://commons.wikimedia.org/wiki/File%3ABilleder_af_nordens_flora_%28Plate_218%29_BHL10459637.jpg,"printed in 1917-26 contents: Erodium cicutarum; image: Danish Mentz & Ostenfeld edition, BHL scan on Commons 2147x3498 px (same plate number); family: Geraniaceae"
Oxalis acetosella,Harsyra,,219,https://upload.wikimedia.org/wikipedia/commons/4/49/Billeder_af_nordens_flora_%28Plate_219%29_BHL10459639.jpg,https://commons.wikimedia.org/wiki/File%3ABilleder_af_nordens_flora_%28Plate_219%29_BHL10459639.jpg,"printed in 1917-26 contents: Oxalis acetosella; image: Danish Mentz & Ostenfeld edition, BHL scan on Commons 2147x3498 px (same plate number); family: Oxalidaceae"
Linum catharticum,Vildlin,,220,https://upload.wikimedia.org/wikipedia/commons/3/3d/Billeder_af_nordens_flora_%28Plate_220%29_%286029396562%29.jpg,https://commons.wikimedia.org/wiki/File%3ABilleder_af_nordens_flora_%28Plate_220%29_%286029396562%29.jpg,"printed in 1917-26 contents: Linum catharticum; image: Danish Mentz & Ostenfeld edition, BHL scan on Commons 2147x3498 px (same plate number); family: Linaceae"
Impatiens noli tangere,Springkorn,,221,https://upload.wikimedia.org/wikipedia/commons/9/90/Billeder_af_nordens_flora_%28Plate_221%29_BHL10459643.jpg,https://commons.wikimedia.org/wiki/File%3ABilleder_af_nordens_flora_%28Plate_221%29_BHL10459643.jpg,"printed in 1917-26 contents: Impatiens noli tangere; image: Danish Mentz & Ostenfeld edition, BHL scan on Commons 2147x3498 px (same plate number); family: Balsaminaceae"
Polygala vulgare,Jungfrulin,,222,https://upload.wikimedia.org/wikipedia/commons/9/96/Billeder_af_nordens_flora_%28Plate_222%29_%286029397100%29.jpg,https://commons.wikimedia.org/wiki/File%3ABilleder_af_nordens_flora_%28Plate_222%29_%286029397100%29.jpg,"printed in 1917-26 contents: Polygala vulgare; image: Danish Mentz & Ostenfeld edition, BHL scan on Commons 2147x3498 px (same plate number); family: Polygalaceae"
Viola canina,Lundviol,,223,https://upload.wikimedia.org/wikipedia/commons/8/8a/Billeder_af_nordens_flora_%28Plate_223%29_BHL10459647.jpg,https://commons.wikimedia.org/wiki/File%3ABilleder_af_nordens_flora_%28Plate_223%29_BHL10459647.jpg,"composite: 2 names indexed on this plate; printed in 1917-26 contents: Viola riviniana; image: Danish Mentz & Ostenfeld edition, BHL scan on Commons 2147x3498 px (same plate number); family: Violaceae"
Viola riviniana,Lundviol,,223,https://upload.wikimedia.org/wikipedia/commons/8/8a/Billeder_af_nordens_flora_%28Plate_223%29_BHL10459647.jpg,https://commons.wikimedia.org/wiki/File%3ABilleder_af_nordens_flora_%28Plate_223%29_BHL10459647.jpg,"composite: 2 names indexed on this plate; printed in 1917-26 contents: Viola riviniana; image: Danish Mentz & Ostenfeld edition, BHL scan on Commons 2147x3498 px (same plate number); family: Violaceae"
Viola odorata,Luktviol,,224,https://upload.wikimedia.org/wikipedia/commons/e/e0/Billeder_af_nordens_flora_%28Plate_224%29_BHL10459649.jpg,https://commons.wikimedia.org/wiki/File%3ABilleder_af_nordens_flora_%28Plate_224%29_BHL10459649.jpg,"printed in 1917-26 contents: Viola odorata; image: Danish Mentz & Ostenfeld edition, BHL scan on Commons 2147x3498 px (same plate number); family: Violaceae"
Viola hirta,Buskviol,,225,https://upload.wikimedia.org/wikipedia/commons/b/b1/Billeder_af_nordens_flora_%28Plate_225%29_BHL10459651.jpg,https://commons.wikimedia.org/wiki/File%3ABilleder_af_nordens_flora_%28Plate_225%29_BHL10459651.jpg,"printed in 1917-26 contents: Viola hirta; image: Danish Mentz & Ostenfeld edition, BHL scan on Commons 2147x3498 px (same plate number); family: Violaceae"
Viola biflora,Fjällviol,,226,https://upload.wikimedia.org/wikipedia/commons/8/84/Billeder_af_nordens_flora_%28Plate_226%29_BHL10459653.jpg,https://commons.wikimedia.org/wiki/File%3ABilleder_af_nordens_flora_%28Plate_226%29_BHL10459653.jpg,"printed in 1917-26 contents: Viola biflora; image: Danish Mentz & Ostenfeld edition, BHL scan on Commons 2147x3498 px (same plate number); family: Violaceae"
Viola arvensis,Åkerviol,,227,https://upload.wikimedia.org/wikipedia/commons/9/9f/Billeder_af_nordens_flora_%28Plate_227%29_BHL10459655.jpg,https://commons.wikimedia.org/wiki/File%3ABilleder_af_nordens_flora_%28Plate_227%29_BHL10459655.jpg,"composite: 2 names indexed on this plate; printed in 1917-26 contents: Viola arvensis; image: Danish Mentz & Ostenfeld edition, BHL scan on Commons 2147x3498 px (same plate number); family: Violaceae"
Viola tricolor,Åkerviol,,227,https://upload.wikimedia.org/wikipedia/commons/9/9f/Billeder_af_nordens_flora_%28Plate_227%29_BHL10459655.jpg,https://commons.wikimedia.org/wiki/File%3ABilleder_af_nordens_flora_%28Plate_227%29_BHL10459655.jpg,"composite: 2 names indexed on this plate; printed in 1917-26 contents: Viola arvensis; image: Danish Mentz & Ostenfeld edition, BHL scan on Commons 2147x3498 px (same plate number); family: Violaceae"
Drosera rotundifolia,Sileshår,,228,https://upload.wikimedia.org/wikipedia/commons/1/12/Billeder_af_nordens_flora_%28Plate_228%29_BHL10459657.jpg,https://commons.wikimedia.org/wiki/File%3ABilleder_af_nordens_flora_%28Plate_228%29_BHL10459657.jpg,"printed in 1917-26 contents: Drosera rotundifolia; image: Danish Mentz & Ostenfeld edition, BHL scan on Commons 2147x3498 px (same plate number); family: Droseraceae"
Helianthemum vulgare,Solvända,,229,https://upload.wikimedia.org/wikipedia/commons/5/59/Billeder_af_nordens_flora_%28Plate_229%29_BHL10459659.jpg,https://commons.wikimedia.org/wiki/File%3ABilleder_af_nordens_flora_%28Plate_229%29_BHL10459659.jpg,"printed in 1917-26 contents: Helianthemum vulgare; image: Danish Mentz & Ostenfeld edition, BHL scan on Commons 2147x3498 px (same plate number); family: Cistaceae"
Hypericum perforatum,Mansblod,,230,https://upload.wikimedia.org/wikipedia/commons/b/b9/Billeder_af_nordens_flora_%28Plate_230%29_BHL10459661.jpg,https://commons.wikimedia.org/wiki/File%3ABilleder_af_nordens_flora_%28Plate_230%29_BHL10459661.jpg,"printed in 1917-26 contents: Hypericum perforatum; image: Danish Mentz & Ostenfeld edition, BHL scan on Commons 2173x3493 px (same plate number); family: Hypericaceae"
Hypericum pulchrum,Praktmansblod,,231,https://upload.wikimedia.org/wikipedia/commons/0/00/Billeder_af_nordens_flora_%28Plate_231%29_BHL10459663.jpg,https://commons.wikimedia.org/wiki/File%3ABilleder_af_nordens_flora_%28Plate_231%29_BHL10459663.jpg,"printed in 1917-26 contents: Hypericum pulchrum; image: Danish Mentz & Ostenfeld edition, BHL scan on Commons 2147x3498 px (same plate number); family: Hypericaceae"
Myricaria germanica,Klådris,,232,https://upload.wikimedia.org/wikipedia/commons/c/c7/Billeder_af_nordens_flora_%28Plate_232%29_BHL10459665.jpg,https://commons.wikimedia.org/wiki/File%3ABilleder_af_nordens_flora_%28Plate_232%29_BHL10459665.jpg,"printed in 1917-26 contents: Myricaria germanica; image: Danish Mentz & Ostenfeld edition, BHL scan on Commons 2147x3498 px (same plate number); family: Tamaricaceae"
Tilia vulgaris,Lind,,233,https://upload.wikimedia.org/wikipedia/commons/5/5f/Billeder_af_nordens_flora_%28Plate_233%29_BHL10459667.jpg,https://commons.wikimedia.org/wiki/File%3ABilleder_af_nordens_flora_%28Plate_233%29_BHL10459667.jpg,"printed in 1917-26 contents: Tilia vilgaris; image: Danish Mentz & Ostenfeld edition, BHL scan on Commons 2147x3498 px (same plate number); family: Tiliaceae"
Malva neglecta,Kattost,,234,https://upload.wikimedia.org/wikipedia/commons/e/e2/Billeder_af_nordens_flora_%28Plate_234%29_BHL10459669.jpg,https://commons.wikimedia.org/wiki/File%3ABilleder_af_nordens_flora_%28Plate_234%29_BHL10459669.jpg,"printed in 1917-26 contents: Malva neglecta; image: Danish Mentz & Ostenfeld edition, BHL scan on Commons 2147x3498 px (same plate number); family: Malvaceae"
Malva alcea,Rosenkattost,,235,https://upload.wikimedia.org/wikipedia/commons/8/85/Billeder_af_nordens_flora_%28Plate_235%29_BHL10459671.jpg,https://commons.wikimedia.org/wiki/File%3ABilleder_af_nordens_flora_%28Plate_235%29_BHL10459671.jpg,"printed in 1917-26 contents: Malva alcea; image: Danish Mentz & Ostenfeld edition, BHL scan on Commons 2147x3498 px (same plate number); family: Malvaceae"
Acer platanoides,Lönn,,236,https://upload.wikimedia.org/wikipedia/commons/0/0c/Billeder_af_nordens_flora_%28Plate_236%29_BHL10459673.jpg,https://commons.wikimedia.org/wiki/File%3ABilleder_af_nordens_flora_%28Plate_236%29_BHL10459673.jpg,"printed in 1917-26 contents: Acer platanoides; image: Danish Mentz & Ostenfeld edition, BHL scan on Commons 2147x3498 px (same plate number); family: Aceraceae"
Acer campestre,Naver,,237,https://upload.wikimedia.org/wikipedia/commons/3/3f/Billeder_af_nordens_flora_%28Plate_237%29_%286029401782%29.jpg,https://commons.wikimedia.org/wiki/File%3ABilleder_af_nordens_flora_%28Plate_237%29_%286029401782%29.jpg,"printed in 1917-26 contents: Acer campestre; image: Danish Mentz & Ostenfeld edition, BHL scan on Commons 2147x3498 px (same plate number); family: Aceraceae"
Evonymus europaea,Benved,,238,https://upload.wikimedia.org/wikipedia/commons/2/21/Billeder_af_nordens_flora_%28Plate_238%29_BHL10459677.jpg,https://commons.wikimedia.org/wiki/File%3ABilleder_af_nordens_flora_%28Plate_238%29_BHL10459677.jpg,"printed in 1917-26 contents: Evonumus europæa; image: Danish Mentz & Ostenfeld edition, BHL scan on Commons 2147x3498 px (same plate number); family: Celastraceae"
Rhamnus frangula,Brake,,239,https://upload.wikimedia.org/wikipedia/commons/b/b9/Billeder_af_nordens_flora_%28Plate_239%29_%286029402252%29.jpg,https://commons.wikimedia.org/wiki/File%3ABilleder_af_nordens_flora_%28Plate_239%29_%286029402252%29.jpg,"printed in 1917-26 contents: Rhamnus frangula; image: Danish Mentz & Ostenfeld edition, BHL scan on Commons 2147x3498 px (same plate number); family: Rhamnaceae"
Rhamnus cathartica,Getapel,,240,https://upload.wikimedia.org/wikipedia/commons/1/14/Billeder_af_nordens_flora_%28Plate_240%29_BHL10459681.jpg,https://commons.wikimedia.org/wiki/File%3ABilleder_af_nordens_flora_%28Plate_240%29_BHL10459681.jpg,"printed in 1917-26 contents: Thamnus cathartica; image: Danish Mentz & Ostenfeld edition, BHL scan on Commons 2147x3498 px (same plate number); family: Rhamnaceae"
Empetrum nigrum,Kråkbär,,241,https://upload.wikimedia.org/wikipedia/commons/6/6c/Billeder_af_nordens_flora_%28Plate_241%29_BHL10459683.jpg,https://commons.wikimedia.org/wiki/File%3ABilleder_af_nordens_flora_%28Plate_241%29_BHL10459683.jpg,"printed in 1917-26 contents: Empetrum nigrum; image: Danish Mentz & Ostenfeld edition, BHL scan on Commons 2147x3498 px (same plate number); family: Empetraceae"
Daphne mezereum,Tibast,,242,https://upload.wikimedia.org/wikipedia/commons/a/a2/Billeder_af_nordens_flora_%28Plate_242%29_BHL10459685.jpg,https://commons.wikimedia.org/wiki/File%3ABilleder_af_nordens_flora_%28Plate_242%29_BHL10459685.jpg,"printed in 1917-26 contents: L.; image: Danish Mentz & Ostenfeld edition, BHL scan on Commons 2147x3498 px (same plate number); family: Thymelaeaceae"
Hippophaë rhamnoides,Havtorn,,243,https://upload.wikimedia.org/wikipedia/commons/7/78/Billeder_af_nordens_flora_%28Plate_243%29_BHL10459687.jpg,https://commons.wikimedia.org/wiki/File%3ABilleder_af_nordens_flora_%28Plate_243%29_BHL10459687.jpg,"printed in 1917-26 contents: Hippophaë rhamnoides; image: Danish Mentz & Ostenfeld edition, BHL scan on Commons 2147x3498 px (same plate number); family: Elaeagnaceae"
Euphorbia helioscopia,Revormstörel,,244,https://upload.wikimedia.org/wikipedia/commons/9/9e/Billeder_af_nordens_flora_%28Plate_244%29_BHL10459689.jpg,https://commons.wikimedia.org/wiki/File%3ABilleder_af_nordens_flora_%28Plate_244%29_BHL10459689.jpg,"printed in 1917-26 contents: Euphorbia helioscopia; image: Danish Mentz & Ostenfeld edition, BHL scan on Commons 2147x3498 px (same plate number); family: Euphorbiaceae"
Mercuralis perennis,Bingel,,245,https://upload.wikimedia.org/wikipedia/commons/5/53/Billeder_af_nordens_flora_%28Plate_245%29_BHL10459691.jpg,https://commons.wikimedia.org/wiki/File%3ABilleder_af_nordens_flora_%28Plate_245%29_BHL10459691.jpg,"printed in 1917-26 contents: Mervuralis perennis; image: Danish Mentz & Ostenfeld edition, BHL scan on Commons 2147x3498 px (same plate number); family: Euphorbiaceae"
Callitriche autumnalis,Vårlonke,,246,https://upload.wikimedia.org/wikipedia/commons/6/6b/Billeder_af_nordens_flora_%28Plate_246%29_BHL10459693.jpg,https://commons.wikimedia.org/wiki/File%3ABilleder_af_nordens_flora_%28Plate_246%29_BHL10459693.jpg,"composite: 2 names indexed on this plate; printed in 1917-26 contents: Callitriche stagnalis; image: Danish Mentz & Ostenfeld edition, BHL scan on Commons 2147x3498 px (same plate number); family: Callitrichaceae"
Callitriche stagnalis,Vårlonke,,246,https://upload.wikimedia.org/wikipedia/commons/6/6b/Billeder_af_nordens_flora_%28Plate_246%29_BHL10459693.jpg,https://commons.wikimedia.org/wiki/File%3ABilleder_af_nordens_flora_%28Plate_246%29_BHL10459693.jpg,"composite: 2 names indexed on this plate; printed in 1917-26 contents: Callitriche stagnalis; image: Danish Mentz & Ostenfeld edition, BHL scan on Commons 2147x3498 px (same plate number); family: Callitrichaceae"
Cornus sanguinea,Kornell,,247,https://upload.wikimedia.org/wikipedia/commons/a/a0/Billeder_af_nordens_flora_%28Plate_247%29_BHL10459695.jpg,https://commons.wikimedia.org/wiki/File%3ABilleder_af_nordens_flora_%28Plate_247%29_BHL10459695.jpg,"printed in 1917-26 contents: Cornus sanguinea; image: Danish Mentz & Ostenfeld edition, BHL scan on Commons 2147x3498 px (same plate number); family: Cornaceae"
Cornus suecica,Hönsbär,,248,https://upload.wikimedia.org/wikipedia/commons/2/2b/Billeder_af_nordens_flora_%28Plate_248%29_BHL10459697.jpg,https://commons.wikimedia.org/wiki/File%3ABilleder_af_nordens_flora_%28Plate_248%29_BHL10459697.jpg,"printed in 1917-26 contents: Cornus suecica; image: Danish Mentz & Ostenfeld edition, BHL scan on Commons 2147x3498 px (same plate number); family: Cornaceae"
Hedera helix,Murgröna,,249,https://upload.wikimedia.org/wikipedia/commons/6/6d/Billeder_af_nordens_flora_%28Plate_249%29_BHL10459699.jpg,https://commons.wikimedia.org/wiki/File%3ABilleder_af_nordens_flora_%28Plate_249%29_BHL10459699.jpg,"printed in 1917-26 contents: Hedera helix; image: Danish Mentz & Ostenfeld edition, BHL scan on Commons 2147x3498 px (same plate number); family: Araliaceae"
Peucedanum palustre,Mossrot,,250,https://upload.wikimedia.org/wikipedia/commons/7/77/Billeder_af_nordens_flora_%28Plate_250%29_BHL10459701.jpg,https://commons.wikimedia.org/wiki/File%3ABilleder_af_nordens_flora_%28Plate_250%29_BHL10459701.jpg,"printed in 1917-26 contents: Peucedanum palustre; image: Danish Mentz & Ostenfeld edition, BHL scan on Commons 2147x3498 px (same plate number); family: Apiaceae"
Heracleum sibiricum,Björnloka,,251,https://upload.wikimedia.org/wikipedia/commons/8/87/Billeder_af_nordens_flora_%28Plate_251%29_BHL10459703.jpg,https://commons.wikimedia.org/wiki/File%3ABilleder_af_nordens_flora_%28Plate_251%29_BHL10459703.jpg,"printed in 1917-26 contents: Heracleum sibiricum; image: Danish Mentz & Ostenfeld edition, BHL scan on Commons 2225x3518 px (same plate number); family: Apiaceae"
Sium latifolium,Märke,,252,https://upload.wikimedia.org/wikipedia/commons/b/bd/Billeder_af_nordens_flora_%28Plate_252%29_BHL10459705.jpg,https://commons.wikimedia.org/wiki/File%3ABilleder_af_nordens_flora_%28Plate_252%29_BHL10459705.jpg,"printed in 1917-26 contents: Sium latifolium; image: Danish Mentz & Ostenfeld edition, BHL scan on Commons 2147x3498 px (same plate number); family: Apiaceae"
Ligusticum scoticum,Strandsticka,,253,https://upload.wikimedia.org/wikipedia/commons/2/21/Billeder_af_nordens_flora_%28Plate_253%29_%286028854107%29.jpg,https://commons.wikimedia.org/wiki/File%3ABilleder_af_nordens_flora_%28Plate_253%29_%286028854107%29.jpg,"printed in 1917-26 contents: Ligusticum scoticum; image: Danish Mentz & Ostenfeld edition, BHL scan on Commons 2147x3498 px (same plate number); family: Apiaceae"
Daucus carota,Morot,,254,https://upload.wikimedia.org/wikipedia/commons/1/1b/Billeder_af_nordens_flora_%28Plate_254%29_BHL10459709.jpg,https://commons.wikimedia.org/wiki/File%3ABilleder_af_nordens_flora_%28Plate_254%29_BHL10459709.jpg,"printed in 1917-26 contents: Daucus carota; image: Danish Mentz & Ostenfeld edition, BHL scan on Commons 2147x3498 px (same plate number); family: Apiaceae"
Angelica silvestris,Strätta,,255,https://upload.wikimedia.org/wikipedia/commons/4/40/Billeder_af_nordens_flora_%28Plate_255%29_BHL10459711.jpg,https://commons.wikimedia.org/wiki/File%3ABilleder_af_nordens_flora_%28Plate_255%29_BHL10459711.jpg,"printed in 1917-26 contents: Angelica silvestris; image: Danish Mentz & Ostenfeld edition, BHL scan on Commons 2147x3498 px (same plate number); family: Apiaceae"
Cicuta virosa,Sprängört,,256,https://upload.wikimedia.org/wikipedia/commons/7/7c/Billeder_af_nordens_flora_%28Plate_256%29_BHL10459713.jpg,https://commons.wikimedia.org/wiki/File%3ABilleder_af_nordens_flora_%28Plate_256%29_BHL10459713.jpg,"printed in 1917-26 contents: Cicuta virosa; image: Danish Mentz & Ostenfeld edition, BHL scan on Commons 2147x3498 px (same plate number); family: Apiaceae"
Aethusa cynapium,Vildpersilja,,257,https://upload.wikimedia.org/wikipedia/commons/0/02/Billeder_af_nordens_flora_%28Plate_257%29_%286028855251%29.jpg,https://commons.wikimedia.org/wiki/File%3ABilleder_af_nordens_flora_%28Plate_257%29_%286028855251%29.jpg,"printed in 1917-26 contents: Aethusa cunapoum; image: Danish Mentz & Ostenfeld edition, BHL scan on Commons 2147x3498 px (same plate number); family: Apiaceae"
Oenanthe aquatica,Stäkra,,258,https://upload.wikimedia.org/wikipedia/commons/1/1a/Billeder_af_nordens_flora_%28Plate_258%29_BHL10459717.jpg,https://commons.wikimedia.org/wiki/File%3ABilleder_af_nordens_flora_%28Plate_258%29_BHL10459717.jpg,"printed in 1917-26 contents: Oenanthe aquatica; image: Danish Mentz & Ostenfeld edition, BHL scan on Commons 2147x3498 px (same plate number); family: Apiaceae"
Helosciadium inundatum,Krypfloka,,259,https://upload.wikimedia.org/wikipedia/commons/6/6e/Billeder_af_nordens_flora_%28Plate_259%29_BHL10459719.jpg,https://commons.wikimedia.org/wiki/File%3ABilleder_af_nordens_flora_%28Plate_259%29_BHL10459719.jpg,"printed in 1917-26 contents: Helosciadium inundatum; image: Danish Mentz & Ostenfeld edition, BHL scan on Commons 2147x3498 px (same plate number); family: Apiaceae"
Pimpinella saxifraga,Back-anis,,260,https://upload.wikimedia.org/wikipedia/commons/1/19/Billeder_af_nordens_flora_%28Plate_260%29_BHL10459721.jpg,https://commons.wikimedia.org/wiki/File%3ABilleder_af_nordens_flora_%28Plate_260%29_BHL10459721.jpg,"printed in 1917-26 contents: Pimpinella saxifraga; image: Danish Mentz & Ostenfeld edition, BHL scan on Commons 2147x3498 px (same plate number); family: Apiaceae"
Carum carvi,Kummin,,261,https://upload.wikimedia.org/wikipedia/commons/d/df/Billeder_af_nordens_flora_%28Plate_261%29_BHL10459723.jpg,https://commons.wikimedia.org/wiki/File%3ABilleder_af_nordens_flora_%28Plate_261%29_BHL10459723.jpg,"printed in 1917-26 contents: Carum carvi; image: Danish Mentz & Ostenfeld edition, BHL scan on Commons 2147x3498 px (same plate number); family: Apiaceae"
Aegodopium podagraria,Kirskål,,262,https://upload.wikimedia.org/wikipedia/commons/c/cb/Billeder_af_nordens_flora_%28Plate_262%29_BHL10459725.jpg,https://commons.wikimedia.org/wiki/File%3ABilleder_af_nordens_flora_%28Plate_262%29_BHL10459725.jpg,"printed in 1917-26 contents: Aegodopium podograria; image: Danish Mentz & Ostenfeld edition, BHL scan on Commons 2147x3498 px (same plate number); family: Apiaceae"
Anthriscus silvestris,Hundkäx,,263,https://upload.wikimedia.org/wikipedia/commons/5/5d/Billeder_af_nordens_flora_%28Plate_263%29_BHL10459727.jpg,https://commons.wikimedia.org/wiki/File%3ABilleder_af_nordens_flora_%28Plate_263%29_BHL10459727.jpg,"printed in 1917-26 contents: Anthriscus silvestris; image: Danish Mentz & Ostenfeld edition, BHL scan on Commons 2147x3498 px (same plate number); family: Apiaceae"
Conium maculatum,Odört,,264,https://upload.wikimedia.org/wikipedia/commons/4/42/Billeder_af_nordens_flora_%28Plate_264%29_BHL10459729.jpg,https://commons.wikimedia.org/wiki/File%3ABilleder_af_nordens_flora_%28Plate_264%29_BHL10459729.jpg,"printed in 1917-26 contents: Conium maculatum; image: Danish Mentz & Ostenfeld edition, BHL scan on Commons 2147x3498 px (same plate number); family: Apiaceae"
Myrrhis odorata,Körvel,,265,https://upload.wikimedia.org/wikipedia/commons/4/4d/Billeder_af_nordens_flora_%28Plate_265%29_BHL10459731.jpg,https://commons.wikimedia.org/wiki/File%3ABilleder_af_nordens_flora_%28Plate_265%29_BHL10459731.jpg,"printed in 1917-26 contents: Myrrhis odorata; image: Danish Mentz & Ostenfeld edition, BHL scan on Commons 2147x3498 px (same plate number); family: Apiaceae"
Torilis anthriscus,Rödfloka,,266,https://upload.wikimedia.org/wikipedia/commons/6/64/Billeder_af_nordens_flora_%28Plate_266%29_%286029411304%29.jpg,https://commons.wikimedia.org/wiki/File%3ABilleder_af_nordens_flora_%28Plate_266%29_%286029411304%29.jpg,"printed in 1917-26 contents: Torilis anthriscus; image: Danish Mentz & Ostenfeld edition, BHL scan on Commons 2147x3498 px (same plate number); family: Apiaceae"
Sanicula europaea,Sårläka,,267,https://upload.wikimedia.org/wikipedia/commons/3/3f/Billeder_af_nordens_flora_%28Plate_267%29_BHL10459735.jpg,https://commons.wikimedia.org/wiki/File%3ABilleder_af_nordens_flora_%28Plate_267%29_BHL10459735.jpg,"printed in 1917-26 contents: Sanicula europæa; image: Danish Mentz & Ostenfeld edition, BHL scan on Commons 2147x3498 px (same plate number); family: Apiaceae"
Hydrocotyle vulgaris,Spikblad,,268,https://upload.wikimedia.org/wikipedia/commons/7/7b/Billeder_af_nordens_flora_%28Plate_268%29_BHL10459737.jpg,https://commons.wikimedia.org/wiki/File%3ABilleder_af_nordens_flora_%28Plate_268%29_BHL10459737.jpg,"printed in 1917-26 contents: Hydrocotyle vulgaris; image: Danish Mentz & Ostenfeld edition, BHL scan on Commons 2147x3498 px (same plate number); family: Apiaceae"
Sedum acre,Fetknopp,,269,https://upload.wikimedia.org/wikipedia/commons/f/f1/Billeder_af_nordens_flora_%28Plate_269%29_%288147553017%29.jpg,https://commons.wikimedia.org/wiki/File%3ABilleder_af_nordens_flora_%28Plate_269%29_%288147553017%29.jpg,"printed in 1917-26 contents: Sedum acre; image: Danish Mentz & Ostenfeld edition, BHL scan on Commons 2034x3200 px (same plate number); family: Crassulaceae"
Sedum album,Hälleknopp,,270,https://upload.wikimedia.org/wikipedia/commons/a/a1/Billeder_af_nordens_flora_%28Plate_270%29_%288147586360%29.jpg,https://commons.wikimedia.org/wiki/File%3ABilleder_af_nordens_flora_%28Plate_270%29_%288147586360%29.jpg,"printed in 1917-26 contents: Sedanum album; image: Danish Mentz & Ostenfeld edition, BHL scan on Commons 2034x3200 px (same plate number); family: Crassulaceae"
Sedum tephium,Kärleksört,,271,https://upload.wikimedia.org/wikipedia/commons/4/4a/Billeder_af_nordens_flora_%28Plate_271%29_%288147553953%29.jpg,https://commons.wikimedia.org/wiki/File%3ABilleder_af_nordens_flora_%28Plate_271%29_%288147553953%29.jpg,"printed in 1917-26 contents: Sedum tephium; image: Danish Mentz & Ostenfeld edition, BHL scan on Commons 2034x3200 px (same plate number); family: Crassulaceae"
Sempervivum tectorum,Taklök,,272,https://upload.wikimedia.org/wikipedia/commons/3/3f/Billeder_af_nordens_flora_%28Plate_272%29_%288147587332%29.jpg,https://commons.wikimedia.org/wiki/File%3ABilleder_af_nordens_flora_%28Plate_272%29_%288147587332%29.jpg,"printed in 1917-26 contents: Sempervivum tectorum; image: Danish Mentz & Ostenfeld edition, BHL scan on Commons 2034x3200 px (same plate number); family: Crassulaceae"
Saxifraga granulata,Knölbräcka,,273,https://upload.wikimedia.org/wikipedia/commons/a/a0/Billeder_af_nordens_flora_%28Plate_273%29_%288147555017%29.jpg,https://commons.wikimedia.org/wiki/File%3ABilleder_af_nordens_flora_%28Plate_273%29_%288147555017%29.jpg,"printed in 1917-26 contents: Saxifraga grranulata; image: Danish Mentz & Ostenfeld edition, BHL scan on Commons 2034x3200 px (same plate number); family: Saxifragaceae"
Saxifraga groenlandica,Tuvbräcka,,274,https://upload.wikimedia.org/wikipedia/commons/0/02/Billeder_af_nordens_flora_%28Plate_274%29_%288147555695%29.jpg,https://commons.wikimedia.org/wiki/File%3ABilleder_af_nordens_flora_%28Plate_274%29_%288147555695%29.jpg,"printed in 1917-26 contents: Saxifraga groenlandica; image: Danish Mentz & Ostenfeld edition, BHL scan on Commons 2034x3200 px (same plate number); family: Saxifragaceae"
Saxifraga cernua,Knoppbräcka,,275,https://upload.wikimedia.org/wikipedia/commons/0/0c/Billeder_af_nordens_flora_%28Plate_275%29_%288147556109%29.jpg,https://commons.wikimedia.org/wiki/File%3ABilleder_af_nordens_flora_%28Plate_275%29_%288147556109%29.jpg,"printed in 1917-26 contents: Saxifraga cernua; image: Danish Mentz & Ostenfeld edition, BHL scan on Commons 2034x3200 px (same plate number); family: Saxifragaceae"
Saxifraga hirculus,Myrbräcka,,276,https://upload.wikimedia.org/wikipedia/commons/d/d1/Billeder_af_nordens_flora_%28Plate_276%29_%288147556733%29.jpg,https://commons.wikimedia.org/wiki/File%3ABilleder_af_nordens_flora_%28Plate_276%29_%288147556733%29.jpg,"printed in 1917-26 contents: Saxifraga hirculus; image: Danish Mentz & Ostenfeld edition, BHL scan on Commons 2034x3200 px (same plate number); family: Saxifragaceae"
Chrysosplenium alternifolium,Gullpudra,,277,https://upload.wikimedia.org/wikipedia/commons/8/89/Billeder_af_nordens_flora_%28Plate_277%29_%288147557075%29.jpg,https://commons.wikimedia.org/wiki/File%3ABilleder_af_nordens_flora_%28Plate_277%29_%288147557075%29.jpg,"printed in 1917-26 contents: Chrysoplenium alternifolium; image: Danish Mentz & Ostenfeld edition, BHL scan on Commons 2034x3200 px (same plate number); family: Saxifragaceae"
Parnassia palustris,Slåtterblomma,,278,https://upload.wikimedia.org/wikipedia/commons/4/44/Billeder_af_nordens_flora_%28Plate_278%29_%288147557493%29.jpg,https://commons.wikimedia.org/wiki/File%3ABilleder_af_nordens_flora_%28Plate_278%29_%288147557493%29.jpg,"printed in 1917-26 contents: Parnassia palustris; image: Danish Mentz & Ostenfeld edition, BHL scan on Commons 2034x3200 px (same plate number); family: Saxifragaceae"
Ribes grossularia,Krusbär,,279,https://upload.wikimedia.org/wikipedia/commons/1/17/Billeder_af_nordens_flora_%28Plate_279%29_%288147590586%29.jpg,https://commons.wikimedia.org/wiki/File%3ABilleder_af_nordens_flora_%28Plate_279%29_%288147590586%29.jpg,"printed in 1917-26 contents: Ribes grossularia; image: Danish Mentz & Ostenfeld edition, BHL scan on Commons 2034x3200 px (same plate number); family: Saxifragaceae"
Ribes rubrum,Röda vinbär,,280,https://upload.wikimedia.org/wikipedia/commons/a/a6/Billeder_af_nordens_flora_%28Plate_280%29_%288147558331%29.jpg,https://commons.wikimedia.org/wiki/File%3ABilleder_af_nordens_flora_%28Plate_280%29_%288147558331%29.jpg,"printed in 1917-26 contents: Ribes rubrum; image: Danish Mentz & Ostenfeld edition, BHL scan on Commons 2034x3200 px (same plate number); family: Saxifragaceae"
Ribes nigrum,Svarta vinbär,,281,https://upload.wikimedia.org/wikipedia/commons/7/7f/Billeder_af_nordens_flora_%28Plate_281%29_%288147558817%29.jpg,https://commons.wikimedia.org/wiki/File%3ABilleder_af_nordens_flora_%28Plate_281%29_%288147558817%29.jpg,"printed in 1917-26 contents: Ribes nigrum; image: Danish Mentz & Ostenfeld edition, BHL scan on Commons 2034x3200 px (same plate number); family: Saxifragaceae"
Ribes alpinum,Måbär,,282,https://upload.wikimedia.org/wikipedia/commons/5/54/Billeder_af_nordens_flora_%28Plate_282%29_%288147559227%29.jpg,https://commons.wikimedia.org/wiki/File%3ABilleder_af_nordens_flora_%28Plate_282%29_%288147559227%29.jpg,"printed in 1917-26 contents: Ribes alpinum; image: Danish Mentz & Ostenfeld edition, BHL scan on Commons 2034x3200 px (same plate number); family: Saxifragaceae"
Pyrus malus,Apel,,283,https://upload.wikimedia.org/wikipedia/commons/4/4d/Billeder_af_nordens_flora_%28Plate_283%29_%288147559793%29.jpg,https://commons.wikimedia.org/wiki/File%3ABilleder_af_nordens_flora_%28Plate_283%29_%288147559793%29.jpg,"printed in 1917-26 contents: Pyrus malus; image: Danish Mentz & Ostenfeld edition, BHL scan on Commons 2034x3200 px (same plate number); family: Rosaceae"
Sorbus aucuparia,Rönn,,284,https://upload.wikimedia.org/wikipedia/commons/4/41/Billeder_af_nordens_flora_%28Plate_284%29_%288147560253%29.jpg,https://commons.wikimedia.org/wiki/File%3ABilleder_af_nordens_flora_%28Plate_284%29_%288147560253%29.jpg,"printed in 1917-26 contents: Sorbus aucuparia; image: Danish Mentz & Ostenfeld edition, BHL scan on Commons 2034x3200 px (same plate number); family: Rosaceae"
Sorbus suecica,Oxel,,285,https://upload.wikimedia.org/wikipedia/commons/f/f0/Billeder_af_nordens_flora_%28Plate_285%29_%288147593496%29.jpg,https://commons.wikimedia.org/wiki/File%3ABilleder_af_nordens_flora_%28Plate_285%29_%288147593496%29.jpg,"printed in 1917-26 contents: Sorbus suecica; image: Danish Mentz & Ostenfeld edition, BHL scan on Commons 2034x3200 px (same plate number); family: Rosaceae"
Crataegus oxyacantha,Hagtorn,,286,https://upload.wikimedia.org/wikipedia/commons/3/3f/Billeder_af_nordens_flora_%28Plate_286%29_%288147594076%29.jpg,https://commons.wikimedia.org/wiki/File%3ABilleder_af_nordens_flora_%28Plate_286%29_%288147594076%29.jpg,"printed in 1917-26 contents: Cratægus oxyacantha; image: Danish Mentz & Ostenfeld edition, BHL scan on Commons 2034x3200 px (same plate number); family: Rosaceae"
Cotoneaster integerrima,Oxbär,,287,https://upload.wikimedia.org/wikipedia/commons/a/ae/Billeder_af_nordens_flora_%28Plate_287%29_%288147594568%29.jpg,https://commons.wikimedia.org/wiki/File%3ABilleder_af_nordens_flora_%28Plate_287%29_%288147594568%29.jpg,"printed in 1917-26 contents: Votoneaster integerrima; image: Danish Mentz & Ostenfeld edition, BHL scan on Commons 2034x3200 px (same plate number); family: Rosaceae"
Filipendula ulmaria,Älggräs,,288,https://upload.wikimedia.org/wikipedia/commons/9/9a/Billeder_af_nordens_flora_%28Plate_288%29_%288147562407%29.jpg,https://commons.wikimedia.org/wiki/File%3ABilleder_af_nordens_flora_%28Plate_288%29_%288147562407%29.jpg,"printed in 1917-26 contents: Filipendula ulmaria; image: Danish Mentz & Ostenfeld edition, BHL scan on Commons 2034x3200 px (same plate number); family: Rosaceae"
Flipendula hexapetala,Brudbröd,,289,https://upload.wikimedia.org/wikipedia/commons/7/79/Billeder_af_nordens_flora_%28Plate_289%29_%288147562985%29.jpg,https://commons.wikimedia.org/wiki/File%3ABilleder_af_nordens_flora_%28Plate_289%29_%288147562985%29.jpg,"printed in 1917-26 contents: Flipendula hexapetala; image: Danish Mentz & Ostenfeld edition, BHL scan on Commons 2034x3200 px (same plate number); family: Rosaceae"
Rosa afzeliana,Höstnypon,,290,https://upload.wikimedia.org/wikipedia/commons/2/27/Billeder_af_nordens_flora_%28Plate_290%29_%288147596150%29.jpg,https://commons.wikimedia.org/wiki/File%3ABilleder_af_nordens_flora_%28Plate_290%29_%288147596150%29.jpg,"printed in 1917-26 contents: Rosa afzeliana; image: Danish Mentz & Ostenfeld edition, BHL scan on Commons 2034x3200 px (same plate number); family: Rosaceae"
Rosa villosa,Luddnypon,,291,https://upload.wikimedia.org/wikipedia/commons/8/8d/Billeder_af_nordens_flora_%28Plate_291%29_%288147564073%29.jpg,https://commons.wikimedia.org/wiki/File%3ABilleder_af_nordens_flora_%28Plate_291%29_%288147564073%29.jpg,"printed in 1917-26 contents: Rosa villosa; image: Danish Mentz & Ostenfeld edition, BHL scan on Commons 2034x3200 px (same plate number); family: Rosaceae"
Rosa rubiginosa,Luktnypon,,292,https://upload.wikimedia.org/wikipedia/commons/7/7d/Billeder_af_nordens_flora_%28Plate_292%29_%288147597208%29.jpg,https://commons.wikimedia.org/wiki/File%3ABilleder_af_nordens_flora_%28Plate_292%29_%288147597208%29.jpg,"printed in 1917-26 contents: Rosea rubiginosa; image: Danish Mentz & Ostenfeld edition, BHL scan on Commons 2034x3200 px (same plate number); family: Rosaceae"
Rosa cinnamomea,Kanelros,,293,https://upload.wikimedia.org/wikipedia/commons/3/35/Billeder_af_nordens_flora_%28Plate_293%29_%288147565187%29.jpg,https://commons.wikimedia.org/wiki/File%3ABilleder_af_nordens_flora_%28Plate_293%29_%288147565187%29.jpg,"printed in 1917-26 contents: Rosa cinnamomea; image: Danish Mentz & Ostenfeld edition, BHL scan on Commons 2034x3200 px (same plate number); family: Rosaceae"
Rosa pimpinellifolia,Pimpinellros,,294,https://upload.wikimedia.org/wikipedia/commons/e/e4/Billeder_af_nordens_flora_%28Plate_294%29_%288147598234%29.jpg,https://commons.wikimedia.org/wiki/File%3ABilleder_af_nordens_flora_%28Plate_294%29_%288147598234%29.jpg,"printed in 1917-26 contents: Rosa pimpinellifolia; image: Danish Mentz & Ostenfeld edition, BHL scan on Commons 2034x3200 px (same plate number); family: Rosaceae"
Agrimonia eupatoria,Småborre,,295,https://upload.wikimedia.org/wikipedia/commons/e/e3/Billeder_af_nordens_flora_%28Plate_295%29_%288147598758%29.jpg,https://commons.wikimedia.org/wiki/File%3ABilleder_af_nordens_flora_%28Plate_295%29_%288147598758%29.jpg,"printed in 1917-26 contents: Agrimonia eupatoria; image: Danish Mentz & Ostenfeld edition, BHL scan on Commons 2034x3200 px (same plate number); family: Rosaceae"
Sanguisorba officinalis,Blodtopp,,296,https://upload.wikimedia.org/wikipedia/commons/c/c2/Billeder_af_nordens_flora_%28Plate_296%29_%288147599240%29.jpg,https://commons.wikimedia.org/wiki/File%3ABilleder_af_nordens_flora_%28Plate_296%29_%288147599240%29.jpg,"printed in 1917-26 contents: Sanguisorba officinalis; image: Danish Mentz & Ostenfeld edition, BHL scan on Commons 2034x3200 px (same plate number); family: Rosaceae"
Alchemilla vulgaris,Daggskål,,297,https://upload.wikimedia.org/wikipedia/commons/1/19/Billeder_af_nordens_flora_%28Plate_297%29_%288147599902%29.jpg,https://commons.wikimedia.org/wiki/File%3ABilleder_af_nordens_flora_%28Plate_297%29_%288147599902%29.jpg,"printed in 1917-26 contents: Alchemilla vulgaris; image: Danish Mentz & Ostenfeld edition, BHL scan on Commons 2034x3200 px (same plate number); family: Rosaceae"
Potentilla reptans,Rev-fingerört,,298,https://upload.wikimedia.org/wikipedia/commons/c/c0/Billeder_af_nordens_flora_%28Plate_298%29_%288147567955%29.jpg,https://commons.wikimedia.org/wiki/File%3ABilleder_af_nordens_flora_%28Plate_298%29_%288147567955%29.jpg,"printed in 1917-26 contents: Potentilla reptans; image: Danish Mentz & Ostenfeld edition, BHL scan on Commons 2034x3200 px (same plate number); family: Rosaceae"
Potentilla anserina,Silverört,,299,https://upload.wikimedia.org/wikipedia/commons/6/66/Billeder_af_nordens_flora_%28Plate_299%29_%288147568453%29.jpg,https://commons.wikimedia.org/wiki/File%3ABilleder_af_nordens_flora_%28Plate_299%29_%288147568453%29.jpg,"printed in 1917-26 contents: Potentilla anserina; image: Danish Mentz & Ostenfeld edition, BHL scan on Commons 2034x3200 px (same plate number); family: Rosaceae"
Potentilla erecta,Blodrot,,300,https://upload.wikimedia.org/wikipedia/commons/c/ce/Billeder_af_nordens_flora_%28Plate_300%29_%288147601422%29.jpg,https://commons.wikimedia.org/wiki/File%3ABilleder_af_nordens_flora_%28Plate_300%29_%288147601422%29.jpg,"printed in 1917-26 contents: Potentilla erecta; image: Danish Mentz & Ostenfeld edition, BHL scan on Commons 2034x3200 px (same plate number); family: Rosaceae"
Fragaria vesca,Smultron,,301,https://upload.wikimedia.org/wikipedia/commons/1/12/Billeder_af_nordens_flora_%28Plate_301%29_%288147601850%29.jpg,https://commons.wikimedia.org/wiki/File%3ABilleder_af_nordens_flora_%28Plate_301%29_%288147601850%29.jpg,"composite: 2 names indexed on this plate; printed in 1917-26 contents: Fragaria vesca; image: Danish Mentz & Ostenfeld edition, BHL scan on Commons 2034x3200 px (same plate number); family: Rosaceae"
Fragaria viridis,Smultron,,301,https://upload.wikimedia.org/wikipedia/commons/1/12/Billeder_af_nordens_flora_%28Plate_301%29_%288147601850%29.jpg,https://commons.wikimedia.org/wiki/File%3ABilleder_af_nordens_flora_%28Plate_301%29_%288147601850%29.jpg,"composite: 2 names indexed on this plate; printed in 1917-26 contents: Fragaria vesca; image: Danish Mentz & Ostenfeld edition, BHL scan on Commons 2034x3200 px (same plate number); family: Rosaceae"
Comarum palustre,Kråkklöver,,302,https://upload.wikimedia.org/wikipedia/commons/4/46/Billeder_af_nordens_flora_%28Plate_302%29_%288147569739%29.jpg,https://commons.wikimedia.org/wiki/File%3ABilleder_af_nordens_flora_%28Plate_302%29_%288147569739%29.jpg,"printed in 1917-26 contents: Comarum palustre; image: Danish Mentz & Ostenfeld edition, BHL scan on Commons 2034x3200 px (same plate number); family: Rosaceae"
Geum urbanum,Nejlikrot,,303,https://upload.wikimedia.org/wikipedia/commons/6/65/Billeder_af_nordens_flora_%28Plate_303%29_%288147570223%29.jpg,https://commons.wikimedia.org/wiki/File%3ABilleder_af_nordens_flora_%28Plate_303%29_%288147570223%29.jpg,"printed in 1917-26 contents: Geum urbanum; image: Danish Mentz & Ostenfeld edition, BHL scan on Commons 2034x3200 px (same plate number); family: Rosaceae"
Geum rivale,Humleblomster,,304,https://upload.wikimedia.org/wikipedia/commons/a/a8/Billeder_af_nordens_flora_%28Plate_304%29_%288147603142%29.jpg,https://commons.wikimedia.org/wiki/File%3ABilleder_af_nordens_flora_%28Plate_304%29_%288147603142%29.jpg,"printed in 1917-26 contents: Geum rivale; image: Danish Mentz & Ostenfeld edition, BHL scan on Commons 2034x3200 px (same plate number); family: Rosaceae"
Dryas octopetala,Fjällvippa,,305,https://upload.wikimedia.org/wikipedia/commons/e/e4/Billeder_af_nordens_flora_%28Plate_305%29_%288147571033%29.jpg,https://commons.wikimedia.org/wiki/File%3ABilleder_af_nordens_flora_%28Plate_305%29_%288147571033%29.jpg,"printed in 1917-26 contents: Dryas octopetala; image: Danish Mentz & Ostenfeld edition, BHL scan on Commons 2034x3200 px (same plate number); family: Rosaceae"
Rubus idaeus,Hallon,,306,https://upload.wikimedia.org/wikipedia/commons/1/15/Billeder_af_nordens_flora_%28Plate_306%29_%288147571539%29.jpg,https://commons.wikimedia.org/wiki/File%3ABilleder_af_nordens_flora_%28Plate_306%29_%288147571539%29.jpg,"printed in 1917-26 contents: Rubus idæus; image: Danish Mentz & Ostenfeld edition, BHL scan on Commons 2034x3200 px (same plate number); family: Rosaceae"
Rubus nemorosus,Björnbär,,307,https://upload.wikimedia.org/wikipedia/commons/2/2c/Billeder_af_nordens_flora_%28Plate_307%29_%288147604516%29.jpg,https://commons.wikimedia.org/wiki/File%3ABilleder_af_nordens_flora_%28Plate_307%29_%288147604516%29.jpg,"printed in 1917-26 contents: Rubus nemorosus; image: Danish Mentz & Ostenfeld edition, BHL scan on Commons 2034x3200 px (same plate number); family: Rosaceae"
Rubus caesius,Blåhallon,,308,https://upload.wikimedia.org/wikipedia/commons/e/ef/Billeder_af_nordens_flora_%28Plate_308%29_%288147604998%29.jpg,https://commons.wikimedia.org/wiki/File%3ABilleder_af_nordens_flora_%28Plate_308%29_%288147604998%29.jpg,"printed in 1917-26 contents: Rubus cæsius; image: Danish Mentz & Ostenfeld edition, BHL scan on Commons 2034x3200 px (same plate number); family: Rosaceae"
Rubus saxatilis,Stenhallon,,309,https://upload.wikimedia.org/wikipedia/commons/5/55/Billeder_af_nordens_flora_%28Plate_309%29_%288147572941%29.jpg,https://commons.wikimedia.org/wiki/File%3ABilleder_af_nordens_flora_%28Plate_309%29_%288147572941%29.jpg,"printed in 1917-26 contents: Rubus saxatilis; image: Danish Mentz & Ostenfeld edition, BHL scan on Commons 2034x3200 px (same plate number); family: Rosaceae"
Rubus arcticus,Åkerbär,,310,https://upload.wikimedia.org/wikipedia/commons/3/35/Billeder_af_nordens_flora_%28Plate_310%29_%288147573445%29.jpg,https://commons.wikimedia.org/wiki/File%3ABilleder_af_nordens_flora_%28Plate_310%29_%288147573445%29.jpg,"printed in 1917-26 contents: Rubus arcticus; image: Danish Mentz & Ostenfeld edition, BHL scan on Commons 2034x3200 px (same plate number); family: Rosaceae"
Rubus chamaemorus,Hjortron,,311,https://upload.wikimedia.org/wikipedia/commons/4/4b/Billeder_af_nordens_flora_%28Plate_311%29_%288147606242%29.jpg,https://commons.wikimedia.org/wiki/File%3ABilleder_af_nordens_flora_%28Plate_311%29_%288147606242%29.jpg,"printed in 1917-26 contents: Rubus chamæmorus; image: Danish Mentz & Ostenfeld edition, BHL scan on Commons 2034x3200 px (same plate number); family: Rosaceae"
Prunus padus,Hägg,,312,https://upload.wikimedia.org/wikipedia/commons/f/f2/Billeder_af_nordens_flora_%28Plate_312%29_%288147574299%29.jpg,https://commons.wikimedia.org/wiki/File%3ABilleder_af_nordens_flora_%28Plate_312%29_%288147574299%29.jpg,"printed in 1917-26 contents: Prunus padus; image: Danish Mentz & Ostenfeld edition, BHL scan on Commons 2034x3200 px (same plate number); family: Rosaceae"
Prunus spinosa,Slån,,313,https://upload.wikimedia.org/wikipedia/commons/b/b5/Billeder_af_nordens_flora_%28Plate_313%29_%288147607308%29.jpg,https://commons.wikimedia.org/wiki/File%3ABilleder_af_nordens_flora_%28Plate_313%29_%288147607308%29.jpg,"printed in 1917-26 contents: Prunus spinosa; image: Danish Mentz & Ostenfeld edition, BHL scan on Commons 2034x3200 px (same plate number); family: Rosaceae"
Prunus avium,Fågelbär,,314,https://upload.wikimedia.org/wikipedia/commons/4/47/Billeder_af_nordens_flora_%28Plate_314%29_%288147607738%29.jpg,https://commons.wikimedia.org/wiki/File%3ABilleder_af_nordens_flora_%28Plate_314%29_%288147607738%29.jpg,"printed in 1917-26 contents: Prunus avium; image: Danish Mentz & Ostenfeld edition, BHL scan on Commons 2034x3200 px (same plate number); family: Rosaceae"
Lathyrus montanus,Vårärt,,315,https://upload.wikimedia.org/wikipedia/commons/3/30/Billeder_af_nordens_flora_%28Plate_315%29_%288147608290%29.jpg,https://commons.wikimedia.org/wiki/File%3ABilleder_af_nordens_flora_%28Plate_315%29_%288147608290%29.jpg,"composite: 2 names indexed on this plate; printed in 1917-26 contents: Lathyrus vernus; image: Danish Mentz & Ostenfeld edition, BHL scan on Commons 2034x3200 px (same plate number); family: Fabaceae"
Lathyrus vernus,Vårärt,,315,https://upload.wikimedia.org/wikipedia/commons/3/30/Billeder_af_nordens_flora_%28Plate_315%29_%288147608290%29.jpg,https://commons.wikimedia.org/wiki/File%3ABilleder_af_nordens_flora_%28Plate_315%29_%288147608290%29.jpg,"composite: 2 names indexed on this plate; printed in 1917-26 contents: Lathyrus vernus; image: Danish Mentz & Ostenfeld edition, BHL scan on Commons 2034x3200 px (same plate number); family: Fabaceae"
Lathyrus pratensis,Gulvial,,316,https://upload.wikimedia.org/wikipedia/commons/e/e9/Billeder_af_nordens_flora_%28Plate_316%29_%288147576179%29.jpg,https://commons.wikimedia.org/wiki/File%3ABilleder_af_nordens_flora_%28Plate_316%29_%288147576179%29.jpg,"printed in 1917-26 contents: Lathyrus pratensis; image: Danish Mentz & Ostenfeld edition, BHL scan on Commons 2034x3200 px (same plate number); family: Fabaceae"
Lathyrus silvestris,Skogsvial,,317,https://upload.wikimedia.org/wikipedia/commons/f/f6/Billeder_af_nordens_flora_%28Plate_317%29_%288147576809%29.jpg,https://commons.wikimedia.org/wiki/File%3ABilleder_af_nordens_flora_%28Plate_317%29_%288147576809%29.jpg,"printed in 1917-26 contents: Lathyrus silvestris; image: Danish Mentz & Ostenfeld edition, BHL scan on Commons 2034x3200 px (same plate number); family: Fabaceae"
Vicia cracca,Luddvicker,,318,https://upload.wikimedia.org/wikipedia/commons/d/dd/Billeder_af_nordens_flora_%28Plate_318%29_%288147609892%29.jpg,https://commons.wikimedia.org/wiki/File%3ABilleder_af_nordens_flora_%28Plate_318%29_%288147609892%29.jpg,"composite: 2 names indexed on this plate; printed in 1917-26 contents: Vicia villosa; image: Danish Mentz & Ostenfeld edition, BHL scan on Commons 2034x3200 px (same plate number); family: Fabaceae"
Vicia villosa,Luddvicker,,318,https://upload.wikimedia.org/wikipedia/commons/d/dd/Billeder_af_nordens_flora_%28Plate_318%29_%288147609892%29.jpg,https://commons.wikimedia.org/wiki/File%3ABilleder_af_nordens_flora_%28Plate_318%29_%288147609892%29.jpg,"composite: 2 names indexed on this plate; printed in 1917-26 contents: Vicia villosa; image: Danish Mentz & Ostenfeld edition, BHL scan on Commons 2034x3200 px (same plate number); family: Fabaceae"
Vicia sepium,Häckvicker,,319,https://upload.wikimedia.org/wikipedia/commons/3/31/Billeder_af_nordens_flora_%28Plate_319%29_%288147610356%29.jpg,https://commons.wikimedia.org/wiki/File%3ABilleder_af_nordens_flora_%28Plate_319%29_%288147610356%29.jpg,"printed in 1917-26 contents: Vicia sepium; image: Danish Mentz & Ostenfeld edition, BHL scan on Commons 2034x3200 px (same plate number); family: Fabaceae"
Vicia sativa,Fodervicker,,320,https://upload.wikimedia.org/wikipedia/commons/f/fd/Billeder_af_nordens_flora_%28Plate_320%29_%288147610866%29.jpg,https://commons.wikimedia.org/wiki/File%3ABilleder_af_nordens_flora_%28Plate_320%29_%288147610866%29.jpg,"printed in 1917-26 contents: Vicia sativa; image: Danish Mentz & Ostenfeld edition, BHL scan on Commons 2034x3200 px (same plate number); family: Fabaceae"
Astragalus glycyphyllus,Backsöta,,321,https://upload.wikimedia.org/wikipedia/commons/5/5d/Billeder_af_nordens_flora_%28Plate_321%29_%288147611366%29.jpg,https://commons.wikimedia.org/wiki/File%3ABilleder_af_nordens_flora_%28Plate_321%29_%288147611366%29.jpg,"printed in 1917-26 contents: Astragalus glycyphyllus; image: Danish Mentz & Ostenfeld edition, BHL scan on Commons 2034x3200 px (same plate number); family: Fabaceae"
Astragalus arenarius,Sandkloärt,,322,https://upload.wikimedia.org/wikipedia/commons/f/fa/Billeder_af_nordens_flora_%28Plate_322%29_%288147611902%29.jpg,https://commons.wikimedia.org/wiki/File%3ABilleder_af_nordens_flora_%28Plate_322%29_%288147611902%29.jpg,"printed in 1917-26 contents: Astrogalus arenarius; image: Danish Mentz & Ostenfeld edition, BHL scan on Commons 2034x3200 px (same plate number); family: Fabaceae"
Coronilla emerus,Kronärt,,323,https://upload.wikimedia.org/wikipedia/commons/5/52/Billeder_af_nordens_flora_%28Plate_323%29_%288147612398%29.jpg,https://commons.wikimedia.org/wiki/File%3ABilleder_af_nordens_flora_%28Plate_323%29_%288147612398%29.jpg,"printed in 1917-26 contents: Coronilla emerus; image: Danish Mentz & Ostenfeld edition, BHL scan on Commons 2034x3200 px (same plate number); family: Fabaceae"
Lotus corniculatus,Käringtand,,324,https://upload.wikimedia.org/wikipedia/commons/b/b5/Billeder_af_nordens_flora_%28Plate_324%29_%288147580085%29.jpg,https://commons.wikimedia.org/wiki/File%3ABilleder_af_nordens_flora_%28Plate_324%29_%288147580085%29.jpg,"printed in 1917-26 contents: Lotus corniculatus; image: Danish Mentz & Ostenfeld edition, BHL scan on Commons 2034x3200 px (same plate number); family: Fabaceae"
Melilotus albus,Vit sötväppling,,325,https://upload.wikimedia.org/wikipedia/commons/6/67/Billeder_af_nordens_flora_%28Plate_325%29_%288147580503%29.jpg,https://commons.wikimedia.org/wiki/File%3ABilleder_af_nordens_flora_%28Plate_325%29_%288147580503%29.jpg,"composite: 2 names indexed on this plate; printed in 1917-26 contents: Melilotus albus; image: Danish Mentz & Ostenfeld edition, BHL scan on Commons 2034x3200 px (same plate number); family: Fabaceae"
Melilotus altissimus,Vit sötväppling,,325,https://upload.wikimedia.org/wikipedia/commons/6/67/Billeder_af_nordens_flora_%28Plate_325%29_%288147580503%29.jpg,https://commons.wikimedia.org/wiki/File%3ABilleder_af_nordens_flora_%28Plate_325%29_%288147580503%29.jpg,"composite: 2 names indexed on this plate; printed in 1917-26 contents: Melilotus albus; image: Danish Mentz & Ostenfeld edition, BHL scan on Commons 2034x3200 px (same plate number); family: Fabaceae"
Medicago falcata,Svensklusern,,326,https://upload.wikimedia.org/wikipedia/commons/9/93/Billeder_af_nordens_flora_%28Plate_326%29_%288147613788%29.jpg,https://commons.wikimedia.org/wiki/File%3ABilleder_af_nordens_flora_%28Plate_326%29_%288147613788%29.jpg,"printed in 1917-26 contents: Medicago falcata; image: Danish Mentz & Ostenfeld edition, BHL scan on Commons 2034x3200 px (same plate number); family: Fabaceae"
Trifolium medium,Skogsklöver,,327,https://upload.wikimedia.org/wikipedia/commons/6/64/Billeder_af_nordens_flora_%28Plate_327%29_%288147614290%29.jpg,https://commons.wikimedia.org/wiki/File%3ABilleder_af_nordens_flora_%28Plate_327%29_%288147614290%29.jpg,"composite: 2 names indexed on this plate; printed in 1917-26 contents: Trifolium medium; image: Danish Mentz & Ostenfeld edition, BHL scan on Commons 2034x3200 px (same plate number); family: Fabaceae"
Trifolium pratense,Skogsklöver,,327,https://upload.wikimedia.org/wikipedia/commons/6/64/Billeder_af_nordens_flora_%28Plate_327%29_%288147614290%29.jpg,https://commons.wikimedia.org/wiki/File%3ABilleder_af_nordens_flora_%28Plate_327%29_%288147614290%29.jpg,"composite: 2 names indexed on this plate; printed in 1917-26 contents: Trifolium medium; image: Danish Mentz & Ostenfeld edition, BHL scan on Commons 2034x3200 px (same plate number); family: Fabaceae"
Trifolium hybridum,Vitklöver,,328,https://upload.wikimedia.org/wikipedia/commons/1/12/Billeder_af_nordens_flora_%28Plate_328%29_%288147581919%29.jpg,https://commons.wikimedia.org/wiki/File%3ABilleder_af_nordens_flora_%28Plate_328%29_%288147581919%29.jpg,"composite: 2 names indexed on this plate; printed in 1917-26 contents: Trifolium repens; image: Danish Mentz & Ostenfeld edition, BHL scan on Commons 2034x3200 px (same plate number); family: Fabaceae"
Trifolium repens,Vitklöver,,328,https://upload.wikimedia.org/wikipedia/commons/1/12/Billeder_af_nordens_flora_%28Plate_328%29_%288147581919%29.jpg,https://commons.wikimedia.org/wiki/File%3ABilleder_af_nordens_flora_%28Plate_328%29_%288147581919%29.jpg,"composite: 2 names indexed on this plate; printed in 1917-26 contents: Trifolium repens; image: Danish Mentz & Ostenfeld edition, BHL scan on Commons 2034x3200 px (same plate number); family: Fabaceae"
Trifolium agrarium,Harklöver,,329,https://upload.wikimedia.org/wikipedia/commons/d/d9/Billeder_af_nordens_flora_%28Plate_329%29_%288147615270%29.jpg,https://commons.wikimedia.org/wiki/File%3ABilleder_af_nordens_flora_%28Plate_329%29_%288147615270%29.jpg,"composite: 3 names indexed on this plate; printed in 1917-26 contents: Trifolium arvense; image: Danish Mentz & Ostenfeld edition, BHL scan on Commons 2034x3200 px (same plate number); family: Fabaceae"
Trifolium arvense,Harklöver,,329,https://upload.wikimedia.org/wikipedia/commons/d/d9/Billeder_af_nordens_flora_%28Plate_329%29_%288147615270%29.jpg,https://commons.wikimedia.org/wiki/File%3ABilleder_af_nordens_flora_%28Plate_329%29_%288147615270%29.jpg,"composite: 3 names indexed on this plate; printed in 1917-26 contents: Trifolium arvense; image: Danish Mentz & Ostenfeld edition, BHL scan on Commons 2034x3200 px (same plate number); family: Fabaceae"
Trifolium fragiferum,Harklöver,,329,https://upload.wikimedia.org/wikipedia/commons/d/d9/Billeder_af_nordens_flora_%28Plate_329%29_%288147615270%29.jpg,https://commons.wikimedia.org/wiki/File%3ABilleder_af_nordens_flora_%28Plate_329%29_%288147615270%29.jpg,"composite: 3 names indexed on this plate; printed in 1917-26 contents: Trifolium arvense; image: Danish Mentz & Ostenfeld edition, BHL scan on Commons 2034x3200 px (same plate number); family: Fabaceae"
Anthyllis vulneraria,Harväppling,,330,https://upload.wikimedia.org/wikipedia/commons/7/78/Billeder_af_nordens_flora_%28Plate_330%29_%288147615732%29.jpg,https://commons.wikimedia.org/wiki/File%3ABilleder_af_nordens_flora_%28Plate_330%29_%288147615732%29.jpg,"printed in 1917-26 contents: Anthyllis vulneraria; image: Danish Mentz & Ostenfeld edition, BHL scan on Commons 2034x3200 px (same plate number); family: Fabaceae"
Ononis repens,Puktörne,,331,https://upload.wikimedia.org/wikipedia/commons/2/2b/Billeder_af_nordens_flora_%28Plate_331%29_%288147616124%29.jpg,https://commons.wikimedia.org/wiki/File%3ABilleder_af_nordens_flora_%28Plate_331%29_%288147616124%29.jpg,"printed in 1917-26 contents: Ononis repens; image: Danish Mentz & Ostenfeld edition, BHL scan on Commons 2034x3200 px (same plate number); family: Fabaceae"
Genista tinctoria,Färgginst,,332,https://upload.wikimedia.org/wikipedia/commons/f/fe/Billeder_af_nordens_flora_%28Plate_332%29_%288147583765%29.jpg,https://commons.wikimedia.org/wiki/File%3ABilleder_af_nordens_flora_%28Plate_332%29_%288147583765%29.jpg,"printed in 1917-26 contents: Genista tinctoria; image: Danish Mentz & Ostenfeld edition, BHL scan on Commons 2034x3200 px (same plate number); family: Fabaceae"
Sarothamnus scoparius,Har-ris,,333,https://upload.wikimedia.org/wikipedia/commons/6/68/Billeder_af_nordens_flora_%28Plate_333%29_%288147616912%29.jpg,https://commons.wikimedia.org/wiki/File%3ABilleder_af_nordens_flora_%28Plate_333%29_%288147616912%29.jpg,"printed in 1917-26 contents: Sarothamnus scoparius; image: Danish Mentz & Ostenfeld edition, BHL scan on Commons 2034x3200 px (same plate number); family: Fabaceae"
Chamaenerium angustifolium,Mjölke,,334,https://upload.wikimedia.org/wikipedia/commons/d/db/Billeder_af_nordens_flora_%28Plate_334%29_%288147584683%29.jpg,https://commons.wikimedia.org/wiki/File%3ABilleder_af_nordens_flora_%28Plate_334%29_%288147584683%29.jpg,"printed in 1917-26 contents: Chamænerium angustifolium; image: Danish Mentz & Ostenfeld edition, BHL scan on Commons 2034x3200 px (same plate number); family: Onagraceae"
Epilobium alsinifolium,Småduntrav,,335,https://upload.wikimedia.org/wikipedia/commons/7/79/Billeder_af_nordens_flora_%28Plate_335%29_%288147617876%29.jpg,https://commons.wikimedia.org/wiki/File%3ABilleder_af_nordens_flora_%28Plate_335%29_%288147617876%29.jpg,"composite: 3 names indexed on this plate; printed in 1917-26 contents: Epilobium anagallidifolium; image: Danish Mentz & Ostenfeld edition, BHL scan on Commons 2034x3200 px (same plate number); family: Onagraceae"
Epilobium anagallidifolium,Småduntrav,,335,https://upload.wikimedia.org/wikipedia/commons/7/79/Billeder_af_nordens_flora_%28Plate_335%29_%288147617876%29.jpg,https://commons.wikimedia.org/wiki/File%3ABilleder_af_nordens_flora_%28Plate_335%29_%288147617876%29.jpg,"composite: 3 names indexed on this plate; printed in 1917-26 contents: Epilobium anagallidifolium; image: Danish Mentz & Ostenfeld edition, BHL scan on Commons 2034x3200 px (same plate number); family: Onagraceae"
Epilobium montanum,Småduntrav,,335,https://upload.wikimedia.org/wikipedia/commons/7/79/Billeder_af_nordens_flora_%28Plate_335%29_%288147617876%29.jpg,https://commons.wikimedia.org/wiki/File%3ABilleder_af_nordens_flora_%28Plate_335%29_%288147617876%29.jpg,"composite: 3 names indexed on this plate; printed in 1917-26 contents: Epilobium anagallidifolium; image: Danish Mentz & Ostenfeld edition, BHL scan on Commons 2034x3200 px (same plate number); family: Onagraceae"
Circaea alpina,Häxört,,336,https://upload.wikimedia.org/wikipedia/commons/c/c1/Billeder_af_nordens_flora_%28Plate_336%29_%288147585677%29.jpg,https://commons.wikimedia.org/wiki/File%3ABilleder_af_nordens_flora_%28Plate_336%29_%288147585677%29.jpg,"printed in 1917-26 contents: Circæa alpina; image: Danish Mentz & Ostenfeld edition, BHL scan on Commons 2034x3200 px (same plate number); family: Onagraceae"
Trapa natans,Sjönöt,,337,https://upload.wikimedia.org/wikipedia/commons/6/68/Billeder_af_nordens_flora_%28Plate_337%29_%288147586069%29.jpg,https://commons.wikimedia.org/wiki/File%3ABilleder_af_nordens_flora_%28Plate_337%29_%288147586069%29.jpg,"printed in 1917-26 contents: Trapa natans; image: Danish Mentz & Ostenfeld edition, BHL scan on Commons 2034x3200 px (same plate number); family: Trapaceae"
Hippuris vulgaris,Ledgräs,,338,https://upload.wikimedia.org/wikipedia/commons/9/98/Billeder_af_nordens_flora_%28Plate_338%29_%288147586493%29.jpg,https://commons.wikimedia.org/wiki/File%3ABilleder_af_nordens_flora_%28Plate_338%29_%288147586493%29.jpg,"printed in 1917-26 contents: Hippuris vulgaris; image: Danish Mentz & Ostenfeld edition, BHL scan on Commons 2034x3200 px (same plate number); family: Hippuridaceae"
Lythrum salicaria,Fackelros,,339,https://upload.wikimedia.org/wikipedia/commons/0/01/Billeder_af_nordens_flora_%28Plate_339%29_%288147586949%29.jpg,https://commons.wikimedia.org/wiki/File%3ABilleder_af_nordens_flora_%28Plate_339%29_%288147586949%29.jpg,"printed in 1917-26 contents: Lythrum salicaria; image: Danish Mentz & Ostenfeld edition, BHL scan on Commons 2034x3200 px (same plate number); family: Lythraceae"
Silene latifolia,Tarald,,340,https://upload.wikimedia.org/wikipedia/commons/5/5e/Billeder_af_nordens_flora_%28Plate_340%29_%288147620076%29.jpg,https://commons.wikimedia.org/wiki/File%3ABilleder_af_nordens_flora_%28Plate_340%29_%288147620076%29.jpg,"composite: 2 names indexed on this plate; printed in 1917-26 contents: Silene latifolia; image: Danish Mentz & Ostenfeld edition, BHL scan on Commons 2034x3200 px (same plate number); family: Caryophyllaceae"
Silene nutans,Tarald,,340,https://upload.wikimedia.org/wikipedia/commons/5/5e/Billeder_af_nordens_flora_%28Plate_340%29_%288147620076%29.jpg,https://commons.wikimedia.org/wiki/File%3ABilleder_af_nordens_flora_%28Plate_340%29_%288147620076%29.jpg,"composite: 2 names indexed on this plate; printed in 1917-26 contents: Silene latifolia; image: Danish Mentz & Ostenfeld edition, BHL scan on Commons 2034x3200 px (same plate number); family: Caryophyllaceae"
Lychnis flos cuculi,Tjärblomster,,341,https://upload.wikimedia.org/wikipedia/commons/8/85/Billeder_af_nordens_flora_%28Plate_341%29_%288147588009%29.jpg,https://commons.wikimedia.org/wiki/File%3ABilleder_af_nordens_flora_%28Plate_341%29_%288147588009%29.jpg,"composite: 2 names indexed on this plate; printed in 1917-26 contents: Viscaria vulgaris; image: Danish Mentz & Ostenfeld edition, BHL scan on Commons 2034x3200 px (same plate number); family: Caryophyllaceae"
Viscaria vulgaris,Tjärblomster,,341,https://upload.wikimedia.org/wikipedia/commons/8/85/Billeder_af_nordens_flora_%28Plate_341%29_%288147588009%29.jpg,https://commons.wikimedia.org/wiki/File%3ABilleder_af_nordens_flora_%28Plate_341%29_%288147588009%29.jpg,"composite: 2 names indexed on this plate; printed in 1917-26 contents: Viscaria vulgaris; image: Danish Mentz & Ostenfeld edition, BHL scan on Commons 2034x3200 px (same plate number); family: Caryophyllaceae"
Melandrium album,Vitblära,,342,https://upload.wikimedia.org/wikipedia/commons/9/9d/Billeder_af_nordens_flora_%28Plate_342%29_%288147588507%29.jpg,https://commons.wikimedia.org/wiki/File%3ABilleder_af_nordens_flora_%28Plate_342%29_%288147588507%29.jpg,"composite: 2 names indexed on this plate; printed in 1917-26 contents: Melandrium album; image: Danish Mentz & Ostenfeld edition, BHL scan on Commons 2034x3200 px (same plate number); family: Caryophyllaceae"
Melandrium dioecum,Vitblära,,342,https://upload.wikimedia.org/wikipedia/commons/9/9d/Billeder_af_nordens_flora_%28Plate_342%29_%288147588507%29.jpg,https://commons.wikimedia.org/wiki/File%3ABilleder_af_nordens_flora_%28Plate_342%29_%288147588507%29.jpg,"composite: 2 names indexed on this plate; printed in 1917-26 contents: Melandrium album; image: Danish Mentz & Ostenfeld edition, BHL scan on Commons 2034x3200 px (same plate number); family: Caryophyllaceae"
Agrostemma githago,Åkerklätt,,343,https://upload.wikimedia.org/wikipedia/commons/1/16/Billeder_af_nordens_flora_%28Plate_343%29_%288147621556%29.jpg,https://commons.wikimedia.org/wiki/File%3ABilleder_af_nordens_flora_%28Plate_343%29_%288147621556%29.jpg,"printed in 1917-26 contents: Agrostemma githago; image: Danish Mentz & Ostenfeld edition, BHL scan on Commons 2034x3200 px (same plate number); family: Caryophyllaceae"
Dianthus deltoides,Ängsnejlika,,344,https://upload.wikimedia.org/wikipedia/commons/2/2a/Billeder_af_nordens_flora_%28Plate_344%29_%288147622024%29.jpg,https://commons.wikimedia.org/wiki/File%3ABilleder_af_nordens_flora_%28Plate_344%29_%288147622024%29.jpg,"composite: 2 names indexed on this plate; printed in 1917-26 contents: Dianthus deltoides; image: Danish Mentz & Ostenfeld edition, BHL scan on Commons 2034x3200 px (same plate number); family: Caryophyllaceae"
Dianthus superbus,Ängsnejlika,,344,https://upload.wikimedia.org/wikipedia/commons/2/2a/Billeder_af_nordens_flora_%28Plate_344%29_%288147622024%29.jpg,https://commons.wikimedia.org/wiki/File%3ABilleder_af_nordens_flora_%28Plate_344%29_%288147622024%29.jpg,"composite: 2 names indexed on this plate; printed in 1917-26 contents: Dianthus deltoides; image: Danish Mentz & Ostenfeld edition, BHL scan on Commons 2034x3200 px (same plate number); family: Caryophyllaceae"
Stellaria graminea,Våtarv,,345,https://upload.wikimedia.org/wikipedia/commons/8/85/Billeder_af_nordens_flora_%28Plate_345%29_%288147589779%29.jpg,https://commons.wikimedia.org/wiki/File%3ABilleder_af_nordens_flora_%28Plate_345%29_%288147589779%29.jpg,"composite: 2 names indexed on this plate; printed in 1917-26 contents: Stellaria media; image: Danish Mentz & Ostenfeld edition, BHL scan on Commons 2034x3200 px (same plate number); family: Caryophyllaceae"
Stellaria media,Våtarv,,345,https://upload.wikimedia.org/wikipedia/commons/8/85/Billeder_af_nordens_flora_%28Plate_345%29_%288147589779%29.jpg,https://commons.wikimedia.org/wiki/File%3ABilleder_af_nordens_flora_%28Plate_345%29_%288147589779%29.jpg,"composite: 2 names indexed on this plate; printed in 1917-26 contents: Stellaria media; image: Danish Mentz & Ostenfeld edition, BHL scan on Commons 2034x3200 px (same plate number); family: Caryophyllaceae"
Alsine biflora,Sandnarv,,346,https://upload.wikimedia.org/wikipedia/commons/c/cd/Billeder_af_nordens_flora_%28Plate_346%29_%288147623000%29.jpg,https://commons.wikimedia.org/wiki/File%3ABilleder_af_nordens_flora_%28Plate_346%29_%288147623000%29.jpg,"composite: 4 names indexed on this plate; printed in 1917-26 contents: Arenaria serpyllifolia; image: Danish Mentz & Ostenfeld edition, BHL scan on Commons 2034x3200 px (same plate number); family: Caryophyllaceae"
Alsine stricta,Sandnarv,,346,https://upload.wikimedia.org/wikipedia/commons/c/cd/Billeder_af_nordens_flora_%28Plate_346%29_%288147623000%29.jpg,https://commons.wikimedia.org/wiki/File%3ABilleder_af_nordens_flora_%28Plate_346%29_%288147623000%29.jpg,"composite: 4 names indexed on this plate; printed in 1917-26 contents: Arenaria serpyllifolia; image: Danish Mentz & Ostenfeld edition, BHL scan on Commons 2034x3200 px (same plate number); family: Caryophyllaceae"
Arenaria serpyllifolia,Sandnarv,,346,https://upload.wikimedia.org/wikipedia/commons/c/cd/Billeder_af_nordens_flora_%28Plate_346%29_%288147623000%29.jpg,https://commons.wikimedia.org/wiki/File%3ABilleder_af_nordens_flora_%28Plate_346%29_%288147623000%29.jpg,"composite: 4 names indexed on this plate; printed in 1917-26 contents: Arenaria serpyllifolia; image: Danish Mentz & Ostenfeld edition, BHL scan on Commons 2034x3200 px (same plate number); family: Caryophyllaceae"
Cerastium caespitosum,Sandnarv,,346,https://upload.wikimedia.org/wikipedia/commons/c/cd/Billeder_af_nordens_flora_%28Plate_346%29_%288147623000%29.jpg,https://commons.wikimedia.org/wiki/File%3ABilleder_af_nordens_flora_%28Plate_346%29_%288147623000%29.jpg,"composite: 4 names indexed on this plate; printed in 1917-26 contents: Arenaria serpyllifolia; image: Danish Mentz & Ostenfeld edition, BHL scan on Commons 2034x3200 px (same plate number); family: Caryophyllaceae"
Sagina procumbens,Sylnarv,,347,https://upload.wikimedia.org/wikipedia/commons/6/68/Billeder_af_nordens_flora_%28Plate_347%29_%288147623634%29.jpg,https://commons.wikimedia.org/wiki/File%3ABilleder_af_nordens_flora_%28Plate_347%29_%288147623634%29.jpg,"composite: 2 names indexed on this plate; printed in 1917-26 contents: Sagina subulata; image: Danish Mentz & Ostenfeld edition, BHL scan on Commons 2034x3200 px (same plate number); family: Caryophyllaceae"
Sagina subulata,Sylnarv,,347,https://upload.wikimedia.org/wikipedia/commons/6/68/Billeder_af_nordens_flora_%28Plate_347%29_%288147623634%29.jpg,https://commons.wikimedia.org/wiki/File%3ABilleder_af_nordens_flora_%28Plate_347%29_%288147623634%29.jpg,"composite: 2 names indexed on this plate; printed in 1917-26 contents: Sagina subulata; image: Danish Mentz & Ostenfeld edition, BHL scan on Commons 2034x3200 px (same plate number); family: Caryophyllaceae"
Spergula arvensis,Spergel,,348,https://upload.wikimedia.org/wikipedia/commons/1/1a/Billeder_af_nordens_flora_%28Plate_348%29_%288147591335%29.jpg,https://commons.wikimedia.org/wiki/File%3ABilleder_af_nordens_flora_%28Plate_348%29_%288147591335%29.jpg,"printed in 1917-26 contents: Spergula arvensis; image: Danish Mentz & Ostenfeld edition, BHL scan on Commons 2034x3200 px (same plate number); family: Caryophyllaceae"
Spergularia campestris,Rödnarv,,349,https://upload.wikimedia.org/wikipedia/commons/8/8d/Billeder_af_nordens_flora_%28Plate_349%29_%288147591771%29.jpg,https://commons.wikimedia.org/wiki/File%3ABilleder_af_nordens_flora_%28Plate_349%29_%288147591771%29.jpg,"composite: 2 names indexed on this plate; printed in 1917-26 contents: Spergularia campestris; image: Danish Mentz & Ostenfeld edition, BHL scan on Commons 2034x3200 px (same plate number); family: Caryophyllaceae"
Spergularia marginata,Rödnarv,,349,https://upload.wikimedia.org/wikipedia/commons/8/8d/Billeder_af_nordens_flora_%28Plate_349%29_%288147591771%29.jpg,https://commons.wikimedia.org/wiki/File%3ABilleder_af_nordens_flora_%28Plate_349%29_%288147591771%29.jpg,"composite: 2 names indexed on this plate; printed in 1917-26 contents: Spergularia campestris; image: Danish Mentz & Ostenfeld edition, BHL scan on Commons 2034x3200 px (same plate number); family: Caryophyllaceae"
Montia lamprosperma,Käll-lånke,,350,https://upload.wikimedia.org/wikipedia/commons/5/52/Billeder_af_nordens_flora_%28Plate_350%29_%288147624980%29.jpg,https://commons.wikimedia.org/wiki/File%3ABilleder_af_nordens_flora_%28Plate_350%29_%288147624980%29.jpg,"printed in 1917-26 contents: Montia lamprosperma; image: Danish Mentz & Ostenfeld edition, BHL scan on Commons 2034x3200 px (same plate number); family: Portulacaceae"
Chenopodium album,Vitmålla,,351,https://upload.wikimedia.org/wikipedia/commons/9/9a/Billeder_af_nordens_flora_%28Plate_351%29_%288147592877%29.jpg,https://commons.wikimedia.org/wiki/File%3ABilleder_af_nordens_flora_%28Plate_351%29_%288147592877%29.jpg,"printed in 1917-26 contents: Chenopodium album; image: Danish Mentz & Ostenfeld edition, BHL scan on Commons 2034x3200 px (same plate number); family: Chenopodiaceae"
Atriplex deltoideum,Vippmålla,,352,https://upload.wikimedia.org/wikipedia/commons/5/54/Billeder_af_nordens_flora_%28Plate_352%29_%288147593427%29.jpg,https://commons.wikimedia.org/wiki/File%3ABilleder_af_nordens_flora_%28Plate_352%29_%288147593427%29.jpg,"composite: 2 names indexed on this plate; printed in 1917-26 contents: Altriplex deltoideum; image: Danish Mentz & Ostenfeld edition, BHL scan on Commons 2034x3200 px (same plate number); family: Chenopodiaceae"
Atriplex hastifolium,Vippmålla,,352,https://upload.wikimedia.org/wikipedia/commons/5/54/Billeder_af_nordens_flora_%28Plate_352%29_%288147593427%29.jpg,https://commons.wikimedia.org/wiki/File%3ABilleder_af_nordens_flora_%28Plate_352%29_%288147593427%29.jpg,"composite: 2 names indexed on this plate; printed in 1917-26 contents: Altriplex deltoideum; image: Danish Mentz & Ostenfeld edition, BHL scan on Commons 2034x3200 px (same plate number); family: Chenopodiaceae"
Atriplex hastatum,Gårdmålla,,353,https://runeberg.org/nordflor/pics/353.jpg,https://runeberg.org/nordflor/353.html,"composite: 2 names indexed on this plate; printed in 1917-26 contents: Altriplex patulum; image: Project Runeberg, low resolution (about 480x720); family: Chenopodiaceae"
Atriplex patulum,Gårdmålla,,353,https://runeberg.org/nordflor/pics/353.jpg,https://runeberg.org/nordflor/353.html,"composite: 2 names indexed on this plate; printed in 1917-26 contents: Altriplex patulum; image: Project Runeberg, low resolution (about 480x720); family: Chenopodiaceae"
Salsola kali,Sodaört,,354,https://upload.wikimedia.org/wikipedia/commons/a/a9/Billeder_af_nordens_flora_%28Plate_354%29_%288147594397%29.jpg,https://commons.wikimedia.org/wiki/File%3ABilleder_af_nordens_flora_%28Plate_354%29_%288147594397%29.jpg,"printed in 1917-26 contents: Salsola kali; image: Danish Mentz & Ostenfeld edition, BHL scan on Commons 2034x3200 px (same plate number); family: Amaranthaceae"
Polygonum viviparum,Ormrot,,355,https://runeberg.org/nordflor/pics/355.jpg,https://runeberg.org/nordflor/355.html,"printed in 1917-26 contents: Polygonum viviparum; image: Project Runeberg, low resolution (about 480x720); family: Polygonaceae"
Polygonum hydropiper,Pilört,,356,https://upload.wikimedia.org/wikipedia/commons/e/ec/Billeder_af_nordens_flora_%28Plate_356%29_%288147628132%29.jpg,https://commons.wikimedia.org/wiki/File%3ABilleder_af_nordens_flora_%28Plate_356%29_%288147628132%29.jpg,"composite: 2 names indexed on this plate; printed in 1917-26 contents: Polygonum tomentosum; image: Danish Mentz & Ostenfeld edition, BHL scan on Commons 2034x3200 px (same plate number); family: Polygonaceae"
Polygonum tomentosum,Pilört,,356,https://upload.wikimedia.org/wikipedia/commons/e/ec/Billeder_af_nordens_flora_%28Plate_356%29_%288147628132%29.jpg,https://commons.wikimedia.org/wiki/File%3ABilleder_af_nordens_flora_%28Plate_356%29_%288147628132%29.jpg,"composite: 2 names indexed on this plate; printed in 1917-26 contents: Polygonum tomentosum; image: Danish Mentz & Ostenfeld edition, BHL scan on Commons 2034x3200 px (same plate number); family: Polygonaceae"
Polygonum heterophyllum,Trampgräs,,357,https://upload.wikimedia.org/wikipedia/commons/5/50/Billeder_af_nordens_flora_%28Plate_357%29_%288147595845%29.jpg,https://commons.wikimedia.org/wiki/File%3ABilleder_af_nordens_flora_%28Plate_357%29_%288147595845%29.jpg,"printed in 1917-26 contents: Polygonum heterophyllum; image: Danish Mentz & Ostenfeld edition, BHL scan on Commons 2034x3200 px (same plate number); family: Polygonaceae"
Rumex aquaticus,Hästskräppa,,358,https://upload.wikimedia.org/wikipedia/commons/2/26/Billeder_af_nordens_flora_%28Plate_358%29_%288147596337%29.jpg,https://commons.wikimedia.org/wiki/File%3ABilleder_af_nordens_flora_%28Plate_358%29_%288147596337%29.jpg,"printed in 1917-26 contents: Rumex aquaticus; image: Danish Mentz & Ostenfeld edition, BHL scan on Commons 2034x3200 px (same plate number); family: Polygonaceae"
Rumex acetosa,Ängssyra,,359,https://upload.wikimedia.org/wikipedia/commons/4/47/Billeder_af_nordens_flora_%28Plate_359%29_%288147596899%29.jpg,https://commons.wikimedia.org/wiki/File%3ABilleder_af_nordens_flora_%28Plate_359%29_%288147596899%29.jpg,"printed in 1917-26 contents: Rumex acetosa; image: Danish Mentz & Ostenfeld edition, BHL scan on Commons 2034x3200 px (same plate number); family: Polygonaceae"
Oxyria digyna,Fjällsyra,,360,https://upload.wikimedia.org/wikipedia/commons/d/d7/Billeder_af_nordens_flora_%28Plate_360%29_%288147630124%29.jpg,https://commons.wikimedia.org/wiki/File%3ABilleder_af_nordens_flora_%28Plate_360%29_%288147630124%29.jpg,"printed in 1917-26 contents: Oxyria digyna; image: Danish Mentz & Ostenfeld edition, BHL scan on Commons 2034x3200 px (same plate number); family: Polygonaceae"
Thesium alpinum,Spindelört,,361,https://upload.wikimedia.org/wikipedia/commons/2/2e/Billeder_af_nordens_flora_%28Plate_361%29_%288147630620%29.jpg,https://commons.wikimedia.org/wiki/File%3ABilleder_af_nordens_flora_%28Plate_361%29_%288147630620%29.jpg,"printed in 1917-26 contents: Thesium alpinum; image: Danish Mentz & Ostenfeld edition, BHL scan on Commons 2034x3200 px (same plate number); family: Santalaceae"
Aristolochia clematitis,Hållrot,,362,https://upload.wikimedia.org/wikipedia/commons/5/5c/Billeder_af_nordens_flora_%28Plate_362%29_%288147631144%29.jpg,https://commons.wikimedia.org/wiki/File%3ABilleder_af_nordens_flora_%28Plate_362%29_%288147631144%29.jpg,"printed in 1917-26 contents: Aristolochia clematitis; image: Danish Mentz & Ostenfeld edition, BHL scan on Commons 2034x3200 px (same plate number); family: Aristolochiaceae"
Viscum album,Mistel,,363,https://upload.wikimedia.org/wikipedia/commons/0/08/Billeder_af_nordens_flora_%28Plate_363%29_%288147631690%29.jpg,https://commons.wikimedia.org/wiki/File%3ABilleder_af_nordens_flora_%28Plate_363%29_%288147631690%29.jpg,"printed in 1917-26 contents: Viscum album; image: Danish Mentz & Ostenfeld edition, BHL scan on Commons 2034x3200 px (same plate number); family: Loranthaceae"
Urtica dioeca,Brännässla,,364,https://upload.wikimedia.org/wikipedia/commons/7/71/Billeder_af_nordens_flora_%28Plate_364%29_%288147632148%29.jpg,https://commons.wikimedia.org/wiki/File%3ABilleder_af_nordens_flora_%28Plate_364%29_%288147632148%29.jpg,"printed in 1917-26 contents: Urtica dioeca; image: Danish Mentz & Ostenfeld edition, BHL scan on Commons 2034x3200 px (same plate number); family: Urticaceae"
Humulus lupulus,Humle,,365,https://upload.wikimedia.org/wikipedia/commons/a/a7/Billeder_af_nordens_flora_%28Plate_365%29_%288147600161%29.jpg,https://commons.wikimedia.org/wiki/File%3ABilleder_af_nordens_flora_%28Plate_365%29_%288147600161%29.jpg,"printed in 1917-26 contents: Humulus lupulus; image: Danish Mentz & Ostenfeld edition, BHL scan on Commons 2034x3200 px (same plate number); family: Moraceae"
Ulmus scabra,Alm,,366,https://upload.wikimedia.org/wikipedia/commons/9/9a/Billeder_af_nordens_flora_%28Plate_366%29_%288147633382%29.jpg,https://commons.wikimedia.org/wiki/File%3ABilleder_af_nordens_flora_%28Plate_366%29_%288147633382%29.jpg,"printed in 1917-26 contents: Ulmus scabra,; image: Danish Mentz & Ostenfeld edition, BHL scan on Commons 2034x3200 px (same plate number); family: Ulmaceae"
Fagus silvatica,Bok,,367,https://upload.wikimedia.org/wikipedia/commons/a/a3/Billeder_af_nordens_flora_%28Plate_367%29_%288147634090%29.jpg,https://commons.wikimedia.org/wiki/File%3ABilleder_af_nordens_flora_%28Plate_367%29_%288147634090%29.jpg,"printed in 1917-26 contents: Fagus silvatica; image: Danish Mentz & Ostenfeld edition, BHL scan on Commons 2034x3200 px (same plate number); family: Fagaceae"
Quercus robur,Ek,,368,https://upload.wikimedia.org/wikipedia/commons/7/7a/Billeder_af_nordens_flora_%28Plate_368%29_%288147601847%29.jpg,https://commons.wikimedia.org/wiki/File%3ABilleder_af_nordens_flora_%28Plate_368%29_%288147601847%29.jpg,"printed in 1917-26 contents: Quercus robur; image: Danish Mentz & Ostenfeld edition, BHL scan on Commons 2034x3200 px (same plate number); family: Fagaceae"
Carpinus betulus.,Avenbok,,369,https://upload.wikimedia.org/wikipedia/commons/b/b5/Billeder_af_nordens_flora_%28Plate_369%29_%288147602283%29.jpg,https://commons.wikimedia.org/wiki/File%3ABilleder_af_nordens_flora_%28Plate_369%29_%288147602283%29.jpg,"printed in 1917-26 contents: Carpinus betulus.; image: Danish Mentz & Ostenfeld edition, BHL scan on Commons 2034x3200 px (same plate number); family: Betulaceae"
Corylus avellana,Hassel,,370,https://upload.wikimedia.org/wikipedia/commons/b/b3/Billeder_af_nordens_flora_%28Plate_370%29_%288147635554%29.jpg,https://commons.wikimedia.org/wiki/File%3ABilleder_af_nordens_flora_%28Plate_370%29_%288147635554%29.jpg,"printed in 1917-26 contents: Corylus avellana; image: Danish Mentz & Ostenfeld edition, BHL scan on Commons 2034x3200 px (same plate number); family: Betulaceae"
Betula verrucosa,Björk,,371,https://upload.wikimedia.org/wikipedia/commons/6/61/Billeder_af_nordens_flora_%28Plate_371%29_%288147603329%29.jpg,https://commons.wikimedia.org/wiki/File%3ABilleder_af_nordens_flora_%28Plate_371%29_%288147603329%29.jpg,"printed in 1917-26 contents: Betula verrucosa; image: Danish Mentz & Ostenfeld edition, BHL scan on Commons 2034x3200 px (same plate number); family: Betulaceae"
Betula nana,Dvärgbjörk,,372,https://upload.wikimedia.org/wikipedia/commons/b/bb/Billeder_af_nordens_flora_%28Plate_372%29_%288147604015%29.jpg,https://commons.wikimedia.org/wiki/File%3ABilleder_af_nordens_flora_%28Plate_372%29_%288147604015%29.jpg,"printed in 1917-26 contents: Betula nana; image: Danish Mentz & Ostenfeld edition, BHL scan on Commons 2034x3200 px (same plate number); family: Betulaceae"
Alnus glutinosa,Al,,373,https://upload.wikimedia.org/wikipedia/commons/3/38/Billeder_af_nordens_flora_%28Plate_373%29_%288147604685%29.jpg,https://commons.wikimedia.org/wiki/File%3ABilleder_af_nordens_flora_%28Plate_373%29_%288147604685%29.jpg,"printed in 1917-26 contents: Alnus glutinosa; image: Danish Mentz & Ostenfeld edition, BHL scan on Commons 2034x3200 px (same plate number); family: Betulaceae"
Alnus incana,Gråal,,374,https://upload.wikimedia.org/wikipedia/commons/6/69/Billeder_af_nordens_flora_%28Plate_374%29_%288147605245%29.jpg,https://commons.wikimedia.org/wiki/File%3ABilleder_af_nordens_flora_%28Plate_374%29_%288147605245%29.jpg,"printed in 1917-26 contents: Alnus incana; image: Danish Mentz & Ostenfeld edition, BHL scan on Commons 2034x3200 px (same plate number); family: Betulaceae"
Myrica gale,Pors,,375,https://upload.wikimedia.org/wikipedia/commons/9/9d/Billeder_af_nordens_flora_%28Plate_375%29_%288147605735%29.jpg,https://commons.wikimedia.org/wiki/File%3ABilleder_af_nordens_flora_%28Plate_375%29_%288147605735%29.jpg,"printed in 1917-26 contents: Myrica gale; image: Danish Mentz & Ostenfeld edition, BHL scan on Commons 2034x3200 px (same plate number); family: Myricaceae"
Populus tremula,Asp,,376,https://upload.wikimedia.org/wikipedia/commons/8/84/Billeder_af_nordens_flora_%28Plate_376%29_%288147639036%29.jpg,https://commons.wikimedia.org/wiki/File%3ABilleder_af_nordens_flora_%28Plate_376%29_%288147639036%29.jpg,"printed in 1917-26 contents: Populus tremula; image: Danish Mentz & Ostenfeld edition, BHL scan on Commons 2034x3200 px (same plate number); family: Salicaceae"
Salix caprea,Sälg,,377,https://upload.wikimedia.org/wikipedia/commons/6/6a/Billeder_af_nordens_flora_%28Plate_377%29_%288147639584%29.jpg,https://commons.wikimedia.org/wiki/File%3ABilleder_af_nordens_flora_%28Plate_377%29_%288147639584%29.jpg,"printed in 1917-26 contents: Salix caprea; image: Danish Mentz & Ostenfeld edition, BHL scan on Commons 2034x3200 px (same plate number); family: Salicaceae"
Salix cinerea,Gråvide,,378,https://upload.wikimedia.org/wikipedia/commons/b/b8/Billeder_af_nordens_flora_%28Plate_378%29_%288147640036%29.jpg,https://commons.wikimedia.org/wiki/File%3ABilleder_af_nordens_flora_%28Plate_378%29_%288147640036%29.jpg,"printed in 1917-26 contents: Salix cinerea; image: Danish Mentz & Ostenfeld edition, BHL scan on Commons 2034x3200 px (same plate number); family: Salicaceae"
Salix viminalis,Korgvide,,379,https://upload.wikimedia.org/wikipedia/commons/f/f8/Billeder_af_nordens_flora_%28Plate_379%29_%288147607793%29.jpg,https://commons.wikimedia.org/wiki/File%3ABilleder_af_nordens_flora_%28Plate_379%29_%288147607793%29.jpg,"printed in 1917-26 contents: Salix viminalis; image: Danish Mentz & Ostenfeld edition, BHL scan on Commons 2034x3200 px (same plate number); family: Salicaceae"
Salix pentandra,Jolster,,380,https://upload.wikimedia.org/wikipedia/commons/6/62/Billeder_af_nordens_flora_%28Plate_380%29_%288147608355%29.jpg,https://commons.wikimedia.org/wiki/File%3ABilleder_af_nordens_flora_%28Plate_380%29_%288147608355%29.jpg,"printed in 1917-26 contents: Salix pentandra; image: Danish Mentz & Ostenfeld edition, BHL scan on Commons 2034x3200 px (same plate number); family: Salicaceae"
Salix fragilis,Skörpil,,381,https://upload.wikimedia.org/wikipedia/commons/a/a2/Billeder_af_nordens_flora_%28Plate_381%29_%288147641592%29.jpg,https://commons.wikimedia.org/wiki/File%3ABilleder_af_nordens_flora_%28Plate_381%29_%288147641592%29.jpg,"printed in 1917-26 contents: Salix fragilis; image: Danish Mentz & Ostenfeld edition, BHL scan on Commons 2034x3200 px (same plate number); family: Salicaceae"
Salix herbacea,Nätvide,,382,https://upload.wikimedia.org/wikipedia/commons/4/48/Billeder_af_nordens_flora_%28Plate_382%29_%288147609353%29.jpg,https://commons.wikimedia.org/wiki/File%3ABilleder_af_nordens_flora_%28Plate_382%29_%288147609353%29.jpg,"composite: 2 names indexed on this plate; printed in 1917-26 contents: Salix reticulata; image: Danish Mentz & Ostenfeld edition, BHL scan on Commons 2034x3200 px (same plate number); family: Salicaceae"
Salix reticulata,Nätvide,,382,https://upload.wikimedia.org/wikipedia/commons/4/48/Billeder_af_nordens_flora_%28Plate_382%29_%288147609353%29.jpg,https://commons.wikimedia.org/wiki/File%3ABilleder_af_nordens_flora_%28Plate_382%29_%288147609353%29.jpg,"composite: 2 names indexed on this plate; printed in 1917-26 contents: Salix reticulata; image: Danish Mentz & Ostenfeld edition, BHL scan on Commons 2034x3200 px (same plate number); family: Salicaceae"
Tulipa silvestris,Vildtulpan,,383,https://upload.wikimedia.org/wikipedia/commons/e/e7/Billeder_af_nordens_flora_%28Plate_383%29_%288147609827%29.jpg,https://commons.wikimedia.org/wiki/File%3ABilleder_af_nordens_flora_%28Plate_383%29_%288147609827%29.jpg,"printed in 1917-26 contents: Tulipa silvestris; image: Danish Mentz & Ostenfeld edition, BHL scan on Commons 2034x3200 px (same plate number); family: Liliaceae"
Fritillaria meleagris,Kungsängslilja,,384,https://upload.wikimedia.org/wikipedia/commons/2/22/Billeder_af_nordens_flora_%28Plate_384%29_%288147610441%29.jpg,https://commons.wikimedia.org/wiki/File%3ABilleder_af_nordens_flora_%28Plate_384%29_%288147610441%29.jpg,"printed in 1917-26 contents: Fritillaria meleagris; image: Danish Mentz & Ostenfeld edition, BHL scan on Commons 2034x3200 px (same plate number); family: Liliaceae"
Gagea lutea,Vårlök,,385,https://upload.wikimedia.org/wikipedia/commons/d/d2/Billeder_af_nordens_flora_%28Plate_385%29_%288147643640%29.jpg,https://commons.wikimedia.org/wiki/File%3ABilleder_af_nordens_flora_%28Plate_385%29_%288147643640%29.jpg,"composite: 2 names indexed on this plate; printed in 1917-26 contents: Gagea lutea; image: Danish Mentz & Ostenfeld edition, BHL scan on Commons 2034x3200 px (same plate number); family: Liliaceae"
Gagea minima,Vårlök,,385,https://upload.wikimedia.org/wikipedia/commons/d/d2/Billeder_af_nordens_flora_%28Plate_385%29_%288147643640%29.jpg,https://commons.wikimedia.org/wiki/File%3ABilleder_af_nordens_flora_%28Plate_385%29_%288147643640%29.jpg,"composite: 2 names indexed on this plate; printed in 1917-26 contents: Gagea lutea; image: Danish Mentz & Ostenfeld edition, BHL scan on Commons 2034x3200 px (same plate number); family: Liliaceae"
Allium schoenoprasum,Gräslök,,386,https://upload.wikimedia.org/wikipedia/commons/e/e7/Billeder_af_nordens_flora_%28Plate_386%29_%288147611437%29.jpg,https://commons.wikimedia.org/wiki/File%3ABilleder_af_nordens_flora_%28Plate_386%29_%288147611437%29.jpg,"printed in 1917-26 contents: Allium schoenoprasum; image: Danish Mentz & Ostenfeld edition, BHL scan on Commons 2034x3200 px (same plate number); family: Liliaceae"
Allium ursinum,Ramslök,,387,https://upload.wikimedia.org/wikipedia/commons/d/d0/Billeder_af_nordens_flora_%28Plate_387%29_%288147612259%29.jpg,https://commons.wikimedia.org/wiki/File%3ABilleder_af_nordens_flora_%28Plate_387%29_%288147612259%29.jpg,"printed in 1917-26 contents: Allium ursinum; image: Danish Mentz & Ostenfeld edition, BHL scan on Commons 2034x3200 px (same plate number); family: Liliaceae"
Allium oleraceum,Sandlök,,388,https://upload.wikimedia.org/wikipedia/commons/4/43/Billeder_af_nordens_flora_%28Plate_388%29_%288147645668%29.jpg,https://commons.wikimedia.org/wiki/File%3ABilleder_af_nordens_flora_%28Plate_388%29_%288147645668%29.jpg,"composite: 2 names indexed on this plate; printed in 1917-26 contents: Allium vineale; image: Danish Mentz & Ostenfeld edition, BHL scan on Commons 2034x3200 px (same plate number); family: Liliaceae"
Allium vineale,Sandlök,,388,https://upload.wikimedia.org/wikipedia/commons/4/43/Billeder_af_nordens_flora_%28Plate_388%29_%288147645668%29.jpg,https://commons.wikimedia.org/wiki/File%3ABilleder_af_nordens_flora_%28Plate_388%29_%288147645668%29.jpg,"composite: 2 names indexed on this plate; printed in 1917-26 contents: Allium vineale; image: Danish Mentz & Ostenfeld edition, BHL scan on Commons 2034x3200 px (same plate number); family: Liliaceae"
Anthericum ramosum,Sandlilja,,389,https://upload.wikimedia.org/wikipedia/commons/3/38/Billeder_af_nordens_flora_%28Plate_389%29_%288147613171%29.jpg,https://commons.wikimedia.org/wiki/File%3ABilleder_af_nordens_flora_%28Plate_389%29_%288147613171%29.jpg,"printed in 1917-26 contents: Anthericum ramosum; image: Danish Mentz & Ostenfeld edition, BHL scan on Commons 2034x3200 px (same plate number); family: Liliaceae"
Convallaria majalis,Konvalje,,390,https://upload.wikimedia.org/wikipedia/commons/2/2e/Billeder_af_nordens_flora_%28Plate_390%29_%288147613683%29.jpg,https://commons.wikimedia.org/wiki/File%3ABilleder_af_nordens_flora_%28Plate_390%29_%288147613683%29.jpg,"printed in 1917-26 contents: Convallaria majalis; image: Danish Mentz & Ostenfeld edition, BHL scan on Commons 2034x3200 px (same plate number); family: Liliaceae"
Polygonatum odoratum,Getrams,,391,https://upload.wikimedia.org/wikipedia/commons/1/1f/Billeder_af_nordens_flora_%28Plate_391%29_%288147647214%29.jpg,https://commons.wikimedia.org/wiki/File%3ABilleder_af_nordens_flora_%28Plate_391%29_%288147647214%29.jpg,"printed in 1917-26 contents: Polygonatum odoratum; image: Danish Mentz & Ostenfeld edition, BHL scan on Commons 2034x3200 px (same plate number); family: Liliaceae"
Majanthemum bifolium,Ekorrbär,,392,https://upload.wikimedia.org/wikipedia/commons/c/c1/Billeder_af_nordens_flora_%28Plate_392%29_%288147647878%29.jpg,https://commons.wikimedia.org/wiki/File%3ABilleder_af_nordens_flora_%28Plate_392%29_%288147647878%29.jpg,"printed in 1917-26 contents: Majanthemum bifolium; image: Danish Mentz & Ostenfeld edition, BHL scan on Commons 2034x3200 px (same plate number); family: Liliaceae"
Paris quadrifolia,Ormbär,,393,https://upload.wikimedia.org/wikipedia/commons/e/e2/Billeder_af_nordens_flora_%28Plate_393%29_%288147648366%29.jpg,https://commons.wikimedia.org/wiki/File%3ABilleder_af_nordens_flora_%28Plate_393%29_%288147648366%29.jpg,"printed in 1917-26 contents: Paris quadrifolia; image: Danish Mentz & Ostenfeld edition, BHL scan on Commons 2034x3200 px (same plate number); family: Liliaceae"
Narthecium ossifragum,Myrlilja,,394,https://upload.wikimedia.org/wikipedia/commons/d/db/Billeder_af_nordens_flora_%28Plate_394%29_%288147615911%29.jpg,https://commons.wikimedia.org/wiki/File%3ABilleder_af_nordens_flora_%28Plate_394%29_%288147615911%29.jpg,"printed in 1917-26 contents: Narthecium ossifragum; image: Danish Mentz & Ostenfeld edition, BHL scan on Commons 2034x3200 px (same plate number); family: Liliaceae"
Tofieldia calyculata,Kärrlilja,,395,https://upload.wikimedia.org/wikipedia/commons/2/26/Billeder_af_nordens_flora_%28Plate_395%29_%288147616353%29.jpg,https://commons.wikimedia.org/wiki/File%3ABilleder_af_nordens_flora_%28Plate_395%29_%288147616353%29.jpg,"composite: 2 names indexed on this plate; printed in 1917-26 contents: Tofeldia calyculata; image: Danish Mentz & Ostenfeld edition, BHL scan on Commons 2034x3200 px (same plate number); family: Liliaceae"
Tofieldia palustris,Kärrlilja,,395,https://upload.wikimedia.org/wikipedia/commons/2/26/Billeder_af_nordens_flora_%28Plate_395%29_%288147616353%29.jpg,https://commons.wikimedia.org/wiki/File%3ABilleder_af_nordens_flora_%28Plate_395%29_%288147616353%29.jpg,"composite: 2 names indexed on this plate; printed in 1917-26 contents: Tofeldia calyculata; image: Danish Mentz & Ostenfeld edition, BHL scan on Commons 2034x3200 px (same plate number); family: Liliaceae"
Juncus arcticus,Veketåg,,396,https://upload.wikimedia.org/wikipedia/commons/e/eb/Billeder_af_nordens_flora_%28Plate_396%29_%288147649832%29.jpg,https://commons.wikimedia.org/wiki/File%3ABilleder_af_nordens_flora_%28Plate_396%29_%288147649832%29.jpg,"composite: 5 names indexed on this plate; printed in 1917-26 contents: Juncus effusus; image: Danish Mentz & Ostenfeld edition, BHL scan on Commons 2034x3200 px (same plate number); family: Juncaceae"
Juncus conglomeratus,Veketåg,,396,https://upload.wikimedia.org/wikipedia/commons/e/eb/Billeder_af_nordens_flora_%28Plate_396%29_%288147649832%29.jpg,https://commons.wikimedia.org/wiki/File%3ABilleder_af_nordens_flora_%28Plate_396%29_%288147649832%29.jpg,"composite: 5 names indexed on this plate; printed in 1917-26 contents: Juncus effusus; image: Danish Mentz & Ostenfeld edition, BHL scan on Commons 2034x3200 px (same plate number); family: Juncaceae"
Juncus effusus,Veketåg,,396,https://upload.wikimedia.org/wikipedia/commons/e/eb/Billeder_af_nordens_flora_%28Plate_396%29_%288147649832%29.jpg,https://commons.wikimedia.org/wiki/File%3ABilleder_af_nordens_flora_%28Plate_396%29_%288147649832%29.jpg,"composite: 5 names indexed on this plate; printed in 1917-26 contents: Juncus effusus; image: Danish Mentz & Ostenfeld edition, BHL scan on Commons 2034x3200 px (same plate number); family: Juncaceae"
Juncus filiformis,Veketåg,,396,https://upload.wikimedia.org/wikipedia/commons/e/eb/Billeder_af_nordens_flora_%28Plate_396%29_%288147649832%29.jpg,https://commons.wikimedia.org/wiki/File%3ABilleder_af_nordens_flora_%28Plate_396%29_%288147649832%29.jpg,"composite: 5 names indexed on this plate; printed in 1917-26 contents: Juncus effusus; image: Danish Mentz & Ostenfeld edition, BHL scan on Commons 2034x3200 px (same plate number); family: Juncaceae"
Juncus glaucus,Veketåg,,396,https://upload.wikimedia.org/wikipedia/commons/e/eb/Billeder_af_nordens_flora_%28Plate_396%29_%288147649832%29.jpg,https://commons.wikimedia.org/wiki/File%3ABilleder_af_nordens_flora_%28Plate_396%29_%288147649832%29.jpg,"composite: 5 names indexed on this plate; printed in 1917-26 contents: Juncus effusus; image: Danish Mentz & Ostenfeld edition, BHL scan on Commons 2034x3200 px (same plate number); family: Juncaceae"
Luzula pilosa,Vårfryle,,397,https://upload.wikimedia.org/wikipedia/commons/d/d2/Billeder_af_nordens_flora_%28Plate_397%29_%288147617273%29.jpg,https://commons.wikimedia.org/wiki/File%3ABilleder_af_nordens_flora_%28Plate_397%29_%288147617273%29.jpg,"printed in 1917-26 contents: Luzula pilosa; image: Danish Mentz & Ostenfeld edition, BHL scan on Commons 2034x3200 px (same plate number); family: Juncaceae"
Iris pseudacorus,Svärdslilja,,398,https://upload.wikimedia.org/wikipedia/commons/e/e3/Billeder_af_nordens_flora_%28Plate_398%29_%288147650778%29.jpg,https://commons.wikimedia.org/wiki/File%3ABilleder_af_nordens_flora_%28Plate_398%29_%288147650778%29.jpg,"printed in 1917-26 contents: Iris pseudacorus; image: Danish Mentz & Ostenfeld edition, BHL scan on Commons 2034x3200 px (same plate number); family: Iridaceae"
Orchis maculatus,Jungfru Marie hand,,399,https://upload.wikimedia.org/wikipedia/commons/4/43/Billeder_af_nordens_flora_%28Plate_399%29_%288147618383%29.jpg,https://commons.wikimedia.org/wiki/File%3ABilleder_af_nordens_flora_%28Plate_399%29_%288147618383%29.jpg,"printed in 1917-26 contents: Orchis maculatus; image: Danish Mentz & Ostenfeld edition, BHL scan on Commons 2034x3200 px (same plate number); family: Orchidaceae"
Orchis sambucinus,Adam och Eva,,400,https://upload.wikimedia.org/wikipedia/commons/3/3b/Billeder_af_nordens_flora_%28Plate_400%29_%288147618933%29.jpg,https://commons.wikimedia.org/wiki/File%3ABilleder_af_nordens_flora_%28Plate_400%29_%288147618933%29.jpg,"printed in 1917-26 contents: Orchis sambucinus; image: Danish Mentz & Ostenfeld edition, BHL scan on Commons 2034x3200 px (same plate number); family: Orchidaceae"
Orchis masculus,Sankt Pers nycklar,,401,https://upload.wikimedia.org/wikipedia/commons/d/d5/Billeder_af_nordens_flora_%28Plate_401%29_%288147652294%29.jpg,https://commons.wikimedia.org/wiki/File%3ABilleder_af_nordens_flora_%28Plate_401%29_%288147652294%29.jpg,"printed in 1917-26 contents: Orchis masculus; image: Danish Mentz & Ostenfeld edition, BHL scan on Commons 2034x3200 px (same plate number); family: Orchidaceae"
Orchis militaris,Johannesnycklar,,402,https://upload.wikimedia.org/wikipedia/commons/9/95/Billeder_af_nordens_flora_%28Plate_402%29_%288147652738%29.jpg,https://commons.wikimedia.org/wiki/File%3ABilleder_af_nordens_flora_%28Plate_402%29_%288147652738%29.jpg,"printed in 1917-26 contents: Orchis militaris; image: Danish Mentz & Ostenfeld edition, BHL scan on Commons 2034x3200 px (same plate number); family: Orchidaceae"
Orchis ustulatus,Krutbrännare,,403,https://upload.wikimedia.org/wikipedia/commons/f/f7/Billeder_af_nordens_flora_%28Plate_403%29_%288147620315%29.jpg,https://commons.wikimedia.org/wiki/File%3ABilleder_af_nordens_flora_%28Plate_403%29_%288147620315%29.jpg,"printed in 1917-26 contents: Orchis ustulatus; image: Danish Mentz & Ostenfeld edition, BHL scan on Commons 2034x3200 px (same plate number); family: Orchidaceae"
Gymnadenia conopsea,Luktsporre,,404,https://upload.wikimedia.org/wikipedia/commons/b/b3/Billeder_af_nordens_flora_%28Plate_404%29_%288147653694%29.jpg,https://commons.wikimedia.org/wiki/File%3ABilleder_af_nordens_flora_%28Plate_404%29_%288147653694%29.jpg,"composite: 2 names indexed on this plate; printed in 1917-26 contents: Gymnadenia odoratissima; image: Danish Mentz & Ostenfeld edition, BHL scan on Commons 2034x3200 px (same plate number); family: Orchidaceae"
Gymnadenia odoratissima,Luktsporre,,404,https://upload.wikimedia.org/wikipedia/commons/b/b3/Billeder_af_nordens_flora_%28Plate_404%29_%288147653694%29.jpg,https://commons.wikimedia.org/wiki/File%3ABilleder_af_nordens_flora_%28Plate_404%29_%288147653694%29.jpg,"composite: 2 names indexed on this plate; printed in 1917-26 contents: Gymnadenia odoratissima; image: Danish Mentz & Ostenfeld edition, BHL scan on Commons 2034x3200 px (same plate number); family: Orchidaceae"
Habenaria albida,Klubbsporre,,405,https://upload.wikimedia.org/wikipedia/commons/d/d2/Billeder_af_nordens_flora_%28Plate_405%29_%288147621259%29.jpg,https://commons.wikimedia.org/wiki/File%3ABilleder_af_nordens_flora_%28Plate_405%29_%288147621259%29.jpg,"composite: 2 names indexed on this plate; printed in 1917-26 contents: Habenaria albida; image: Danish Mentz & Ostenfeld edition, BHL scan on Commons 2034x3200 px (same plate number); family: Orchidaceae"
Habenaria viridis,Klubbsporre,,405,https://upload.wikimedia.org/wikipedia/commons/d/d2/Billeder_af_nordens_flora_%28Plate_405%29_%288147621259%29.jpg,https://commons.wikimedia.org/wiki/File%3ABilleder_af_nordens_flora_%28Plate_405%29_%288147621259%29.jpg,"composite: 2 names indexed on this plate; printed in 1917-26 contents: Habenaria albida; image: Danish Mentz & Ostenfeld edition, BHL scan on Commons 2034x3200 px (same plate number); family: Orchidaceae"
Platanthera bifolia,Nattviol,,406,https://upload.wikimedia.org/wikipedia/commons/8/83/Billeder_af_nordens_flora_%28Plate_406%29_%288147654684%29.jpg,https://commons.wikimedia.org/wiki/File%3ABilleder_af_nordens_flora_%28Plate_406%29_%288147654684%29.jpg,"printed in 1917-26 contents: Platanthera bifolia; image: Danish Mentz & Ostenfeld edition, BHL scan on Commons 2034x3200 px (same plate number); family: Orchidaceae"
Nigritella nigra,Brunkulla,,407,https://upload.wikimedia.org/wikipedia/commons/9/90/Billeder_af_nordens_flora_%28Plate_407%29_%288147655140%29.jpg,https://commons.wikimedia.org/wiki/File%3ABilleder_af_nordens_flora_%28Plate_407%29_%288147655140%29.jpg,"printed in 1917-26 contents: Nigritella nigra; image: Danish Mentz & Ostenfeld edition, BHL scan on Commons 2034x3200 px (same plate number); family: Orchidaceae"
Ophrys muscifera,Flugblomster,,408,https://upload.wikimedia.org/wikipedia/commons/f/f1/Billeder_af_nordens_flora_%28Plate_408%29_%288147622681%29.jpg,https://commons.wikimedia.org/wiki/File%3ABilleder_af_nordens_flora_%28Plate_408%29_%288147622681%29.jpg,"printed in 1917-26 contents: Ophrys muscifera; image: Danish Mentz & Ostenfeld edition, BHL scan on Commons 2034x3200 px (same plate number); family: Orchidaceae"
Chamaeorchis alpinus,Ripört,,409,https://upload.wikimedia.org/wikipedia/commons/8/85/Billeder_af_nordens_flora_%28Plate_409%29_%288147656014%29.jpg,https://commons.wikimedia.org/wiki/File%3ABilleder_af_nordens_flora_%28Plate_409%29_%288147656014%29.jpg,"printed in 1917-26 contents: Chamæorchis alpinus; image: Danish Mentz & Ostenfeld edition, BHL scan on Commons 2034x3200 px (same plate number); family: Orchidaceae"
Herminium inonorchis,Honungsblomster,,410,https://upload.wikimedia.org/wikipedia/commons/5/5d/Billeder_af_nordens_flora_%28Plate_410%29_%288147656364%29.jpg,https://commons.wikimedia.org/wiki/File%3ABilleder_af_nordens_flora_%28Plate_410%29_%288147656364%29.jpg,"printed in 1917-26 contents: Herminium inonorchis; image: Danish Mentz & Ostenfeld edition, BHL scan on Commons 2034x3200 px (same plate number); family: Orchidaceae"
Listera cordata,Tveblad,,411,https://upload.wikimedia.org/wikipedia/commons/7/77/Billeder_af_nordens_flora_%28Plate_411%29_%288147623923%29.jpg,https://commons.wikimedia.org/wiki/File%3ABilleder_af_nordens_flora_%28Plate_411%29_%288147623923%29.jpg,"composite: 2 names indexed on this plate; printed in 1917-26 contents: Listera ovata; image: Danish Mentz & Ostenfeld edition, BHL scan on Commons 2034x3200 px (same plate number); family: Orchidaceae"
Listera ovata,Tveblad,,411,https://upload.wikimedia.org/wikipedia/commons/7/77/Billeder_af_nordens_flora_%28Plate_411%29_%288147623923%29.jpg,https://commons.wikimedia.org/wiki/File%3ABilleder_af_nordens_flora_%28Plate_411%29_%288147623923%29.jpg,"composite: 2 names indexed on this plate; printed in 1917-26 contents: Listera ovata; image: Danish Mentz & Ostenfeld edition, BHL scan on Commons 2034x3200 px (same plate number); family: Orchidaceae"
Neottia nidus avis,Nästrot,,412,https://upload.wikimedia.org/wikipedia/commons/6/6e/Billeder_af_nordens_flora_%28Plate_412%29_%288147657204%29.jpg,https://commons.wikimedia.org/wiki/File%3ABilleder_af_nordens_flora_%28Plate_412%29_%288147657204%29.jpg,"printed in 1917-26 contents: Neottia nidus avis; image: Danish Mentz & Ostenfeld edition, BHL scan on Commons 2034x3200 px (same plate number); family: Orchidaceae"
Helleborine palustris,Kärrknipprot,,413,https://upload.wikimedia.org/wikipedia/commons/0/0d/Billeder_af_nordens_flora_%28Plate_413%29_%288147624763%29.jpg,https://commons.wikimedia.org/wiki/File%3ABilleder_af_nordens_flora_%28Plate_413%29_%288147624763%29.jpg,"printed in 1917-26 contents: Helleborina palustris; image: Danish Mentz & Ostenfeld edition, BHL scan on Commons 2034x3200 px (same plate number); family: Orchidaceae"
Cephalanthera alba,Stor skogslilja,,414,https://upload.wikimedia.org/wikipedia/commons/d/de/Billeder_af_nordens_flora_%28Plate_414%29_%288147625199%29.jpg,https://commons.wikimedia.org/wiki/File%3ABilleder_af_nordens_flora_%28Plate_414%29_%288147625199%29.jpg,"printed in 1917-26 contents: Cephalanthera alba; image: Danish Mentz & Ostenfeld edition, BHL scan on Commons 2034x3200 px (same plate number); family: Orchidaceae"
Epigogium aphyllum,Skogsfru,,415,https://upload.wikimedia.org/wikipedia/commons/2/2d/Billeder_af_nordens_flora_%28Plate_415%29_%288147658706%29.jpg,https://commons.wikimedia.org/wiki/File%3ABilleder_af_nordens_flora_%28Plate_415%29_%288147658706%29.jpg,"printed in 1917-26 contents: Epigogium aphyllum; image: Danish Mentz & Ostenfeld edition, BHL scan on Commons 2034x3200 px (same plate number); family: Orchidaceae"
Calypso bulbosa,Norna,,416,https://upload.wikimedia.org/wikipedia/commons/0/03/Billeder_af_nordens_flora_%28Plate_416%29_%288147626309%29.jpg,https://commons.wikimedia.org/wiki/File%3ABilleder_af_nordens_flora_%28Plate_416%29_%288147626309%29.jpg,"printed in 1917-26 contents: Calypso bulbosa; image: Danish Mentz & Ostenfeld edition, BHL scan on Commons 2034x3200 px (same plate number); family: Orchidaceae"
Achroanthes monophyllos,Myggblomster,,417,https://upload.wikimedia.org/wikipedia/commons/2/26/Billeder_af_nordens_flora_%28Plate_417%29_%288147659798%29.jpg,https://commons.wikimedia.org/wiki/File%3ABilleder_af_nordens_flora_%28Plate_417%29_%288147659798%29.jpg,"composite: 2 names indexed on this plate; printed in 1917-26 contents: Malaxis paludosa; image: Danish Mentz & Ostenfeld edition, BHL scan on Commons 2034x3200 px (same plate number); family: Orchidaceae"
Malaxis paludosa,Myggblomster,,417,https://upload.wikimedia.org/wikipedia/commons/2/26/Billeder_af_nordens_flora_%28Plate_417%29_%288147659798%29.jpg,https://commons.wikimedia.org/wiki/File%3ABilleder_af_nordens_flora_%28Plate_417%29_%288147659798%29.jpg,"composite: 2 names indexed on this plate; printed in 1917-26 contents: Malaxis paludosa; image: Danish Mentz & Ostenfeld edition, BHL scan on Commons 2034x3200 px (same plate number); family: Orchidaceae"
Corallorhiza trifida,Korallrot,,418,https://upload.wikimedia.org/wikipedia/commons/6/61/Billeder_af_nordens_flora_%28Plate_418%29_%288147627245%29.jpg,https://commons.wikimedia.org/wiki/File%3ABilleder_af_nordens_flora_%28Plate_418%29_%288147627245%29.jpg,"printed in 1917-26 contents: Corallorhiza trifida; image: Danish Mentz & Ostenfeld edition, BHL scan on Commons 2034x3200 px (same plate number); family: Orchidaceae"
Cypripedium calceolus,Guckusko,,419,https://upload.wikimedia.org/wikipedia/commons/d/d5/Billeder_af_nordens_flora_%28Plate_419%29_%288147627717%29.jpg,https://commons.wikimedia.org/wiki/File%3ABilleder_af_nordens_flora_%28Plate_419%29_%288147627717%29.jpg,"printed in 1917-26 contents: Cypripedium calceolus; image: Danish Mentz & Ostenfeld edition, BHL scan on Commons 2034x3200 px (same plate number); family: Orchidaceae"
Calla palustris,Missne,,420,https://upload.wikimedia.org/wikipedia/commons/f/f4/Billeder_af_nordens_flora_%28Plate_420%29_%288147661178%29.jpg,https://commons.wikimedia.org/wiki/File%3ABilleder_af_nordens_flora_%28Plate_420%29_%288147661178%29.jpg,"printed in 1917-26 contents: Calla palustris; image: Danish Mentz & Ostenfeld edition, BHL scan on Commons 2034x3200 px (same plate number); family: Araceae"
Acorus calamus,Kalmus,,421,https://upload.wikimedia.org/wikipedia/commons/7/77/Billeder_af_nordens_flora_%28Plate_421%29_%288147661666%29.jpg,https://commons.wikimedia.org/wiki/File%3ABilleder_af_nordens_flora_%28Plate_421%29_%288147661666%29.jpg,"printed in 1917-26 contents: Acorus calamus; image: Danish Mentz & Ostenfeld edition, BHL scan on Commons 2034x3200 px (same plate number); family: Araceae"
Lemna gibba,Storandmat,,422,https://upload.wikimedia.org/wikipedia/commons/4/41/Billeder_af_nordens_flora_%28Plate_422%29_%288147662064%29.jpg,https://commons.wikimedia.org/wiki/File%3ABilleder_af_nordens_flora_%28Plate_422%29_%288147662064%29.jpg,"composite: 4 names indexed on this plate; printed in 1917-26 contents: Spirodela polyrrhiza; image: Danish Mentz & Ostenfeld edition, BHL scan on Commons 2034x3200 px (same plate number); family: Lemnaceae"
Lemna minor,Storandmat,,422,https://upload.wikimedia.org/wikipedia/commons/4/41/Billeder_af_nordens_flora_%28Plate_422%29_%288147662064%29.jpg,https://commons.wikimedia.org/wiki/File%3ABilleder_af_nordens_flora_%28Plate_422%29_%288147662064%29.jpg,"composite: 4 names indexed on this plate; printed in 1917-26 contents: Spirodela polyrrhiza; image: Danish Mentz & Ostenfeld edition, BHL scan on Commons 2034x3200 px (same plate number); family: Lemnaceae"
Lemna trisulca,Storandmat,,422,https://upload.wikimedia.org/wikipedia/commons/4/41/Billeder_af_nordens_flora_%28Plate_422%29_%288147662064%29.jpg,https://commons.wikimedia.org/wiki/File%3ABilleder_af_nordens_flora_%28Plate_422%29_%288147662064%29.jpg,"composite: 4 names indexed on this plate; printed in 1917-26 contents: Spirodela polyrrhiza; image: Danish Mentz & Ostenfeld edition, BHL scan on Commons 2034x3200 px (same plate number); family: Lemnaceae"
Spirodela polyrrhiza,Storandmat,,422,https://upload.wikimedia.org/wikipedia/commons/4/41/Billeder_af_nordens_flora_%28Plate_422%29_%288147662064%29.jpg,https://commons.wikimedia.org/wiki/File%3ABilleder_af_nordens_flora_%28Plate_422%29_%288147662064%29.jpg,"composite: 4 names indexed on this plate; printed in 1917-26 contents: Spirodela polyrrhiza; image: Danish Mentz & Ostenfeld edition, BHL scan on Commons 2034x3200 px (same plate number); family: Lemnaceae"
Scirpus lacustris,Säv,,423,https://upload.wikimedia.org/wikipedia/commons/c/ce/Billeder_af_nordens_flora_%28Plate_423%29_%288147629621%29.jpg,https://commons.wikimedia.org/wiki/File%3ABilleder_af_nordens_flora_%28Plate_423%29_%288147629621%29.jpg,"printed in 1917-26 contents: Scirpus lacustris; image: Danish Mentz & Ostenfeld edition, BHL scan on Commons 2034x3200 px (same plate number); family: Cyperaceae"
Scirpus acicularis,Nålsäv,,424,https://runeberg.org/nordflor/pics/424.jpg,https://runeberg.org/nordflor/424.html,"composite: 2 names indexed on this plate; printed in 1917-26 contents: Scirpus acicularis; image: Project Runeberg, low resolution (about 480x720); family: Cyperaceae"
Scirpus palustris,Nålsäv,,424,https://runeberg.org/nordflor/pics/424.jpg,https://runeberg.org/nordflor/424.html,"composite: 2 names indexed on this plate; printed in 1917-26 contents: Scirpus acicularis; image: Project Runeberg, low resolution (about 480x720); family: Cyperaceae"
Eriophorum polystachyum,Ängsull,,425,https://runeberg.org/nordflor/pics/425.jpg,https://runeberg.org/nordflor/425.html,"composite: 2 names indexed on this plate; printed in 1917-26 contents: Eriophorum polystachyum; image: Project Runeberg, low resolution (about 480x720); family: Cyperaceae"
Eriophorum vaginatum,Ängsull,,425,https://runeberg.org/nordflor/pics/425.jpg,https://runeberg.org/nordflor/425.html,"composite: 2 names indexed on this plate; printed in 1917-26 contents: Eriophorum polystachyum; image: Project Runeberg, low resolution (about 480x720); family: Cyperaceae"
Rhynchospora alba,Vitag,,426,https://runeberg.org/nordflor/pics/426.jpg,https://runeberg.org/nordflor/426.html,"composite: 2 names indexed on this plate; printed in 1917-26 contents: Rhynchospora alba; image: Project Runeberg, low resolution (about 480x720); family: Cyperaceae"
Rhynchospora fusca,Vitag,,426,https://runeberg.org/nordflor/pics/426.jpg,https://runeberg.org/nordflor/426.html,"composite: 2 names indexed on this plate; printed in 1917-26 contents: Rhynchospora alba; image: Project Runeberg, low resolution (about 480x720); family: Cyperaceae"
Cladium mariscus,Ag,,427,https://runeberg.org/nordflor/pics/427.jpg,https://runeberg.org/nordflor/427.html,"printed in 1917-26 contents: Cladium mariscus; image: Project Runeberg, low resolution (about 480x720); family: Cyperaceae"
Schoenus ferrugineus,Knappag,,428,https://runeberg.org/nordflor/pics/428.jpg,https://runeberg.org/nordflor/428.html,"composite: 2 names indexed on this plate; printed in 1917-26 contents: Schoenus nigricans; image: Project Runeberg, low resolution (about 480x720); family: Cyperaceae"
Schoenus nigricans,Knappag,,428,https://runeberg.org/nordflor/pics/428.jpg,https://runeberg.org/nordflor/428.html,"composite: 2 names indexed on this plate; printed in 1917-26 contents: Schoenus nigricans; image: Project Runeberg, low resolution (about 480x720); family: Cyperaceae"
Cobresia caricina,Fleraxig sävstarr,,429,https://runeberg.org/nordflor/pics/429.jpg,https://runeberg.org/nordflor/429.html,"composite: 2 names indexed on this plate; printed in 1917-26 contents: Cobresia caricina; image: Project Runeberg, low resolution (about 480x720); family: Cyperaceae"
Elyna myosuroides,Fleraxig sävstarr,,429,https://runeberg.org/nordflor/pics/429.jpg,https://runeberg.org/nordflor/429.html,"composite: 2 names indexed on this plate; printed in 1917-26 contents: Cobresia caricina; image: Project Runeberg, low resolution (about 480x720); family: Cyperaceae"
Carex dioeca,Nålstarr,,430,https://runeberg.org/nordflor/pics/430.jpg,https://runeberg.org/nordflor/430.html,"printed in 1917-26 contents: Carex dioeca; image: Project Runeberg, low resolution (about 480x720); family: Cyperaceae"
Carex obtusata,Trubbstarr,,431,https://runeberg.org/nordflor/pics/431.jpg,https://runeberg.org/nordflor/431.html,"composite: 2 names indexed on this plate; printed in 1917-26 contents: Carex obtusata; image: Project Runeberg, low resolution (about 480x720); family: Cyperaceae"
Carex pulicaris,Trubbstarr,,431,https://runeberg.org/nordflor/pics/431.jpg,https://runeberg.org/nordflor/431.html,"composite: 2 names indexed on this plate; printed in 1917-26 contents: Carex obtusata; image: Project Runeberg, low resolution (about 480x720); family: Cyperaceae"
Carex arenaria,Sandstarr,,432,https://runeberg.org/nordflor/pics/432.jpg,https://runeberg.org/nordflor/432.html,"printed in 1917-26 contents: Carex arenaria; image: Project Runeberg, low resolution (about 480x720); family: Cyperaceae"
Carex contigua,Plattstarr,,433,https://runeberg.org/nordflor/pics/433.jpg,https://runeberg.org/nordflor/433.html,"composite: 3 names indexed on this plate; printed in 1917-26 contents: Carex disticha; image: Project Runeberg, low resolution (about 480x720); family: Cyperaceae"
Carex disticha,Plattstarr,,433,https://runeberg.org/nordflor/pics/433.jpg,https://runeberg.org/nordflor/433.html,"composite: 3 names indexed on this plate; printed in 1917-26 contents: Carex disticha; image: Project Runeberg, low resolution (about 480x720); family: Cyperaceae"
Carex leporina,Plattstarr,,433,https://runeberg.org/nordflor/pics/433.jpg,https://runeberg.org/nordflor/433.html,"composite: 3 names indexed on this plate; printed in 1917-26 contents: Carex disticha; image: Project Runeberg, low resolution (about 480x720); family: Cyperaceae"
Carex canescens,Klapperstarr,,434,https://runeberg.org/nordflor/pics/434.jpg,https://runeberg.org/nordflor/434.html,"composite: 2 names indexed on this plate; printed in 1917-26 contents: Carex glareosa; image: Project Runeberg, low resolution (about 480x720); family: Cyperaceae"
Carex glareosa,Klapperstarr,,434,https://runeberg.org/nordflor/pics/434.jpg,https://runeberg.org/nordflor/434.html,"composite: 2 names indexed on this plate; printed in 1917-26 contents: Carex glareosa; image: Project Runeberg, low resolution (about 480x720); family: Cyperaceae"
Carex atrata,Svedstarr,,435,https://runeberg.org/nordflor/pics/435.jpg,https://runeberg.org/nordflor/435.html,"composite: 2 names indexed on this plate; printed in 1917-26 contents: Carex atrofusca; image: Project Runeberg, low resolution (about 480x720); family: Cyperaceae"
Carex atrofusca,Svedstarr,,435,https://runeberg.org/nordflor/pics/435.jpg,https://runeberg.org/nordflor/435.html,"composite: 2 names indexed on this plate; printed in 1917-26 contents: Carex atrofusca; image: Project Runeberg, low resolution (about 480x720); family: Cyperaceae"
Carex limosa,Hirsstarr,,436,https://runeberg.org/nordflor/pics/436.jpg,https://runeberg.org/nordflor/436.html,"composite: 2 names indexed on this plate; printed in 1917-26 contents: Carex panicea; image: Project Runeberg, low resolution (about 480x720); family: Cyperaceae"
Carex panicea,Hirsstarr,,436,https://runeberg.org/nordflor/pics/436.jpg,https://runeberg.org/nordflor/436.html,"composite: 2 names indexed on this plate; printed in 1917-26 contents: Carex panicea; image: Project Runeberg, low resolution (about 480x720); family: Cyperaceae"
Carex flava,Knagglestarr,,437,https://runeberg.org/nordflor/pics/437.jpg,https://runeberg.org/nordflor/437.html,"composite: 2 names indexed on this plate; printed in 1917-26 contents: Carex flava; image: Project Runeberg, low resolution (about 480x720); family: Cyperaceae"
Carex pallescens,Knagglestarr,,437,https://runeberg.org/nordflor/pics/437.jpg,https://runeberg.org/nordflor/437.html,"composite: 2 names indexed on this plate; printed in 1917-26 contents: Carex flava; image: Project Runeberg, low resolution (about 480x720); family: Cyperaceae"
Carex vesicaria,Blåsstarr,,438,https://runeberg.org/nordflor/pics/438.jpg,https://runeberg.org/nordflor/438.html,"printed in 1917-26 contents: Carex vesicaria; image: Project Runeberg, low resolution (about 480x720); family: Cyperaceae"
Carex rostrata,Flaskstarr,,439,https://runeberg.org/nordflor/pics/439.jpg,https://runeberg.org/nordflor/439.html,"printed in 1917-26 contents: Carex rostrata; image: Project Runeberg, low resolution (about 480x720); family: Cyperaceae"
Carex gracilis,Skarpstarr,,440,https://runeberg.org/nordflor/pics/440.jpg,https://runeberg.org/nordflor/440.html,"printed in 1917-26 contents: Carex gracilis; image: Project Runeberg, low resolution (about 480x720); family: Cyperaceae"
Carex caespitosa,Tuvstarr,,441,https://runeberg.org/nordflor/pics/441.jpg,https://runeberg.org/nordflor/441.html,"composite: 2 names indexed on this plate; printed in 1917-26 contents: Carex cæspitosa; image: Project Runeberg, low resolution (about 480x720); family: Cyperaceae"
Carex goodenowii,Tuvstarr,,441,https://runeberg.org/nordflor/pics/441.jpg,https://runeberg.org/nordflor/441.html,"composite: 2 names indexed on this plate; printed in 1917-26 contents: Carex cæspitosa; image: Project Runeberg, low resolution (about 480x720); family: Cyperaceae"
Festuca pratensis,Ängssvingel,,442,https://runeberg.org/nordflor/pics/442.jpg,https://runeberg.org/nordflor/442.html,"printed in 1917-26 contents: Festuca pratensis; image: Project Runeberg, low resolution (about 480x720); family: Poaceae"
Festuca ovina,Rödsvingel,,443,https://runeberg.org/nordflor/pics/443.jpg,https://runeberg.org/nordflor/443.html,"composite: 2 names indexed on this plate; printed in 1917-26 contents: Festuca rubra; image: Project Runeberg, low resolution (about 480x720); family: Poaceae"
Festuca rubra,Rödsvingel,,443,https://runeberg.org/nordflor/pics/443.jpg,https://runeberg.org/nordflor/443.html,"composite: 2 names indexed on this plate; printed in 1917-26 contents: Festuca rubra; image: Project Runeberg, low resolution (about 480x720); family: Poaceae"
Bromus Benekeni,Skugglosta,,444,https://runeberg.org/nordflor/pics/444.jpg,https://runeberg.org/nordflor/444.html,"printed in 1917-26 contents: Bromus Benekeni; image: Project Runeberg, low resolution (about 480x720); family: Poaceae"
Bromus sterilis,Taklosta,,445,https://runeberg.org/nordflor/pics/445.jpg,https://runeberg.org/nordflor/445.html,"composite: 2 names indexed on this plate; printed in 1917-26 contents: Bromus tectorum; image: Project Runeberg, low resolution (about 480x720); family: Poaceae"
Bromus tectorum,Taklosta,,445,https://runeberg.org/nordflor/pics/445.jpg,https://runeberg.org/nordflor/445.html,"composite: 2 names indexed on this plate; printed in 1917-26 contents: Bromus tectorum; image: Project Runeberg, low resolution (about 480x720); family: Poaceae"
Bromus hordeaceus,Råglosta,,446,https://runeberg.org/nordflor/pics/446.jpg,https://runeberg.org/nordflor/446.html,"composite: 2 names indexed on this plate; printed in 1917-26 contents: Bromus secalinus; image: Project Runeberg, low resolution (about 480x720); family: Poaceae"
Bromus secalinus,Råglosta,,446,https://runeberg.org/nordflor/pics/446.jpg,https://runeberg.org/nordflor/446.html,"composite: 2 names indexed on this plate; printed in 1917-26 contents: Bromus secalinus; image: Project Runeberg, low resolution (about 480x720); family: Poaceae"
Brachypodium pinnatum,Spärrlosta,,447,https://runeberg.org/nordflor/pics/447.jpg,https://runeberg.org/nordflor/447.html,"printed in 1917-26 contents: Brachypodium pinnatum; image: Project Runeberg, low resolution (about 480x720); family: Poaceae"
Cynosurus cristatus,Kamäxing,,448,https://runeberg.org/nordflor/pics/448.jpg,https://runeberg.org/nordflor/448.html,"printed in 1917-26 contents: Cynosurus cristatus; image: Project Runeberg, low resolution (about 480x720); family: Poaceae"
Briza media,Darrgräs,,449,https://runeberg.org/nordflor/pics/449.jpg,https://runeberg.org/nordflor/449.html,"printed in 1917-26 contents: Briza media; image: Project Runeberg, low resolution (about 480x720); family: Poaceae"
Glyceria fluitans,Mannagräs,,450,https://runeberg.org/nordflor/pics/450.jpg,https://runeberg.org/nordflor/450.html,"printed in 1917-26 contents: Glyceria fluitans; image: Project Runeberg, low resolution (about 480x720); family: Poaceae"
Glyceria maxima,Jättegröe,,451,https://runeberg.org/nordflor/pics/451.jpg,https://runeberg.org/nordflor/451.html,"printed in 1917-26 contents: Glyceria maxima; image: Project Runeberg, low resolution (about 480x720); family: Poaceae"
Poa pratensis,Ängsgröe,,452,https://runeberg.org/nordflor/pics/452.jpg,https://runeberg.org/nordflor/452.html,"printed in 1917-26 contents: Poa pratensis; image: Project Runeberg, low resolution (about 480x720); family: Poaceae"
Poa alpina,Fjällgröe,,453,https://runeberg.org/nordflor/pics/453.jpg,https://runeberg.org/nordflor/453.html,"printed in 1917-26 contents: Poa alpina; image: Project Runeberg, low resolution (about 480x720); family: Poaceae"
Poa nemoralis,Sumpgröe,,454,https://runeberg.org/nordflor/pics/454.jpg,https://runeberg.org/nordflor/454.html,"composite: 2 names indexed on this plate; printed in 1917-26 contents: Poa palustris; image: Project Runeberg, low resolution (about 480x720); family: Poaceae"
Poa palustris,Sumpgröe,,454,https://runeberg.org/nordflor/pics/454.jpg,https://runeberg.org/nordflor/454.html,"composite: 2 names indexed on this plate; printed in 1917-26 contents: Poa palustris; image: Project Runeberg, low resolution (about 480x720); family: Poaceae"
Poa annua,Vitgröe,,455,https://runeberg.org/nordflor/pics/455.jpg,https://runeberg.org/nordflor/455.html,"printed in 1917-26 contents: Poa annua; image: Project Runeberg, low resolution (about 480x720); family: Poaceae"
Molinia coerulea,Blåtåtel,,456,https://runeberg.org/nordflor/pics/456.jpg,https://runeberg.org/nordflor/456.html,"printed in 1917-26 contents: Molinia coerulea; image: Project Runeberg, low resolution (about 480x720); family: Poaceae"
Dactylis glomerata,Hundäxing,,457,https://runeberg.org/nordflor/pics/457.jpg,https://runeberg.org/nordflor/457.html,"printed in 1917-26 contents: Dactylis glomerata; image: Project Runeberg, low resolution (about 480x720); family: Poaceae"
Sesleria coerulea,Älväxing,,458,https://runeberg.org/nordflor/pics/458.jpg,https://runeberg.org/nordflor/458.html,"printed in 1917-26 contents: Sesleria coerulea; image: Project Runeberg, low resolution (about 480x720); family: Poaceae"
Melica ciliata,Grusslok,,459,https://runeberg.org/nordflor/pics/459.jpg,https://runeberg.org/nordflor/459.html,"composite: 2 names indexed on this plate; printed in 1917-26 contents: Melica ciliata; image: Project Runeberg, low resolution (about 480x720); family: Poaceae"
Melica nutans,Grusslok,,459,https://runeberg.org/nordflor/pics/459.jpg,https://runeberg.org/nordflor/459.html,"composite: 2 names indexed on this plate; printed in 1917-26 contents: Melica ciliata; image: Project Runeberg, low resolution (about 480x720); family: Poaceae"
Avena pubescens,Luddhavre,,460,https://runeberg.org/nordflor/pics/460.jpg,https://runeberg.org/nordflor/460.html,"printed in 1917-26 contents: Avena pubescens; image: Project Runeberg, low resolution (about 480x720); family: Poaceae"
Arrhenatherum elatius,Knölhavre,,461,https://runeberg.org/nordflor/pics/461.jpg,https://runeberg.org/nordflor/461.html,"printed in 1917-26 contents: Arrheatherum elatius; image: Project Runeberg, low resolution (about 480x720); family: Poaceae"
Deschampsia caespitosa,Tuvtåtel,,462,https://runeberg.org/nordflor/pics/462.jpg,https://runeberg.org/nordflor/462.html,"composite: 2 names indexed on this plate; printed in 1917-26 contents: Deschampsia cæspitosa; image: Project Runeberg, low resolution (about 480x720); family: Poaceae"
Deschampsia flexuosa,Tuvtåtel,,462,https://runeberg.org/nordflor/pics/462.jpg,https://runeberg.org/nordflor/462.html,"composite: 2 names indexed on this plate; printed in 1917-26 contents: Deschampsia cæspitosa; image: Project Runeberg, low resolution (about 480x720); family: Poaceae"
Aira caryophyllea,Vårtåtel,,463,https://runeberg.org/nordflor/pics/463.jpg,https://runeberg.org/nordflor/463.html,"composite: 2 names indexed on this plate; printed in 1917-26 contents: Aira præcox; image: Project Runeberg, low resolution (about 480x720); family: Poaceae"
Aira praecox,Vårtåtel,,463,https://runeberg.org/nordflor/pics/463.jpg,https://runeberg.org/nordflor/463.html,"composite: 2 names indexed on this plate; printed in 1917-26 contents: Aira præcox; image: Project Runeberg, low resolution (about 480x720); family: Poaceae"
Holcus lanatus,Luddtåtel,,464,https://runeberg.org/nordflor/pics/464.jpg,https://runeberg.org/nordflor/464.html,"printed in 1917-26 contents: Holcus lanatus; image: Project Runeberg, low resolution (about 480x720); family: Poaceae"
Agrostis tenuis,Rödven,,465,https://runeberg.org/nordflor/pics/465.jpg,https://runeberg.org/nordflor/465.html,"printed in 1917-26 contents: Agrostis tenuis; image: Project Runeberg, low resolution (about 480x720); family: Poaceae"
Calamagrostis lanceolata,Grenrör,,466,https://runeberg.org/nordflor/pics/466.jpg,https://runeberg.org/nordflor/466.html,"printed in 1917-26 contents: Calamagrostis lanceolata; image: Project Runeberg, low resolution (about 480x720); family: Poaceae"
Calamagrosis neglecta,Madrör,,467,https://runeberg.org/nordflor/pics/467.jpg,https://runeberg.org/nordflor/467.html,"printed in 1917-26 contents: Calamagrosis neglecta; image: Project Runeberg, low resolution (about 480x720); family: Poaceae"
Ammophila arenaria,Marhalm,,468,https://runeberg.org/nordflor/pics/468.jpg,https://runeberg.org/nordflor/468.html,"printed in 1917-26 contents: Ammophila arenaria; image: Project Runeberg, low resolution (about 480x720); family: Poaceae"
Milium effusum,Hässlebrodd,,469,https://runeberg.org/nordflor/pics/469.jpg,https://runeberg.org/nordflor/469.html,"printed in 1917-26 contents: Milium effusum; image: Project Runeberg, low resolution (about 480x720); family: Poaceae"
Phragmites vulgaris,Vass,,470,https://runeberg.org/nordflor/pics/470.jpg,https://runeberg.org/nordflor/470.html,"printed in 1917-26 contents: Phragmites vulgaris; image: Project Runeberg, low resolution (about 480x720); family: Poaceae"
Phleum pratense,Timotej,,471,https://runeberg.org/nordflor/pics/471.jpg,https://runeberg.org/nordflor/471.html,"printed in 1917-26 contents: Phleum pratense; image: Project Runeberg, low resolution (about 480x720); family: Poaceae"
Alopecurus pratensis,Ängskavle,,472,https://runeberg.org/nordflor/pics/472.jpg,https://runeberg.org/nordflor/472.html,"printed in 1917-26 contents: Alopecurus pratensis; image: Project Runeberg, low resolution (about 480x720); family: Poaceae"
Typhoides arundinacea,Rörflen,,473,https://runeberg.org/nordflor/pics/473.jpg,https://runeberg.org/nordflor/473.html,"printed in 1917-26 contents: Typhoides arundinacea; image: Project Runeberg, low resolution (about 480x720); family: Poaceae"
Anthoxanthum odoratum,Vårbrodd,,474,https://runeberg.org/nordflor/pics/474.jpg,https://runeberg.org/nordflor/474.html,"printed in 1917-26 contents: Anthoxanthum odoratum; image: Project Runeberg, low resolution (about 480x720); family: Poaceae"
Hierochloë odorata,Myskgräs,,475,https://runeberg.org/nordflor/pics/475.jpg,https://runeberg.org/nordflor/475.html,"printed in 1917-26 contents: Hierochloë odorata; image: Project Runeberg, low resolution (about 480x720); family: Poaceae"
Agropyrum junceum,Strandvete,,476,https://runeberg.org/nordflor/pics/476.jpg,https://runeberg.org/nordflor/476.html,"composite: 2 names indexed on this plate; printed in 1917-26 contents: Agropyrum junceum; image: Project Runeberg, low resolution (about 480x720); family: Poaceae"
Agropyrum repens,Strandvete,,476,https://runeberg.org/nordflor/pics/476.jpg,https://runeberg.org/nordflor/476.html,"composite: 2 names indexed on this plate; printed in 1917-26 contents: Agropyrum junceum; image: Project Runeberg, low resolution (about 480x720); family: Poaceae"
Elymus arenarius,Strandråg,,477,https://runeberg.org/nordflor/pics/477.jpg,https://runeberg.org/nordflor/477.html,"printed in 1917-26 contents: Elymus arenarius; image: Project Runeberg, low resolution (about 480x720); family: Poaceae"
Lolium perenne,Renrepe,,478,https://runeberg.org/nordflor/pics/478.jpg,https://runeberg.org/nordflor/478.html,"printed in 1917-26 contents: Lolium perenne; image: Project Runeberg, low resolution (about 480x720); family: Poaceae"
Nardus stricta,Stagg,,479,https://runeberg.org/nordflor/pics/479.jpg,https://runeberg.org/nordflor/479.html,"printed in 1917-26 contents: Nardus stricta; image: Project Runeberg, low resolution (about 480x720); family: Poaceae"
Hydrocharis morsus ranae,Dyblad,,480,https://runeberg.org/nordflor/pics/480.jpg,https://runeberg.org/nordflor/480.html,"printed in 1917-26 contents: Hydrocharis morsus ranæ; image: Project Runeberg, low resolution (about 480x720); family: Hydrocharitaceae"
Stratiotes aloides,Dyborre,,481,https://runeberg.org/nordflor/pics/481.jpg,https://runeberg.org/nordflor/481.html,"printed in 1917-26 contents: Stratiotes aloides; image: Project Runeberg, low resolution (about 480x720); family: Hydrocharitaceae"
Elodea canadensis,Vattenpest,,482,https://runeberg.org/nordflor/pics/482.jpg,https://runeberg.org/nordflor/482.html,"printed in 1917-26 contents: Elodea canadensis; image: Project Runeberg, low resolution (about 480x720); family: Hydrocharitaceae"
Butomus umbellatus,Blomvass,,483,https://runeberg.org/nordflor/pics/483.jpg,https://runeberg.org/nordflor/483.html,"printed in 1917-26 contents: Butomus umbellatus; image: Project Runeberg, low resolution (about 480x720); family: Butomaceae"
Alisma plantago-aquatica,Svalting,,484,https://runeberg.org/nordflor/pics/484.jpg,https://runeberg.org/nordflor/484.html,"printed in 1917-26 contents: Alisma plantago-aquatica; image: Project Runeberg, low resolution (about 480x720); family: Alismataceae"
Sagittaria sagittifolia,Pilblad,,485,https://runeberg.org/nordflor/pics/485.jpg,https://runeberg.org/nordflor/485.html,"printed in 1917-26 contents: Sagittaria sagittifolia; image: Project Runeberg, low resolution (about 480x720); family: Alismataceae"
Triglochin maritima,Kärrsälting,,486,https://runeberg.org/nordflor/pics/486.jpg,https://runeberg.org/nordflor/486.html,"composite: 2 names indexed on this plate; printed in 1917-26 contents: Triglochin palustris; image: Project Runeberg, low resolution (about 480x720); family: Scheuchzeriaceae"
Triglochin palustris,Kärrsälting,,486,https://runeberg.org/nordflor/pics/486.jpg,https://runeberg.org/nordflor/486.html,"composite: 2 names indexed on this plate; printed in 1917-26 contents: Triglochin palustris; image: Project Runeberg, low resolution (about 480x720); family: Scheuchzeriaceae"
Potamogeton perfoliatus,Ålnate,,487,https://runeberg.org/nordflor/pics/487.jpg,https://runeberg.org/nordflor/487.html,"printed in 1917-26 contents: Potamogeton perfoliatus; image: Project Runeberg, low resolution (about 480x720); family: Potamogetonaceae"
Potamogeton natans,Gäddnate,,488,https://runeberg.org/nordflor/pics/488.jpg,https://runeberg.org/nordflor/488.html,"composite: 2 names indexed on this plate; printed in 1917-26 contents: Potamogeton natans; image: Project Runeberg, low resolution (about 480x720); family: Potamogetonaceae"
Potamogeton pectinatus,Gäddnate,,488,https://runeberg.org/nordflor/pics/488.jpg,https://runeberg.org/nordflor/488.html,"composite: 2 names indexed on this plate; printed in 1917-26 contents: Potamogeton natans; image: Project Runeberg, low resolution (about 480x720); family: Potamogetonaceae"
Ruppia brachypus,Smånate,,489,https://runeberg.org/nordflor/pics/489.jpg,https://runeberg.org/nordflor/489.html,"composite: 3 names indexed on this plate; printed in 1917-26 contents: Ruppia; image: Project Runeberg, low resolution (about 480x720); family: Potamogetonaceae"
Ruppia rostellata,Smånate,,489,https://runeberg.org/nordflor/pics/489.jpg,https://runeberg.org/nordflor/489.html,"composite: 3 names indexed on this plate; printed in 1917-26 contents: Ruppia; image: Project Runeberg, low resolution (about 480x720); family: Potamogetonaceae"
Ruppia spiralis,Smånate,,489,https://runeberg.org/nordflor/pics/489.jpg,https://runeberg.org/nordflor/489.html,"composite: 3 names indexed on this plate; printed in 1917-26 contents: Ruppia; image: Project Runeberg, low resolution (about 480x720); family: Potamogetonaceae"
Zannichellia major,Storsärv,,490,https://runeberg.org/nordflor/pics/490.jpg,https://runeberg.org/nordflor/490.html,"composite: 3 names indexed on this plate; printed in 1917-26 contents: Zannichellia major; image: Project Runeberg, low resolution (about 480x720); family: Potamogetonaceae"
Zannichellia pedunculata,Storsärv,,490,https://runeberg.org/nordflor/pics/490.jpg,https://runeberg.org/nordflor/490.html,"composite: 3 names indexed on this plate; printed in 1917-26 contents: Zannichellia major; image: Project Runeberg, low resolution (about 480x720); family: Potamogetonaceae"
Zannichellia repens,Storsärv,,490,https://runeberg.org/nordflor/pics/490.jpg,https://runeberg.org/nordflor/490.html,"composite: 3 names indexed on this plate; printed in 1917-26 contents: Zannichellia major; image: Project Runeberg, low resolution (about 480x720); family: Potamogetonaceae"
Zostera marina,Bandtång,,491,https://runeberg.org/nordflor/pics/491.jpg,https://runeberg.org/nordflor/491.html,"printed in 1917-26 contents: Zostera marina; image: Project Runeberg, low resolution (about 480x720); family: Zosteraceae"
Sparganium simplex,Igelknopp,,492,https://runeberg.org/nordflor/pics/492.jpg,https://runeberg.org/nordflor/492.html,"printed in 1917-26 contents: Sparganium simplex; image: Project Runeberg, low resolution (about 480x720); family: Sparganiaceae"
Typha latifolia,Smalkaveldun,,493,https://runeberg.org/nordflor/pics/493.jpg,https://runeberg.org/nordflor/493.html,"printed in 1917-26 contents: Typha angustifolia; image: Project Runeberg, low resolution (about 480x720); family: Typhaceae"
Typha angustifolia,Tillfällig sida för Smalkaveldun,,494,https://runeberg.org/nordflor/pics/494.jpg,https://runeberg.org/nordflor/494.html,"printed in 1917-26 contents: Typha amgustifolia; image: Project Runeberg, low resolution (about 480x720); family: Typhaceae"
Picea abies,Gran,,495,https://runeberg.org/nordflor/pics/495.jpg,https://runeberg.org/nordflor/495.html,"printed in 1917-26 contents: Picea abies; image: Project Runeberg, low resolution (about 480x720); family: Pinaceae"
Pinus silvestris,Tall,,496,https://runeberg.org/nordflor/pics/496.jpg,https://runeberg.org/nordflor/496.html,"printed in 1917-26 contents: Pinus silvestris; image: Project Runeberg, low resolution (about 480x720); family: Pinaceae"
Juniperus communis,En,,497,https://runeberg.org/nordflor/pics/497.jpg,https://runeberg.org/nordflor/497.html,"printed in 1917-26 contents: Juniperus communis; image: Project Runeberg, low resolution (about 480x720); family: Cupressaceae"
Taxus baccata,"Id, Idgran",,498,https://runeberg.org/nordflor/pics/498.jpg,https://runeberg.org/nordflor/498.html,"printed in 1917-26 contents: Taxus baccata; image: Project Runeberg, low resolution (about 480x720); family: Taxaceae"
Polypodium vulgare,Stensöta,,499,https://runeberg.org/nordflor/pics/499.jpg,https://runeberg.org/nordflor/499.html,"printed in 1917-26 contents: Polypodium vulgare; image: Project Runeberg, low resolution (about 480x720); family: Polypodiaceae"
Dryopteris phegopteris,Hultbräken,,500,https://runeberg.org/nordflor/pics/500.jpg,https://runeberg.org/nordflor/500.html,"printed in 1917-26 contents: Dryopteris phegopteris; image: Project Runeberg, low resolution (about 480x720); family: Aspidiaceae"
Dryopteris filix mas,Träjon,,501,https://runeberg.org/nordflor/pics/501.jpg,https://runeberg.org/nordflor/501.html,"printed in 1917-26 contents: Dryopteris filix mas; image: Project Runeberg, low resolution (about 480x720); family: Aspidiaceae"
Dryopteris cristata,Granbräken,,502,https://runeberg.org/nordflor/pics/502.jpg,https://runeberg.org/nordflor/502.html,"printed in 1917-26 contents: Dryopteris cristata; image: Project Runeberg, low resolution (about 480x720); family: Aspidiaceae"
Cystopteris fragilis,Stenbräken,,503,https://runeberg.org/nordflor/pics/503.jpg,https://runeberg.org/nordflor/503.html,"composite: 2 names indexed on this plate; printed in 1917-26 contents: Cystopteris fragilis; image: Project Runeberg, low resolution (about 480x720); family: Athyriaceae"
Woodsia ilvensis,Stenbräken,,503,https://runeberg.org/nordflor/pics/503.jpg,https://runeberg.org/nordflor/503.html,"composite: 2 names indexed on this plate; printed in 1917-26 contents: Cystopteris fragilis; image: Project Runeberg, low resolution (about 480x720); family: Woodsiaceae"
Asplenium trichomanes,Bergspring,,504,https://runeberg.org/nordflor/pics/504.jpg,https://runeberg.org/nordflor/504.html,"printed in 1917-26 contents: Asplenium trichomanes; image: Project Runeberg, low resolution (about 480x720); family: Aspleniaceae"
Asplenium ruta muraria,Murruta,,505,https://runeberg.org/nordflor/pics/505.jpg,https://runeberg.org/nordflor/505.html,"composite: 2 names indexed on this plate; printed in 1917-26 contents: Asplenium ruta muraria; image: Project Runeberg, low resolution (about 480x720); family: Aspleniaceae"
Asplenium septentrionale,Murruta,,505,https://runeberg.org/nordflor/pics/505.jpg,https://runeberg.org/nordflor/505.html,"composite: 2 names indexed on this plate; printed in 1917-26 contents: Asplenium ruta muraria; image: Project Runeberg, low resolution (about 480x720); family: Aspleniaceae"
Phyllitis scolopendrium,Hjorttunga,,506,https://runeberg.org/nordflor/pics/506.jpg,https://runeberg.org/nordflor/506.html,"printed in 1917-26 contents: Phyllitis scolopendrium; image: Project Runeberg, low resolution (about 480x720); family: Aspleniaceae"
Blechnum spicant,Kambräken,,507,https://runeberg.org/nordflor/pics/507.jpg,https://runeberg.org/nordflor/507.html,"printed in 1917-26 contents: Blechnum spicant; image: Project Runeberg, low resolution (about 480x720); family: Blechnaceae"
Pteridium aquilinum,Örnbräken,,508,https://runeberg.org/nordflor/pics/508.jpg,https://runeberg.org/nordflor/508.html,"printed in 1917-26 contents: Pteridium aquilinum; image: Project Runeberg, low resolution (about 480x720); family: Hypolepidaceae"
Osmunda regalis,Safsa,,509,https://runeberg.org/nordflor/pics/509.jpg,https://runeberg.org/nordflor/509.html,"printed in 1917-26 contents: Osmunda regalis; image: Project Runeberg, low resolution (about 480x720); family: Osmundaceae"
Ophioglossum vulgatum,Ormtunga,,510,https://runeberg.org/nordflor/pics/510.jpg,https://runeberg.org/nordflor/510.html,"printed in 1917-26 contents: Ophioglossum vulgatum; image: Project Runeberg, low resolution (about 480x720); family: Ophioglossaceae"
Botrychium lunaria,Låsgräs,,511,https://runeberg.org/nordflor/pics/511.jpg,https://runeberg.org/nordflor/511.html,"composite: 2 names indexed on this plate; printed in 1917-26 contents: Botrychium lunaria; image: Project Runeberg, low resolution (about 480x720); family: Ophioglossaceae"
Botrychium matricariae,Låsgräs,,511,https://runeberg.org/nordflor/pics/511.jpg,https://runeberg.org/nordflor/511.html,"composite: 2 names indexed on this plate; printed in 1917-26 contents: Botrychium lunaria; image: Project Runeberg, low resolution (about 480x720); family: Ophioglossaceae"
Pilularia globulifera,Klotgräs,,512,https://runeberg.org/nordflor/pics/512.jpg,https://runeberg.org/nordflor/512.html,"printed in 1917-26 contents: Pilularia globulifera; image: Project Runeberg, low resolution (about 480x720); family: Marsileaceae"
Equisetum hiemale,Skavgräs,,513,https://runeberg.org/nordflor/pics/513.jpg,https://runeberg.org/nordflor/513.html,"printed in 1917-26 contents: Equisetum hiemale; image: Project Runeberg, low resolution (about 480x720); family: Equisetaceae"
Equisetum palustre,Kärrfräken,,514,https://runeberg.org/nordflor/pics/514.jpg,https://runeberg.org/nordflor/514.html,"printed in 1917-26 contents: Equisetum palustre; image: Project Runeberg, low resolution (about 480x720); family: Equisetaceae"
Equisetum arvense,Åkerfräken,,515,https://runeberg.org/nordflor/pics/515.jpg,https://runeberg.org/nordflor/515.html,"printed in 1917-26 contents: Equisetum arvense; image: Project Runeberg, low resolution (about 480x720); family: Equisetaceae"
Lycopodium selago,Lopplummer,,516,https://runeberg.org/nordflor/pics/516.jpg,https://runeberg.org/nordflor/516.html,"printed in 1917-26 contents: Lycopodium selago; image: Project Runeberg, low resolution (about 480x720); family: Lycopodiaceae"
Lycopodium annotinum,Revlummer,,517,https://runeberg.org/nordflor/pics/517.jpg,https://runeberg.org/nordflor/517.html,"composite: 2 names indexed on this plate; printed in 1917-26 contents: Lycopodium annotinum; image: Project Runeberg, low resolution (about 480x720); family: Lycopodiaceae"
Lycopodium clavatum,Revlummer,,517,https://runeberg.org/nordflor/pics/517.jpg,https://runeberg.org/nordflor/517.html,"composite: 2 names indexed on this plate; printed in 1917-26 contents: Lycopodium annotinum; image: Project Runeberg, low resolution (about 480x720); family: Lycopodiaceae"
Lycopodium complanatum,Jämna,,518,https://runeberg.org/nordflor/pics/518.jpg,https://runeberg.org/nordflor/518.html,"printed in 1917-26 contents: Lycopodium complanatum; image: Project Runeberg, low resolution (about 480x720); family: Lycopodiaceae"
Isoëtes lacustris,Braxengräs,,519,https://runeberg.org/nordflor/pics/519.jpg,https://runeberg.org/nordflor/519.html,"printed in 1917-26 contents: Isoëtes lacustris; image: Project Runeberg, low resolution (about 480x720); family: Isoëtaceae"
Eupatorium cannabinum,Flocks,,520,https://runeberg.org/nordflor/pics/520.jpg,https://runeberg.org/nordflor/520.html,"printed in 1917-26 contents: Eupatorium cannabinum; image: Project Runeberg, low resolution (about 480x720); family: Asteraceae"
Aster linosyris,Gullborste,,521,https://runeberg.org/nordflor/pics/521.jpg,https://runeberg.org/nordflor/521.html,"printed in 1917-26 contents: Aster linosyris; image: Project Runeberg, low resolution (about 480x720); family: Asteraceae"
Aster subintegerrimus,Aursunds-aster,,522,https://runeberg.org/nordflor/pics/522.jpg,https://runeberg.org/nordflor/522.html,"printed in 1917-26 contents: Aster subintegerrimus; image: Project Runeberg, low resolution (about 480x720); family: Asteraceae"
Erigeron uniflorus,Fjällbinka,,523,https://runeberg.org/nordflor/pics/523.jpg,https://runeberg.org/nordflor/523.html,"printed in 1917-26 contents: Erigeron uniflorus; image: Project Runeberg, low resolution (about 480x720); family: Asteraceae"
Erigeron eriocephalus,Vitbinka,,524,https://runeberg.org/nordflor/pics/524.jpg,https://runeberg.org/nordflor/524.html,"printed in 1917-26 contents: Erigeron eriocephalus; image: Project Runeberg, low resolution (about 480x720); family: Asteraceae"
Erigeron unalaschkensis,Svartbinka,,525,https://runeberg.org/nordflor/pics/525.jpg,https://runeberg.org/nordflor/525.html,"printed in 1917-26 contents: Erigeron unalaschkensis; image: Project Runeberg, low resolution (about 480x720); family: Asteraceae"
Filago germanica,Klotullört,,526,https://runeberg.org/nordflor/pics/526.jpg,https://runeberg.org/nordflor/526.html,"printed in 1917-26 contents: Filago germanica; image: Project Runeberg, low resolution (about 480x720); family: Asteraceae"
Gnaphalium norvegicum,,,527,http://www.biolib.de/lindman/527.jpg,http://www.biolib.de/lindman/,"composite: 2 names indexed on this plate; image: biolib mirror, low resolution (about 370x720), background removed by G. Keuck; family: Asteraceae"
Gnaphalium silvaticum,,,527,http://www.biolib.de/lindman/527.jpg,http://www.biolib.de/lindman/,"composite: 2 names indexed on this plate; image: biolib mirror, low resolution (about 370x720), background removed by G. Keuck; family: Asteraceae"
Gnaphalium supinum,,,528,http://www.biolib.de/lindman/528.jpg,http://www.biolib.de/lindman/,"composite: 2 names indexed on this plate; image: biolib mirror, low resolution (about 370x720), background removed by G. Keuck; family: Asteraceae"
Gnaphalium uliginosum,,,528,http://www.biolib.de/lindman/528.jpg,http://www.biolib.de/lindman/,"composite: 2 names indexed on this plate; image: biolib mirror, low resolution (about 370x720), background removed by G. Keuck; family: Asteraceae"
Antennaria carpatica,,,529,http://www.biolib.de/lindman/529.jpg,http://www.biolib.de/lindman/,"image: biolib mirror, low resolution (about 370x720), background removed by G. Keuck; family: Asteraceae"
Inula ensifolia,,,530,http://www.biolib.de/lindman/530.jpg,http://www.biolib.de/lindman/,"composite: 2 names indexed on this plate; image: biolib mirror, low resolution (about 370x720), background removed by G. Keuck; family: Asteraceae"
Inula salicina,,,530,http://www.biolib.de/lindman/530.jpg,http://www.biolib.de/lindman/,"composite: 2 names indexed on this plate; image: biolib mirror, low resolution (about 370x720), background removed by G. Keuck; family: Asteraceae"
Inula vrabelyiana,,,531,http://www.biolib.de/lindman/531.jpg,http://www.biolib.de/lindman/,"image: biolib mirror, low resolution (about 370x720), background removed by G. Keuck; family: Asteraceae"
Pulicaria prostrata,,,532,http://www.biolib.de/lindman/532.jpg,http://www.biolib.de/lindman/,"image: biolib mirror, low resolution (about 370x720), background removed by G. Keuck; family: Asteraceae"
Ambrosia trifida,,,533,http://www.biolib.de/lindman/533.jpg,http://www.biolib.de/lindman/,"image: biolib mirror, low resolution (about 370x720), background removed by G. Keuck; family: Asteraceae"
Xanthium spinosum,,,534,http://www.biolib.de/lindman/534.jpg,http://www.biolib.de/lindman/,"image: biolib mirror, low resolution (about 370x720), background removed by G. Keuck; family: Asteraceae"
Matricaria inodora,,,535,http://www.biolib.de/lindman/535.jpg,http://www.biolib.de/lindman/,"image: biolib mirror, low resolution (about 370x720), background removed by G. Keuck; family: Asteraceae"
Artemisia norvegica,,,536,http://www.biolib.de/lindman/536.jpg,http://www.biolib.de/lindman/,"image: biolib mirror, low resolution (about 370x720), background removed by G. Keuck; family: Asteraceae"
Artemisia campestris,,,537,http://www.biolib.de/lindman/537.jpg,http://www.biolib.de/lindman/,"composite: 2 names indexed on this plate; image: biolib mirror, low resolution (about 370x720), background removed by G. Keuck; family: Asteraceae"
Artemisia rupestris,,,537,http://www.biolib.de/lindman/537.jpg,http://www.biolib.de/lindman/,"composite: 2 names indexed on this plate; image: biolib mirror, low resolution (about 370x720), background removed by G. Keuck; family: Asteraceae"
Artemisia laciniata,,,538,http://www.biolib.de/lindman/538.jpg,http://www.biolib.de/lindman/,"image: biolib mirror, low resolution (about 370x720), background removed by G. Keuck; family: Asteraceae"
Artemisia maritima,,,539,http://www.biolib.de/lindman/539.jpg,http://www.biolib.de/lindman/,"image: biolib mirror, low resolution (about 370x720), background removed by G. Keuck; family: Asteraceae"
Petasites spurius,,,540,http://www.biolib.de/lindman/540.jpg,http://www.biolib.de/lindman/,"image: biolib mirror, low resolution (about 370x720), background removed by G. Keuck; family: Asteraceae"
Arnica alpina,,,541,http://www.biolib.de/lindman/541.jpg,http://www.biolib.de/lindman/,"image: biolib mirror, low resolution (about 370x720), background removed by G. Keuck; family: Asteraceae"
Saussurea alpina,,,542,http://www.biolib.de/lindman/542.jpg,http://www.biolib.de/lindman/,"image: biolib mirror, low resolution (about 370x720), background removed by G. Keuck; family: Asteraceae"
Carduus crispus,,,543,http://www.biolib.de/lindman/543.jpg,http://www.biolib.de/lindman/,"image: biolib mirror, low resolution (about 370x720), background removed by G. Keuck; family: Asteraceae"
Carduus acanthoides,,,544,http://www.biolib.de/lindman/544.jpg,http://www.biolib.de/lindman/,"image: biolib mirror, low resolution (about 370x720), background removed by G. Keuck; family: Asteraceae"
Centaurea nigra,,,545,http://www.biolib.de/lindman/545.jpg,http://www.biolib.de/lindman/,"image: biolib mirror, low resolution (about 370x720), background removed by G. Keuck; family: Asteraceae"
Arnoseris minima,,,546,http://www.biolib.de/lindman/546.jpg,http://www.biolib.de/lindman/,"image: biolib mirror, low resolution (about 370x720), background removed by G. Keuck; family: Asteraceae"
Hypochoeris maculata,,,547,http://www.biolib.de/lindman/547.jpg,http://www.biolib.de/lindman/,"image: biolib mirror, low resolution (about 370x720), background removed by G. Keuck; family: Asteraceae"
Leontodon hispidus,,,548,http://www.biolib.de/lindman/548.jpg,http://www.biolib.de/lindman/,"image: biolib mirror, low resolution (about 370x720), background removed by G. Keuck; family: Asteraceae"
Tragopogon porrifolius,,,549,http://www.biolib.de/lindman/549.jpg,http://www.biolib.de/lindman/,"image: biolib mirror, low resolution (about 370x720), background removed by G. Keuck; family: Asteraceae"
Inula ensifolia,,,550,http://www.biolib.de/lindman/550.jpg,http://www.biolib.de/lindman/,"composite: 2 names indexed on this plate; image: biolib mirror, low resolution (about 370x720), background removed by G. Keuck; family: Asteraceae"
Inula salicina,,,550,http://www.biolib.de/lindman/550.jpg,http://www.biolib.de/lindman/,"composite: 2 names indexed on this plate; image: biolib mirror, low resolution (about 370x720), background removed by G. Keuck; family: Asteraceae"
Crepis praemorsa,,,551,http://www.biolib.de/lindman/551.jpg,http://www.biolib.de/lindman/,"image: biolib mirror, low resolution (about 370x720), background removed by G. Keuck; family: Asteraceae"
Crepis multicaulis,,,552,http://www.biolib.de/lindman/552.jpg,http://www.biolib.de/lindman/,"image: biolib mirror, low resolution (about 370x720), background removed by G. Keuck; family: Asteraceae"
Aracium paludosum,,,553,http://www.biolib.de/lindman/553.jpg,http://www.biolib.de/lindman/,"image: biolib mirror, low resolution (about 370x720), background removed by G. Keuck; family: Asteraceae"
Sonchus arvensis,,,554,http://www.biolib.de/lindman/554.jpg,http://www.biolib.de/lindman/,"image: biolib mirror, low resolution (about 370x720), background removed by G. Keuck; family: Asteraceae"
Sonchus palustris,,,555,http://www.biolib.de/lindman/555.jpg,http://www.biolib.de/lindman/,"image: biolib mirror, low resolution (about 370x720), background removed by G. Keuck; family: Asteraceae"
Mulgedium sibiricum,,,556,http://www.biolib.de/lindman/556.jpg,http://www.biolib.de/lindman/,"image: biolib mirror, low resolution (about 370x720), background removed by G. Keuck; family: Asteraceae"
Lactuca muralis,,,557,http://www.biolib.de/lindman/557.jpg,http://www.biolib.de/lindman/,"image: biolib mirror, low resolution (about 370x720), background removed by G. Keuck; family: Asteraceae"
Taraxacum rubicundum,,,558,http://www.biolib.de/lindman/558.jpg,http://www.biolib.de/lindman/,"image: biolib mirror, low resolution (about 370x720), background removed by G. Keuck; family: Asteraceae"
Taraxacum palustre,,,559,http://www.biolib.de/lindman/559.jpg,http://www.biolib.de/lindman/,"image: biolib mirror, low resolution (about 370x720), background removed by G. Keuck; family: Asteraceae"
Hieracium aurantiacum,,,560,http://www.biolib.de/lindman/560.jpg,http://www.biolib.de/lindman/,"image: biolib mirror, low resolution (about 370x720), background removed by G. Keuck; family: Asteraceae"
Campanula persicifolia,,,561,http://www.biolib.de/lindman/561.jpg,http://www.biolib.de/lindman/,"image: biolib mirror, low resolution (about 370x720), background removed by G. Keuck; family: Campanulaceae"
Campanula patula,,,562,http://www.biolib.de/lindman/562.jpg,http://www.biolib.de/lindman/,"image: biolib mirror, low resolution (about 370x720), background removed by G. Keuck; family: Campanulaceae"
Campanula glomerata,,,563,http://www.biolib.de/lindman/563.jpg,http://www.biolib.de/lindman/,"image: biolib mirror, low resolution (about 370x720), background removed by G. Keuck; family: Campanulaceae"
Campanula cervicaria,,,564,http://www.biolib.de/lindman/564.jpg,http://www.biolib.de/lindman/,"image: biolib mirror, low resolution (about 370x720), background removed by G. Keuck; family: Campanulaceae"
Phyteuma spicatum,,,565,http://www.biolib.de/lindman/565.jpg,http://www.biolib.de/lindman/,"image: biolib mirror, low resolution (about 370x720), background removed by G. Keuck; family: Campanulaceae"
Digitalis purpurea,,,566,http://www.biolib.de/lindman/566.jpg,http://www.biolib.de/lindman/,"image: biolib mirror, low resolution (about 370x720), background removed by G. Keuck; family: Scrophulariaceae"
Veronica agrestis,,,567,http://www.biolib.de/lindman/567.jpg,http://www.biolib.de/lindman/,"image: biolib mirror, low resolution (about 370x720), background removed by G. Keuck; family: Scrophulariaceae"
Melampyrum arvense,,,568,http://www.biolib.de/lindman/568.jpg,http://www.biolib.de/lindman/,"composite: 2 names indexed on this plate; image: biolib mirror, low resolution (about 370x720), background removed by G. Keuck; family: Scrophulariaceae"
Melampyrum cristatum,,,568,http://www.biolib.de/lindman/568.jpg,http://www.biolib.de/lindman/,"composite: 2 names indexed on this plate; image: biolib mirror, low resolution (about 370x720), background removed by G. Keuck; family: Scrophulariaceae"
Pedicularis flammea,,,569,http://www.biolib.de/lindman/569.jpg,http://www.biolib.de/lindman/,"image: biolib mirror, low resolution (about 370x720), background removed by G. Keuck; family: Scrophulariaceae"
Pedicularis spectrum carolinum,,,570,http://www.biolib.de/lindman/570.jpg,http://www.biolib.de/lindman/,"image: biolib mirror, low resolution (about 370x720), background removed by G. Keuck; family: Scrophulariaceae"
Satureja acinos,,,571,http://www.biolib.de/lindman/571.jpg,http://www.biolib.de/lindman/,"composite: 2 names indexed on this plate; image: biolib mirror, low resolution (about 370x720), background removed by G. Keuck; family: Lamiaceae"
Satureja vulgaris,,,571,http://www.biolib.de/lindman/571.jpg,http://www.biolib.de/lindman/,"composite: 2 names indexed on this plate; image: biolib mirror, low resolution (about 370x720), background removed by G. Keuck; family: Lamiaceae"
Lamium amplexicaule,,,572,http://www.biolib.de/lindman/572.jpg,http://www.biolib.de/lindman/,"image: biolib mirror, low resolution (about 370x720), background removed by G. Keuck; family: Lamiaceae"
Marrubium vulgare,,,573,http://www.biolib.de/lindman/573.jpg,http://www.biolib.de/lindman/,"image: biolib mirror, low resolution (about 370x720), background removed by G. Keuck; family: Lamiaceae"
Stachys officinalis,,,574,http://www.biolib.de/lindman/574.jpg,http://www.biolib.de/lindman/,"image: biolib mirror, low resolution (about 370x720), background removed by G. Keuck; family: Lamiaceae"
Salvia pratensis,,,575,http://www.biolib.de/lindman/575.jpg,http://www.biolib.de/lindman/,"image: biolib mirror, low resolution (about 370x720), background removed by G. Keuck; family: Lamiaceae"
Ajuga reptans,,,576,http://www.biolib.de/lindman/576.jpg,http://www.biolib.de/lindman/,"image: biolib mirror, low resolution (about 370x720), background removed by G. Keuck; family: Lamiaceae"
Lappula deflexa,,,577,http://www.biolib.de/lindman/577.jpg,http://www.biolib.de/lindman/,"image: biolib mirror, low resolution (about 370x720), background removed by G. Keuck; family: Boraginaceae"
Lycopsis arvensis,,,578,http://www.biolib.de/lindman/578.jpg,http://www.biolib.de/lindman/,"image: biolib mirror, low resolution (about 370x720), background removed by G. Keuck; family: Boraginaceae"
Pulmonaria angustifolia,,,579,http://www.biolib.de/lindman/579.jpg,http://www.biolib.de/lindman/,"image: biolib mirror, low resolution (about 370x720), background removed by G. Keuck; family: Boraginaceae"
Mertensia maritima,,,580,http://www.biolib.de/lindman/580.jpg,http://www.biolib.de/lindman/,"image: biolib mirror, low resolution (about 370x720), background removed by G. Keuck; family: Boraginaceae"
Asperugo procumbens,,,581,http://www.biolib.de/lindman/581.jpg,http://www.biolib.de/lindman/,"image: biolib mirror, low resolution (about 370x720), background removed by G. Keuck; family: Boraginaceae"
