name_printed,common_printed,volume,plate,image_url,page_url,notes
Abies pectinata,Edeltanne,Band 1 (1906),icon 23,http://www.biolib.de/sturm/flora01/high/IMG_8523.jpg,http://www.biolib.de/sturm/flora01/high/IMG_8523.html,page type by screen image 1666x1200: text spread (landscape)
Acorus calamus,Europäischer Kalamus,Band 1 (1906),icon 86,http://www.biolib.de/sturm/flora01/high/IMG_8586.jpg,http://www.biolib.de/sturm/flora01/high/IMG_8586.html,page type by screen image 1696x1200: text spread (landscape)
Allium oleraceum,Zweihörniger Lauch,Band 1 (1906),icon 134,http://www.biolib.de/sturm/flora01/high/IMG_8641.jpg,http://www.biolib.de/sturm/flora01/high/IMG_8641.html,page type by screen image 848x1200: colour plate page (portrait)
Allium schoenoprasum,Schnitt-Lauch,Band 1 (1906),icon 46,http://www.biolib.de/sturm/flora01/high/IMG_8546.jpg,http://www.biolib.de/sturm/flora01/high/IMG_8546.html,page type by screen image 1661x1200: text spread (landscape)
Allium ursinum,Bären-Lauch,Band 1 (1906),icon 133,http://www.biolib.de/sturm/flora01/high/IMG_8640.jpg,http://www.biolib.de/sturm/flora01/high/IMG_8640.html,page type by screen image 859x1200: colour plate page (portrait)
Anthericum ramosum,Rispige Graslilie,Band 1 (1906),icon 128,http://www.biolib.de/sturm/flora01/high/IMG_8635.jpg,http://www.biolib.de/sturm/flora01/high/IMG_8635.html,page type by screen image 886x1200: colour plate page (portrait)
Arum maculatum,Gemeiner Ahornstab,Band 1 (1906),icon 159,http://www.biolib.de/sturm/flora01/high/IMG_8666.jpg,http://www.biolib.de/sturm/flora01/high/IMG_8666.html,page type by screen image 831x1200: colour plate page (portrait)
Asparagus officinalis,Echter Spargel,Band 1 (1906),icon 56,http://www.biolib.de/sturm/flora01/high/IMG_8556.jpg,http://www.biolib.de/sturm/flora01/high/IMG_8556.html,page type by screen image 1658x1200: text spread (landscape)
Calla generalis,Europäische Calla,Band 1 (1906),icon 160,http://www.biolib.de/sturm/flora01/high/IMG_8667.jpg,http://www.biolib.de/sturm/flora01/high/IMG_8667.html,page type by screen image 749x1200: colour plate page (portrait)
Colchicum autumnale,Herbstzeitlose,Band 1 (1906),icon 124,http://www.biolib.de/sturm/flora01/high/IMG_8631.jpg,http://www.biolib.de/sturm/flora01/high/IMG_8631.html,page type by screen image 873x1200: colour plate page (portrait)
Convallaria amplexifolia,Aestiges Salomonssiegel,Band 1 (1906),icon 142,http://www.biolib.de/sturm/flora01/high/IMG_8649.jpg,http://www.biolib.de/sturm/flora01/high/IMG_8649.html,page type by screen image 828x1200: colour plate page (portrait)
Convallaria bifolia,Kleines Maiglöckchen,Band 1 (1906),icon 139,http://www.biolib.de/sturm/flora01/high/IMG_8646.jpg,http://www.biolib.de/sturm/flora01/high/IMG_8646.html,page type by screen image 864x1200: colour plate page (portrait)
Convallaria majalis,Echtes Maiglöckchen,Band 1 (1906),icon 140,http://www.biolib.de/sturm/flora01/high/IMG_8647.jpg,http://www.biolib.de/sturm/flora01/high/IMG_8647.html,page type by screen image 818x1200: colour plate page (portrait)
Convallaria multiflora,Vielblumiges Salomonssiegel,Band 1 (1906),icon 138,http://www.biolib.de/sturm/flora01/high/IMG_8645.jpg,http://www.biolib.de/sturm/flora01/high/IMG_8645.html,page type by screen image 850x1200: colour plate page (portrait)
Convallaria polygonatum,Grossblumiges Salomonssiegel,Band 1 (1906),icon 57,http://www.biolib.de/sturm/flora01/high/IMG_8557.jpg,http://www.biolib.de/sturm/flora01/high/IMG_8557.html,page type by screen image 1677x1200: text spread (landscape)
Convallaria verticillata,Quirlblättriges Salomonssiegel,Band 1 (1906),icon 58,http://www.biolib.de/sturm/flora01/high/IMG_8558.jpg,http://www.biolib.de/sturm/flora01/high/IMG_8558.html,page type by screen image 1668x1200: text spread (landscape)
Crocus luteus,Gelber Safran,Band 1 (1906),icon 147,http://www.biolib.de/sturm/flora01/high/IMG_8654.jpg,http://www.biolib.de/sturm/flora01/high/IMG_8654.html,page type by screen image 866x1200: colour plate page (portrait)
Crocus parviflorus,Alpen-Safran,Band 1 (1906),icon 146,http://www.biolib.de/sturm/flora01/high/IMG_8653.jpg,http://www.biolib.de/sturm/flora01/high/IMG_8653.html,page type by screen image 852x1200: colour plate page (portrait)
Fritillaria meleagris,Schachblume,Band 1 (1906),icon 129,http://www.biolib.de/sturm/flora01/high/IMG_8636.jpg,http://www.biolib.de/sturm/flora01/high/IMG_8636.html,page type by screen image 827x1200: colour plate page (portrait)
Gagea arvensis,Acker-Gilbstern,Band 1 (1906),icon 127,http://www.biolib.de/sturm/flora01/high/IMG_8634.jpg,http://www.biolib.de/sturm/flora01/high/IMG_8634.html,page type by screen image 861x1200: colour plate page (portrait)
Gagea pratensis,Drizwiebliger Gilbstern,Band 1 (1906),icon 132,http://www.biolib.de/sturm/flora01/high/IMG_8639.jpg,http://www.biolib.de/sturm/flora01/high/IMG_8639.html,page type by screen image 862x1200: colour plate page (portrait)
Gagea saxatilis,Stein-Gilbstern,Band 1 (1906),icon 37,http://www.biolib.de/sturm/flora01/high/IMG_8537.jpg,http://www.biolib.de/sturm/flora01/high/IMG_8537.html,page type by screen image 1601x1200: text spread (landscape)
Gagea silvatica,Grosser Gilbstern,Band 1 (1906),icon 39,http://www.biolib.de/sturm/flora01/high/IMG_8539.jpg,http://www.biolib.de/sturm/flora01/high/IMG_8539.html,page type by screen image 1632x1200: text spread (landscape)
Galanthus nivalis,Echtes Scheeglöckchen,Band 1 (1906),icon 145,http://www.biolib.de/sturm/flora01/high/IMG_8652.jpg,http://www.biolib.de/sturm/flora01/high/IMG_8652.html,page type by screen image 867x1200: colour plate page (portrait)
Gladiolus imbricatus,Dichtblütiger Gladiolus,Band 1 (1906),icon 149,http://www.biolib.de/sturm/flora01/high/IMG_8656.jpg,http://www.biolib.de/sturm/flora01/high/IMG_8656.html,page type by screen image 851x1200: colour plate page (portrait)
Gladiolus paluster,Runder Allermannsharnisch,Band 1 (1906),icon 148,http://www.biolib.de/sturm/flora01/high/IMG_8655.jpg,http://www.biolib.de/sturm/flora01/high/IMG_8655.html,page type by screen image 847x1200: colour plate page (portrait)
Hemerocallis flava,Gelbe Taglilie,Band 1 (1906),icon 36,http://www.biolib.de/sturm/flora01/high/IMG_8536.jpg,http://www.biolib.de/sturm/flora01/high/IMG_8536.html,page type by screen image 1610x1200: text spread (landscape)
Hyacinthus nonscriptus,Belgische Hyazinthe,Band 1 (1906),icon 135,http://www.biolib.de/sturm/flora01/high/IMG_8642.jpg,http://www.biolib.de/sturm/flora01/high/IMG_8642.html,page type by screen image 841x1200: colour plate page (portrait)
Iris germanica,Echte Schwertlilie,Band 1 (1906),icon 155,http://www.biolib.de/sturm/flora01/high/IMG_8662.jpg,http://www.biolib.de/sturm/flora01/high/IMG_8662.html,page type by screen image 843x1200: colour plate page (portrait)
Iris graminea,,Band 1 (1906),icon 157,http://www.biolib.de/sturm/flora01/high/IMG_8664.jpg,http://www.biolib.de/sturm/flora01/high/IMG_8664.html,composite: 2 Latin names indexed on this page; page type by screen image 839x1200: colour plate page (portrait); German names indexed on this page: Grasähnliche Schwertlilie; Sibirische Schwertlilie
Iris nudicaulis,Kurzblättrige Schwertlilie,Band 1 (1906),icon 152,http://www.biolib.de/sturm/flora01/high/IMG_8659.jpg,http://www.biolib.de/sturm/flora01/high/IMG_8659.html,page type by screen image 851x1200: colour plate page (portrait)
Iris pallida,Bleiche Schwertlilie,Band 1 (1906),icon 154,http://www.biolib.de/sturm/flora01/high/IMG_8661.jpg,http://www.biolib.de/sturm/flora01/high/IMG_8661.html,page type by screen image 854x1200: colour plate page (portrait)
Iris pumila,Niedrige Schwertlilie,Band 1 (1906),icon 156,http://www.biolib.de/sturm/flora01/high/IMG_8663.jpg,http://www.biolib.de/sturm/flora01/high/IMG_8663.html,page type by screen image 816x1200: colour plate page (portrait)
Iris sambucina,Holunder-Schwertlilie,Band 1 (1906),icon 151,http://www.biolib.de/sturm/flora01/high/IMG_8658.jpg,http://www.biolib.de/sturm/flora01/high/IMG_8658.html,page type by screen image 869x1200: colour plate page (portrait)
Iris sibirica,,Band 1 (1906),icon 157,http://www.biolib.de/sturm/flora01/high/IMG_8664.jpg,http://www.biolib.de/sturm/flora01/high/IMG_8664.html,composite: 2 Latin names indexed on this page; page type by screen image 839x1200: colour plate page (portrait); German names indexed on this page: Grasähnliche Schwertlilie; Sibirische Schwertlilie
Iris spuria,Mainzer Schwertlilie,Band 1 (1906),icon 158,http://www.biolib.de/sturm/flora01/high/IMG_8665.jpg,http://www.biolib.de/sturm/flora01/high/IMG_8665.html,page type by screen image 866x1200: colour plate page (portrait)
Iris squalens,Bräunliche Schwertlilie,Band 1 (1906),icon 150,http://www.biolib.de/sturm/flora01/high/IMG_8657.jpg,http://www.biolib.de/sturm/flora01/high/IMG_8657.html,page type by screen image 841x1200: colour plate page (portrait)
Iris variegata,Bunte Schwertlilie,Band 1 (1906),icon 153,http://www.biolib.de/sturm/flora01/high/IMG_8660.jpg,http://www.biolib.de/sturm/flora01/high/IMG_8660.html,page type by screen image 866x1200: colour plate page (portrait)
Juncus acutiflorus,Spitzblumige Knotenbinse,Band 1 (1906),icon 108,http://www.biolib.de/sturm/flora01/high/IMG_8615.jpg,http://www.biolib.de/sturm/flora01/high/IMG_8615.html,page type by screen image 857x1200: colour plate page (portrait)
Juncus alpinus,Kleinblumige Knotenbinse,Band 1 (1906),icon 110,http://www.biolib.de/sturm/flora01/high/IMG_8617.jpg,http://www.biolib.de/sturm/flora01/high/IMG_8617.html,page type by screen image 833x1200: colour plate page (portrait)
Juncus balticus,Ostsee-Binse,Band 1 (1906),icon 104,http://www.biolib.de/sturm/flora01/high/IMG_8611.jpg,http://www.biolib.de/sturm/flora01/high/IMG_8611.html,page type by screen image 840x1200: colour plate page (portrait)
Juncus bufonius,Gemeines Schweinegras,Band 1 (1906),icon 115,http://www.biolib.de/sturm/flora01/high/IMG_8622.jpg,http://www.biolib.de/sturm/flora01/high/IMG_8622.html,page type by screen image 846x1200: colour plate page (portrait)
Juncus capitatus,Aufrechte Zwergbinse,Band 1 (1906),icon 106,http://www.biolib.de/sturm/flora01/high/IMG_8613.jpg,http://www.biolib.de/sturm/flora01/high/IMG_8613.html,page type by screen image 847x1200: colour plate page (portrait)
Juncus compressus,Weg-Binse,Band 1 (1906),icon 113,http://www.biolib.de/sturm/flora01/high/IMG_8620.jpg,http://www.biolib.de/sturm/flora01/high/IMG_8620.html,page type by screen image 820x1200: colour plate page (portrait)
Juncus conglomeratus,Dichtblütige Binse,Band 1 (1906),icon 101,http://www.biolib.de/sturm/flora01/high/IMG_8608.jpg,http://www.biolib.de/sturm/flora01/high/IMG_8608.html,page type by screen image 851x1200: colour plate page (portrait)
Juncus effusus,Lockerblütige Binse,Band 1 (1906),icon 102,http://www.biolib.de/sturm/flora01/high/IMG_8609.jpg,http://www.biolib.de/sturm/flora01/high/IMG_8609.html,page type by screen image 838x1200: colour plate page (portrait)
Juncus filiformis,Faden-Binse,Band 1 (1906),icon 105,http://www.biolib.de/sturm/flora01/high/IMG_8612.jpg,http://www.biolib.de/sturm/flora01/high/IMG_8612.html,page type by screen image 816x1200: colour plate page (portrait)
Juncus glaucus,Bläuliche Binse,Band 1 (1906),icon 103,http://www.biolib.de/sturm/flora01/high/IMG_8610.jpg,http://www.biolib.de/sturm/flora01/high/IMG_8610.html,page type by screen image 857x1200: colour plate page (portrait)
Juncus lamprocarpus,Gemeine Knotenbinse,Band 1 (1906),icon 107,http://www.biolib.de/sturm/flora01/high/IMG_8614.jpg,http://www.biolib.de/sturm/flora01/high/IMG_8614.html,page type by screen image 825x1200: colour plate page (portrait)
Juncus maritimus,Strand-Binse,Band 1 (1906),icon 100,http://www.biolib.de/sturm/flora01/high/IMG_8607.jpg,http://www.biolib.de/sturm/flora01/high/IMG_8607.html,page type by screen image 866x1200: colour plate page (portrait)
Juncus obtusiflorus,Weissblumige Knotenbinse,Band 1 (1906),icon 109,http://www.biolib.de/sturm/flora01/high/IMG_8616.jpg,http://www.biolib.de/sturm/flora01/high/IMG_8616.html,page type by screen image 844x1200: colour plate page (portrait)
Juncus squarrosus,Heide-Binse,Band 1 (1906),icon 111,http://www.biolib.de/sturm/flora01/high/IMG_8618.jpg,http://www.biolib.de/sturm/flora01/high/IMG_8618.html,page type by screen image 834x1200: colour plate page (portrait)
Juncus tenageia,Zierliches Schweinegras,Band 1 (1906),icon 114,http://www.biolib.de/sturm/flora01/high/IMG_8621.jpg,http://www.biolib.de/sturm/flora01/high/IMG_8621.html,page type by screen image 801x1200: colour plate page (portrait)
Juncus tenuis,Wandernde Binse,Band 1 (1906),icon 112,http://www.biolib.de/sturm/flora01/high/IMG_8619.jpg,http://www.biolib.de/sturm/flora01/high/IMG_8619.html,page type by screen image 837x1200: colour plate page (portrait)
Junipercus communis,Echter Wacholder,Band 1 (1906),icon 26,http://www.biolib.de/sturm/flora01/high/IMG_8526.jpg,http://www.biolib.de/sturm/flora01/high/IMG_8526.html,page type by screen image 1603x1200: text spread (landscape)
Larix decidua,Gemeine Lärche,Band 1 (1906),icon 15,http://www.biolib.de/sturm/flora01/high/IMG_8515.jpg,http://www.biolib.de/sturm/flora01/high/IMG_8515.html,page type by screen image 1639x1200: text spread (landscape)
Lemna arrhiza,,Band 1 (1906),icon 92,http://www.biolib.de/sturm/flora01/high/IMG_8592.jpg,http://www.biolib.de/sturm/flora01/high/IMG_8592.html,composite: 5 Latin names indexed on this page; page type by screen image 1707x1200: text spread (landscape); German names indexed on this page: Buckelige Wasserlinse; Dreieckige Wasserlinse; Grosse Wasserlinse; Kleine Wasserlinse; Wasserlinse; Zwergige Wasserlinse
Lemna gibba,,Band 1 (1906),icon 92,http://www.biolib.de/sturm/flora01/high/IMG_8592.jpg,http://www.biolib.de/sturm/flora01/high/IMG_8592.html,composite: 5 Latin names indexed on this page; page type by screen image 1707x1200: text spread (landscape); German names indexed on this page: Buckelige Wasserlinse; Dreieckige Wasserlinse; Grosse Wasserlinse; Kleine Wasserlinse; Wasserlinse; Zwergige Wasserlinse
Lemna minor,,Band 1 (1906),icon 92,http://www.biolib.de/sturm/flora01/high/IMG_8592.jpg,http://www.biolib.de/sturm/flora01/high/IMG_8592.html,composite: 5 Latin names indexed on this page; page type by screen image 1707x1200: text spread (landscape); German names indexed on this page: Buckelige Wasserlinse; Dreieckige Wasserlinse; Grosse Wasserlinse; Kleine Wasserlinse; Wasserlinse; Zwergige Wasserlinse
Lemna polyrrhiza,,Band 1 (1906),icon 92,http://www.biolib.de/sturm/flora01/high/IMG_8592.jpg,http://www.biolib.de/sturm/flora01/high/IMG_8592.html,composite: 5 Latin names indexed on this page; page type by screen image 1707x1200: text spread (landscape); German names indexed on this page: Buckelige Wasserlinse; Dreieckige Wasserlinse; Grosse Wasserlinse; Kleine Wasserlinse; Wasserlinse; Zwergige Wasserlinse
Lemna trisula,,Band 1 (1906),icon 92,http://www.biolib.de/sturm/flora01/high/IMG_8592.jpg,http://www.biolib.de/sturm/flora01/high/IMG_8592.html,composite: 5 Latin names indexed on this page; page type by screen image 1707x1200: text spread (landscape); German names indexed on this page: Buckelige Wasserlinse; Dreieckige Wasserlinse; Grosse Wasserlinse; Kleine Wasserlinse; Wasserlinse; Zwergige Wasserlinse
Leucojum aestivum,Glockenlilie,Band 1 (1906),icon 144,http://www.biolib.de/sturm/flora01/high/IMG_8651.jpg,http://www.biolib.de/sturm/flora01/high/IMG_8651.html,page type by screen image 819x1200: colour plate page (portrait)
Leucojum vernum,Grosses Schneeglöckchen,Band 1 (1906),icon 143,http://www.biolib.de/sturm/flora01/high/IMG_8650.jpg,http://www.biolib.de/sturm/flora01/high/IMG_8650.html,page type by screen image 854x1200: colour plate page (portrait)
Lilium bulbiferum,Feuer-Lilie,Band 1 (1906),icon 48,http://www.biolib.de/sturm/flora01/high/IMG_8548.jpg,http://www.biolib.de/sturm/flora01/high/IMG_8548.html,page type by screen image 1616x1200: text spread (landscape)
Lilium martagon,Türkenbund,Band 1 (1906),icon 126,http://www.biolib.de/sturm/flora01/high/IMG_8633.jpg,http://www.biolib.de/sturm/flora01/high/IMG_8633.html,page type by screen image 897x1200: colour plate page (portrait)
Luzula angustifolia,Echte Hainsimse,Band 1 (1906),icon 118,http://www.biolib.de/sturm/flora01/high/IMG_8625.jpg,http://www.biolib.de/sturm/flora01/high/IMG_8625.html,page type by screen image 862x1200: colour plate page (portrait)
Luzula campestris,Gemeines Hasenbrot,Band 1 (1906),icon 120,http://www.biolib.de/sturm/flora01/high/IMG_8627.jpg,http://www.biolib.de/sturm/flora01/high/IMG_8627.html,page type by screen image 841x1200: colour plate page (portrait)
Luzula forsteri,Forster-Hainsimse,Band 1 (1906),icon 116,http://www.biolib.de/sturm/flora01/high/IMG_8623.jpg,http://www.biolib.de/sturm/flora01/high/IMG_8623.html,page type by screen image 841x1200: colour plate page (portrait)
Luzula maxima,Grosse Hainsimse,Band 1 (1906),icon 119,http://www.biolib.de/sturm/flora01/high/IMG_8626.jpg,http://www.biolib.de/sturm/flora01/high/IMG_8626.html,page type by screen image 842x1200: colour plate page (portrait)
Luzula multiflora,Grosses Hasenbrot,Band 1 (1906),icon 121,http://www.biolib.de/sturm/flora01/high/IMG_8628.jpg,http://www.biolib.de/sturm/flora01/high/IMG_8628.html,page type by screen image 869x1200: colour plate page (portrait)
Luzula pallescens,Blasses Hasenbrot,Band 1 (1906),icon 122,http://www.biolib.de/sturm/flora01/high/IMG_8629.jpg,http://www.biolib.de/sturm/flora01/high/IMG_8629.html,page type by screen image 865x1200: colour plate page (portrait)
Luzula pilosa,Frühe Hainsimse,Band 1 (1906),icon 117,http://www.biolib.de/sturm/flora01/high/IMG_8624.jpg,http://www.biolib.de/sturm/flora01/high/IMG_8624.html,page type by screen image 814x1200: colour plate page (portrait)
Muscari botryoides,Perlhyazinthe,Band 1 (1906),icon 54,http://www.biolib.de/sturm/flora01/high/IMG_8554.jpg,http://www.biolib.de/sturm/flora01/high/IMG_8554.html,page type by screen image 1601x1200: text spread (landscape)
Muscari comosum,Gemeine Schopfhyazinthe,Band 1 (1906),icon 136,http://www.biolib.de/sturm/flora01/high/IMG_8643.jpg,http://www.biolib.de/sturm/flora01/high/IMG_8643.html,page type by screen image 826x1200: colour plate page (portrait)
Narcissus poeticus,Weisse Narzisse,Band 1 (1906),icon 65,http://www.biolib.de/sturm/flora01/high/IMG_8565.jpg,http://www.biolib.de/sturm/flora01/high/IMG_8565.html,page type by screen image 1670x1200: text spread (landscape)
Narthecium ossifragum,Beinbrech,Band 1 (1906),icon 137,http://www.biolib.de/sturm/flora01/high/IMG_8644.jpg,http://www.biolib.de/sturm/flora01/high/IMG_8644.html,page type by screen image 855x1200: colour plate page (portrait)
Ornithogalum boucheanum,Bouché-Milchstern,Band 1 (1906),icon 130,http://www.biolib.de/sturm/flora01/high/IMG_8637.jpg,http://www.biolib.de/sturm/flora01/high/IMG_8637.html,page type by screen image 891x1200: colour plate page (portrait)
Ornithogalum tenuifolium,Kleiner Milchstern,Band 1 (1906),icon 52,http://www.biolib.de/sturm/flora01/high/IMG_8552.jpg,http://www.biolib.de/sturm/flora01/high/IMG_8552.html,page type by screen image 1654x1200: text spread (landscape)
Ornithogalum umbellatum,Gemeiner Milchstern,Band 1 (1906),icon 131,http://www.biolib.de/sturm/flora01/high/IMG_8638.jpg,http://www.biolib.de/sturm/flora01/high/IMG_8638.html,page type by screen image 856x1200: colour plate page (portrait)
Paris quadrifolia,Einbeere,Band 1 (1906),icon 141,http://www.biolib.de/sturm/flora01/high/IMG_8648.jpg,http://www.biolib.de/sturm/flora01/high/IMG_8648.html,page type by screen image 835x1200: colour plate page (portrait)
Picea excelsa,Echte Fichte,Band 1 (1906),icon 21,http://www.biolib.de/sturm/flora01/high/IMG_8521.jpg,http://www.biolib.de/sturm/flora01/high/IMG_8521.html,page type by screen image 1679x1200: text spread (landscape)
Pinus silvestris,Echte Kiefer,Band 1 (1906),icon 98,http://www.biolib.de/sturm/flora01/high/IMG_8598.jpg,http://www.biolib.de/sturm/flora01/high/IMG_8598.html,page type by screen image 854x1200: colour plate page (portrait)
Scilla amoena,,Band 1 (1906),icon 51,http://www.biolib.de/sturm/flora01/high/IMG_8551.jpg,http://www.biolib.de/sturm/flora01/high/IMG_8551.html,composite: 3 Latin names indexed on this page; page type by screen image 1646x1200: text spread (landscape); German names indexed on this page: Garten-Scilla; Ital. Scilla; Italienische Scilla; Wilde Scilla
Scilla bifolia,,Band 1 (1906),icon 51,http://www.biolib.de/sturm/flora01/high/IMG_8551.jpg,http://www.biolib.de/sturm/flora01/high/IMG_8551.html,composite: 3 Latin names indexed on this page; page type by screen image 1646x1200: text spread (landscape); German names indexed on this page: Garten-Scilla; Ital. Scilla; Italienische Scilla; Wilde Scilla
Scilla italica,,Band 1 (1906),icon 51,http://www.biolib.de/sturm/flora01/high/IMG_8551.jpg,http://www.biolib.de/sturm/flora01/high/IMG_8551.html,composite: 3 Latin names indexed on this page; page type by screen image 1646x1200: text spread (landscape); German names indexed on this page: Garten-Scilla; Ital. Scilla; Italienische Scilla; Wilde Scilla
Sparganium simplex,Kleiner Igelkolben,Band 1 (1906),icon 89,http://www.biolib.de/sturm/flora01/high/IMG_8589.jpg,http://www.biolib.de/sturm/flora01/high/IMG_8589.html,page type by screen image 1675x1200: text spread (landscape)
Tamus communis,Schmerwurz,Band 1 (1906),icon 62,http://www.biolib.de/sturm/flora01/high/IMG_8562.jpg,http://www.biolib.de/sturm/flora01/high/IMG_8562.html,page type by screen image 1690x1200: text spread (landscape)
Taxus baccata,Echte Eibe,Band 1 (1906),icon 99,http://www.biolib.de/sturm/flora01/high/IMG_8606.jpg,http://www.biolib.de/sturm/flora01/high/IMG_8606.html,page type by screen image 861x1200: colour plate page (portrait)
Tofieldia calyculata,Gewöhnliche Tofieldie,Band 1 (1906),icon 123,http://www.biolib.de/sturm/flora01/high/IMG_8630.jpg,http://www.biolib.de/sturm/flora01/high/IMG_8630.html,page type by screen image 882x1200: colour plate page (portrait)
Tulpia silvestris,Wilde Tulpe,Band 1 (1906),icon 125,http://www.biolib.de/sturm/flora01/high/IMG_8632.jpg,http://www.biolib.de/sturm/flora01/high/IMG_8632.html,page type by screen image 880x1200: colour plate page (portrait)
Typha angustifolia,Dünner Rohrkolben,Band 1 (1906),icon 87,http://www.biolib.de/sturm/flora01/high/IMG_8587.jpg,http://www.biolib.de/sturm/flora01/high/IMG_8587.html,page type by screen image 1714x1200: text spread (landscape)
Veratrum album,Weisser Germer,Band 1 (1906),icon 61,http://www.biolib.de/sturm/flora01/high/IMG_8561.jpg,http://www.biolib.de/sturm/flora01/high/IMG_8561.html,page type by screen image 1690x1200: text spread (landscape)
Carex acuta,,Band 2 (1900),icon 119,http://www.biolib.de/sturm/flora02/high/IMG_8788.jpg,http://www.biolib.de/sturm/flora02/high/IMG_8788.html,composite: 2 Latin names indexed on this page; page type by screen image 805x1200: colour plate page (portrait); German names indexed on this page: Scharfe Segge; Zweifelhafte Segge
Carex acutiformis,,Band 2 (1900),icon 144,http://www.biolib.de/sturm/flora02/high/IMG_8813.jpg,http://www.biolib.de/sturm/flora02/high/IMG_8813.html,composite: 2 Latin names indexed on this page; page type by screen image 847x1200: colour plate page (portrait); German names indexed on this page: Blasen-Segge; Sumpf-Segge
Carex alba,,Band 2 (1900),icon 125,http://www.biolib.de/sturm/flora02/high/IMG_8794.jpg,http://www.biolib.de/sturm/flora02/high/IMG_8794.html,composite: 2 Latin names indexed on this page; page type by screen image 804x1200: colour plate page (portrait); German names indexed on this page: Weisse Segge; Wimper-Segge
Carex arenaria,,Band 2 (1900),icon 117,http://www.biolib.de/sturm/flora02/high/IMG_8786.jpg,http://www.biolib.de/sturm/flora02/high/IMG_8786.html,composite: 2 Latin names indexed on this page; page type by screen image 809x1200: colour plate page (portrait); German names indexed on this page: Frühe Segge; Sand-Segge
Carex atrata,,Band 2 (1900),icon 122,http://www.biolib.de/sturm/flora02/high/IMG_8791.jpg,http://www.biolib.de/sturm/flora02/high/IMG_8791.html,composite: 2 Latin names indexed on this page; page type by screen image 802x1200: colour plate page (portrait); German names indexed on this page: Trauer-Segge
Carex atrata var. aterrima,,Band 2 (1900),icon 122,http://www.biolib.de/sturm/flora02/high/IMG_8791.jpg,http://www.biolib.de/sturm/flora02/high/IMG_8791.html,composite: 2 Latin names indexed on this page; page type by screen image 802x1200: colour plate page (portrait); German names indexed on this page: Trauer-Segge
Carex baldensis,,Band 2 (1900),icon 107,http://www.biolib.de/sturm/flora02/high/IMG_8776.jpg,http://www.biolib.de/sturm/flora02/high/IMG_8776.html,composite: 2 Latin names indexed on this page; page type by screen image 805x1200: colour plate page (portrait); German names indexed on this page: Cyper-Segge; Tyroler-Segge
Carex binervis,,Band 2 (1900),icon 137,http://www.biolib.de/sturm/flora02/high/IMG_8806.jpg,http://www.biolib.de/sturm/flora02/high/IMG_8806.html,composite: 2 Latin names indexed on this page; page type by screen image 816x1200: colour plate page (portrait); German names indexed on this page: Leisten-Segge; Punkt-Segge
Carex brachystachys,,Band 2 (1900),icon 130,http://www.biolib.de/sturm/flora02/high/IMG_8799.jpg,http://www.biolib.de/sturm/flora02/high/IMG_8799.html,composite: 2 Latin names indexed on this page; page type by screen image 817x1200: colour plate page (portrait); German names indexed on this page: Dünne Segge; Flatter-Segge
Carex brizoides,,Band 2 (1900),icon 109,http://www.biolib.de/sturm/flora02/high/IMG_8778.jpg,http://www.biolib.de/sturm/flora02/high/IMG_8778.html,composite: 2 Latin names indexed on this page; page type by screen image 811x1200: colour plate page (portrait); German names indexed on this page: Fuchs-Segge; Waldhaar
Carex buxbaumii,,Band 2 (1900),icon 120,http://www.biolib.de/sturm/flora02/high/IMG_8789.jpg,http://www.biolib.de/sturm/flora02/high/IMG_8789.html,composite: 2 Latin names indexed on this page; page type by screen image 814x1200: colour plate page (portrait); German names indexed on this page: Moor-Segge; Starre Segge
Carex canescens,,Band 2 (1900),icon 116,http://www.biolib.de/sturm/flora02/high/IMG_8785.jpg,http://www.biolib.de/sturm/flora02/high/IMG_8785.html,composite: 2 Latin names indexed on this page; page type by screen image 816x1200: colour plate page (portrait); German names indexed on this page: Graue Segge; Torf-Segge
Carex capillaris,,Band 2 (1900),icon 130,http://www.biolib.de/sturm/flora02/high/IMG_8799.jpg,http://www.biolib.de/sturm/flora02/high/IMG_8799.html,composite: 2 Latin names indexed on this page; page type by screen image 817x1200: colour plate page (portrait); German names indexed on this page: Dünne Segge; Flatter-Segge
Carex capitata,,Band 2 (1900),icon 105,http://www.biolib.de/sturm/flora02/high/IMG_8774.jpg,http://www.biolib.de/sturm/flora02/high/IMG_8774.html,composite: 2 Latin names indexed on this page; page type by screen image 814x1200: colour plate page (portrait); German names indexed on this page: Floh-Segge; Kopf-Segge
Carex chordorrbiza,,Band 2 (1900),icon 108,http://www.biolib.de/sturm/flora02/high/IMG_8777.jpg,http://www.biolib.de/sturm/flora02/high/IMG_8777.html,composite: 2 Latin names indexed on this page; page type by screen image 805x1200: colour plate page (portrait); German names indexed on this page: Fadenwurzel-Segge; Zeilen-Segge
Carex cyperoides,,Band 2 (1900),icon 107,http://www.biolib.de/sturm/flora02/high/IMG_8776.jpg,http://www.biolib.de/sturm/flora02/high/IMG_8776.html,composite: 2 Latin names indexed on this page; page type by screen image 805x1200: colour plate page (portrait); German names indexed on this page: Cyper-Segge; Tyroler-Segge
Carex dúbia-kochina,Kochsche Segge,Band 2 (1900),icon 76,http://www.biolib.de/sturm/flora02/high/IMG_8745.jpg,http://www.biolib.de/sturm/flora02/high/IMG_8745.html,page type by screen image 1630x1200: text spread (landscape)
Carex davalliana,,Band 2 (1900),icon 104,http://www.biolib.de/sturm/flora02/high/IMG_8773.jpg,http://www.biolib.de/sturm/flora02/high/IMG_8773.html,composite: 2 Latin names indexed on this page; page type by screen image 803x1200: colour plate page (portrait); German names indexed on this page: Davall's-Segge; Zweihäusige Segge
Carex digitata,,Band 2 (1900),icon 134,http://www.biolib.de/sturm/flora02/high/IMG_8803.jpg,http://www.biolib.de/sturm/flora02/high/IMG_8803.html,composite: 2 Latin names indexed on this page; page type by screen image 821x1200: colour plate page (portrait); German names indexed on this page: Finger-Segge; Grund-Segge
Carex dioeca,,Band 2 (1900),icon 104,http://www.biolib.de/sturm/flora02/high/IMG_8773.jpg,http://www.biolib.de/sturm/flora02/high/IMG_8773.html,composite: 2 Latin names indexed on this page; page type by screen image 803x1200: colour plate page (portrait); German names indexed on this page: Davall's-Segge; Zweihäusige Segge
Carex distans,,Band 2 (1900),icon 141,http://www.biolib.de/sturm/flora02/high/IMG_8810.jpg,http://www.biolib.de/sturm/flora02/high/IMG_8810.html,composite: 3 Latin names indexed on this page; page type by screen image 826x1200: colour plate page (portrait); German names indexed on this page: Lücken-Segge
Carex disticha,,Band 2 (1900),icon 108,http://www.biolib.de/sturm/flora02/high/IMG_8777.jpg,http://www.biolib.de/sturm/flora02/high/IMG_8777.html,composite: 2 Latin names indexed on this page; page type by screen image 805x1200: colour plate page (portrait); German names indexed on this page: Fadenwurzel-Segge; Zeilen-Segge
Carex dubia-lepidocarpa,,Band 2 (1900),icon 142,http://www.biolib.de/sturm/flora02/high/IMG_8811.jpg,http://www.biolib.de/sturm/flora02/high/IMG_8811.html,page type by screen image 820x1200: colour plate page (portrait); German names indexed on this page: Gelbe Segge; Schuppenfrüchtige Segge
Carex dubia-turfosa,,Band 2 (1900),icon 119,http://www.biolib.de/sturm/flora02/high/IMG_8788.jpg,http://www.biolib.de/sturm/flora02/high/IMG_8788.html,composite: 2 Latin names indexed on this page; page type by screen image 805x1200: colour plate page (portrait); German names indexed on this page: Scharfe Segge; Zweifelhafte Segge
Carex echinata,,Band 2 (1900),icon 113,http://www.biolib.de/sturm/flora02/high/IMG_8782.jpg,http://www.biolib.de/sturm/flora02/high/IMG_8782.html,composite: 2 Latin names indexed on this page; page type by screen image 788x1200: colour plate page (portrait); German names indexed on this page: Hasen-Segge; Stachel-Segge
Carex elongata,,Band 2 (1900),icon 114,http://www.biolib.de/sturm/flora02/high/IMG_8783.jpg,http://www.biolib.de/sturm/flora02/high/IMG_8783.html,composite: 2 Latin names indexed on this page; page type by screen image 812x1200: colour plate page (portrait); German names indexed on this page: Walzen Segge
Carex ericetorum,,Band 2 (1900),icon 131,http://www.biolib.de/sturm/flora02/high/IMG_8800.jpg,http://www.biolib.de/sturm/flora02/high/IMG_8800.html,composite: 2 Latin names indexed on this page; page type by screen image 816x1200: colour plate page (portrait); German names indexed on this page: Heide-Segge; Pillen-Segge
Carex extensa,,Band 2 (1900),icon 136,http://www.biolib.de/sturm/flora02/high/IMG_8805.jpg,http://www.biolib.de/sturm/flora02/high/IMG_8805.html,composite: 2 Latin names indexed on this page; page type by screen image 837x1200: colour plate page (portrait); German names indexed on this page: Oeder's Segge; Spindel-Segge
Carex firma,,Band 2 (1900),icon 140,http://www.biolib.de/sturm/flora02/high/IMG_8809.jpg,http://www.biolib.de/sturm/flora02/high/IMG_8809.html,composite: 2 Latin names indexed on this page; page type by screen image 832x1200: colour plate page (portrait); German names indexed on this page: Feste Segge; Frost-Segge
Carex flava,,Band 2 (1900),icon 141,http://www.biolib.de/sturm/flora02/high/IMG_8810.jpg,http://www.biolib.de/sturm/flora02/high/IMG_8810.html,composite: 3 Latin names indexed on this page; page type by screen image 826x1200: colour plate page (portrait); German names indexed on this page: Lücken-Segge
Carex flava X hornschuchiana,,Band 2 (1900),icon 141,http://www.biolib.de/sturm/flora02/high/IMG_8810.jpg,http://www.biolib.de/sturm/flora02/high/IMG_8810.html,composite: 3 Latin names indexed on this page; page type by screen image 826x1200: colour plate page (portrait); German names indexed on this page: Lücken-Segge
Carex frigida,,Band 2 (1900),icon 140,http://www.biolib.de/sturm/flora02/high/IMG_8809.jpg,http://www.biolib.de/sturm/flora02/high/IMG_8809.html,composite: 2 Latin names indexed on this page; page type by screen image 832x1200: colour plate page (portrait); German names indexed on this page: Feste Segge; Frost-Segge
Carex gaudiniana,,Band 2 (1900),icon 121,http://www.biolib.de/sturm/flora02/high/IMG_8790.jpg,http://www.biolib.de/sturm/flora02/high/IMG_8790.html,composite: 2 Latin names indexed on this page; page type by screen image 806x1200: colour plate page (portrait); German names indexed on this page: Gaudin's Segge; Kleinährige Segge
Carex glauca,,Band 2 (1900),icon 123,http://www.biolib.de/sturm/flora02/high/IMG_8792.jpg,http://www.biolib.de/sturm/flora02/high/IMG_8792.html,composite: 2 Latin names indexed on this page; page type by screen image 810x1200: colour plate page (portrait); German names indexed on this page: Hügel-Segge; Lauch-Segge
Carex goodenoughii,Wiesen-Segge,Band 2 (1900),icon 47,http://www.biolib.de/sturm/flora02/high/IMG_8716.jpg,http://www.biolib.de/sturm/flora02/high/IMG_8716.html,page type by screen image 1616x1200: text spread (landscape)
Carex gynobasis,,Band 2 (1900),icon 134,http://www.biolib.de/sturm/flora02/high/IMG_8803.jpg,http://www.biolib.de/sturm/flora02/high/IMG_8803.html,composite: 2 Latin names indexed on this page; page type by screen image 821x1200: colour plate page (portrait); German names indexed on this page: Finger-Segge; Grund-Segge
Carex heleonastes,,Band 2 (1900),icon 116,http://www.biolib.de/sturm/flora02/high/IMG_8785.jpg,http://www.biolib.de/sturm/flora02/high/IMG_8785.html,composite: 2 Latin names indexed on this page; page type by screen image 816x1200: colour plate page (portrait); German names indexed on this page: Graue Segge; Torf-Segge
Carex hirta,,Band 2 (1900),icon 146,http://www.biolib.de/sturm/flora02/high/IMG_8815.jpg,http://www.biolib.de/sturm/flora02/high/IMG_8815.html,composite: 2 Latin names indexed on this page; page type by screen image 796x1200: colour plate page (portrait); German names indexed on this page: Behaarte Segge; Faden-Segge
Carex hordeistichos,,Band 2 (1900),icon 139,http://www.biolib.de/sturm/flora02/high/IMG_8808.jpg,http://www.biolib.de/sturm/flora02/high/IMG_8808.html,composite: 2 Latin names indexed on this page; page type by screen image 818x1200: colour plate page (portrait); German names indexed on this page: Gersten-Segge; Micheli's Segge
Carex hornschuchiana,,Band 2 (1900),icon 138,http://www.biolib.de/sturm/flora02/high/IMG_8807.jpg,http://www.biolib.de/sturm/flora02/high/IMG_8807.html,composite: 2 Latin names indexed on this page; page type by screen image 817x1200: colour plate page (portrait); German names indexed on this page: Glatte Segge; Saum-Segge
Carex humilis,,Band 2 (1900),icon 133,http://www.biolib.de/sturm/flora02/high/IMG_8802.jpg,http://www.biolib.de/sturm/flora02/high/IMG_8802.html,composite: 2 Latin names indexed on this page; page type by screen image 810x1200: colour plate page (portrait); German names indexed on this page: Erd-Segge; Schatten-Segge
Carex irrigua,,Band 2 (1900),icon 124,http://www.biolib.de/sturm/flora02/high/IMG_8793.jpg,http://www.biolib.de/sturm/flora02/high/IMG_8793.html,composite: 2 Latin names indexed on this page; page type by screen image 833x1200: colour plate page (portrait); German names indexed on this page: Gletscher-Segge; Schlamm-Segge
Carex laevigata,,Band 2 (1900),icon 138,http://www.biolib.de/sturm/flora02/high/IMG_8807.jpg,http://www.biolib.de/sturm/flora02/high/IMG_8807.html,composite: 2 Latin names indexed on this page; page type by screen image 817x1200: colour plate page (portrait); German names indexed on this page: Glatte Segge; Saum-Segge
Carex lasiocarpa,,Band 2 (1900),icon 146,http://www.biolib.de/sturm/flora02/high/IMG_8815.jpg,http://www.biolib.de/sturm/flora02/high/IMG_8815.html,composite: 2 Latin names indexed on this page; page type by screen image 796x1200: colour plate page (portrait); German names indexed on this page: Behaarte Segge; Faden-Segge
Carex leporina,,Band 2 (1900),icon 113,http://www.biolib.de/sturm/flora02/high/IMG_8782.jpg,http://www.biolib.de/sturm/flora02/high/IMG_8782.html,composite: 2 Latin names indexed on this page; page type by screen image 788x1200: colour plate page (portrait); German names indexed on this page: Hasen-Segge; Stachel-Segge
Carex leporina var. argyroglochin,,Band 2 (1900),icon 114,http://www.biolib.de/sturm/flora02/high/IMG_8783.jpg,http://www.biolib.de/sturm/flora02/high/IMG_8783.html,composite: 2 Latin names indexed on this page; page type by screen image 812x1200: colour plate page (portrait); German names indexed on this page: Walzen Segge
Carex limosa,,Band 2 (1900),icon 124,http://www.biolib.de/sturm/flora02/high/IMG_8793.jpg,http://www.biolib.de/sturm/flora02/high/IMG_8793.html,composite: 2 Latin names indexed on this page; page type by screen image 833x1200: colour plate page (portrait); German names indexed on this page: Gletscher-Segge; Schlamm-Segge
Carex loliacea,,Band 2 (1900),icon 115,http://www.biolib.de/sturm/flora02/high/IMG_8784.jpg,http://www.biolib.de/sturm/flora02/high/IMG_8784.html,composite: 2 Latin names indexed on this page; page type by screen image 790x1200: colour plate page (portrait); German names indexed on this page: Lolch-Segge; Spitz-Segge
Carex michelii,,Band 2 (1900),icon 139,http://www.biolib.de/sturm/flora02/high/IMG_8808.jpg,http://www.biolib.de/sturm/flora02/high/IMG_8808.html,composite: 2 Latin names indexed on this page; page type by screen image 818x1200: colour plate page (portrait); German names indexed on this page: Gersten-Segge; Micheli's Segge
Carex microglochin,,Band 2 (1900),icon 103,http://www.biolib.de/sturm/flora02/high/IMG_8772.jpg,http://www.biolib.de/sturm/flora02/high/IMG_8772.html,composite: 2 Latin names indexed on this page; page type by screen image 805x1200: colour plate page (portrait); German names indexed on this page: Armblütige Segge; Häkchen-Segge
Carex microstachya,,Band 2 (1900),icon 121,http://www.biolib.de/sturm/flora02/high/IMG_8790.jpg,http://www.biolib.de/sturm/flora02/high/IMG_8790.html,composite: 2 Latin names indexed on this page; page type by screen image 806x1200: colour plate page (portrait); German names indexed on this page: Gaudin's Segge; Kleinährige Segge
Carex montana,,Band 2 (1900),icon 132,http://www.biolib.de/sturm/flora02/high/IMG_8801.jpg,http://www.biolib.de/sturm/flora02/high/IMG_8801.html,composite: 2 Latin names indexed on this page; page type by screen image 810x1200: colour plate page (portrait); German names indexed on this page: Berg-Segge; Frühlings-Segge
Carex mucronata,,Band 2 (1900),icon 115,http://www.biolib.de/sturm/flora02/high/IMG_8784.jpg,http://www.biolib.de/sturm/flora02/high/IMG_8784.html,composite: 2 Latin names indexed on this page; page type by screen image 790x1200: colour plate page (portrait); German names indexed on this page: Lolch-Segge; Spitz-Segge
Carex muricata,,Band 2 (1900),icon 110,http://www.biolib.de/sturm/flora02/high/IMG_8779.jpg,http://www.biolib.de/sturm/flora02/high/IMG_8779.html,composite: 2 Latin names indexed on this page; page type by screen image 805x1200: colour plate page (portrait); German names indexed on this page: Grüne Segge; Stachelköpfige Segge
Carex nitida,,Band 2 (1900),icon 126,http://www.biolib.de/sturm/flora02/high/IMG_8795.jpg,http://www.biolib.de/sturm/flora02/high/IMG_8795.html,composite: 2 Latin names indexed on this page; page type by screen image 805x1200: colour plate page (portrait); German names indexed on this page: Glanz-Segge; Krallen-Segge
Carex nutans,,Band 2 (1900),icon 145,http://www.biolib.de/sturm/flora02/high/IMG_8814.jpg,http://www.biolib.de/sturm/flora02/high/IMG_8814.html,composite: 2 Latin names indexed on this page; page type by screen image 809x1200: colour plate page (portrait); German names indexed on this page: Nichende Segge; Ufer-Segge
Carex obtusata,,Band 2 (1900),icon 106,http://www.biolib.de/sturm/flora02/high/IMG_8775.jpg,http://www.biolib.de/sturm/flora02/high/IMG_8775.html,composite: 2 Latin names indexed on this page; page type by screen image 818x1200: colour plate page (portrait); German names indexed on this page: Felsen-Segge; Stumpfe Segge
Carex oederi,,Band 2 (1900),icon 136,http://www.biolib.de/sturm/flora02/high/IMG_8805.jpg,http://www.biolib.de/sturm/flora02/high/IMG_8805.html,composite: 2 Latin names indexed on this page; page type by screen image 837x1200: colour plate page (portrait); German names indexed on this page: Oeder's Segge; Spindel-Segge
Carex ornithopada,,Band 2 (1900),icon 126,http://www.biolib.de/sturm/flora02/high/IMG_8795.jpg,http://www.biolib.de/sturm/flora02/high/IMG_8795.html,composite: 2 Latin names indexed on this page; page type by screen image 805x1200: colour plate page (portrait); German names indexed on this page: Glanz-Segge; Krallen-Segge
Carex pallescens,,Band 2 (1900),icon 129,http://www.biolib.de/sturm/flora02/high/IMG_8798.jpg,http://www.biolib.de/sturm/flora02/high/IMG_8798.html,composite: 2 Latin names indexed on this page; page type by screen image 812x1200: colour plate page (portrait); German names indexed on this page: Bleiche Segge; Filz-Segge
Carex panicea,,Band 2 (1900),icon 127,http://www.biolib.de/sturm/flora02/high/IMG_8796.jpg,http://www.biolib.de/sturm/flora02/high/IMG_8796.html,composite: 2 Latin names indexed on this page; page type by screen image 814x1200: colour plate page (portrait); German names indexed on this page: Hirsen-Segge; Scheiden-Segge
Carex paniculata,,Band 2 (1900),icon 112,http://www.biolib.de/sturm/flora02/high/IMG_8781.jpg,http://www.biolib.de/sturm/flora02/high/IMG_8781.html,composite: 2 Latin names indexed on this page; page type by screen image 811x1200: colour plate page (portrait); German names indexed on this page: Rispen-Segge; Trug-Segge
Carex paradoxa,,Band 2 (1900),icon 112,http://www.biolib.de/sturm/flora02/high/IMG_8781.jpg,http://www.biolib.de/sturm/flora02/high/IMG_8781.html,composite: 2 Latin names indexed on this page; page type by screen image 811x1200: colour plate page (portrait); German names indexed on this page: Rispen-Segge; Trug-Segge
Carex pauciflora,,Band 2 (1900),icon 103,http://www.biolib.de/sturm/flora02/high/IMG_8772.jpg,http://www.biolib.de/sturm/flora02/high/IMG_8772.html,composite: 2 Latin names indexed on this page; page type by screen image 805x1200: colour plate page (portrait); German names indexed on this page: Armblütige Segge; Häkchen-Segge
Carex pendula,,Band 2 (1900),icon 128,http://www.biolib.de/sturm/flora02/high/IMG_8797.jpg,http://www.biolib.de/sturm/flora02/high/IMG_8797.html,composite: 2 Latin names indexed on this page; page type by screen image 805x1200: colour plate page (portrait); German names indexed on this page: Grosse Segge; Schlanke Segge
Carex pilosa,,Band 2 (1900),icon 125,http://www.biolib.de/sturm/flora02/high/IMG_8794.jpg,http://www.biolib.de/sturm/flora02/high/IMG_8794.html,composite: 2 Latin names indexed on this page; page type by screen image 804x1200: colour plate page (portrait); German names indexed on this page: Weisse Segge; Wimper-Segge
Carex pilulifera,,Band 2 (1900),icon 131,http://www.biolib.de/sturm/flora02/high/IMG_8800.jpg,http://www.biolib.de/sturm/flora02/high/IMG_8800.html,composite: 2 Latin names indexed on this page; page type by screen image 816x1200: colour plate page (portrait); German names indexed on this page: Heide-Segge; Pillen-Segge
Carex praecox,,Band 2 (1900),icon 117,http://www.biolib.de/sturm/flora02/high/IMG_8786.jpg,http://www.biolib.de/sturm/flora02/high/IMG_8786.html,composite: 2 Latin names indexed on this page; page type by screen image 809x1200: colour plate page (portrait); German names indexed on this page: Frühe Segge; Sand-Segge
Carex pseudocyperus,,Band 2 (1900),icon 143,http://www.biolib.de/sturm/flora02/high/IMG_8812.jpg,http://www.biolib.de/sturm/flora02/high/IMG_8812.html,composite: 2 Latin names indexed on this page; page type by screen image 811x1200: colour plate page (portrait); German names indexed on this page: Falsches Cyperngras; Schnabel-Segge
Carex pulicaris,,Band 2 (1900),icon 105,http://www.biolib.de/sturm/flora02/high/IMG_8774.jpg,http://www.biolib.de/sturm/flora02/high/IMG_8774.html,composite: 2 Latin names indexed on this page; page type by screen image 814x1200: colour plate page (portrait); German names indexed on this page: Floh-Segge; Kopf-Segge
Carex punctata,,Band 2 (1900),icon 137,http://www.biolib.de/sturm/flora02/high/IMG_8806.jpg,http://www.biolib.de/sturm/flora02/high/IMG_8806.html,composite: 2 Latin names indexed on this page; page type by screen image 816x1200: colour plate page (portrait); German names indexed on this page: Leisten-Segge; Punkt-Segge
Carex remota,,Band 2 (1900),icon 72,http://www.biolib.de/sturm/flora02/high/IMG_8741.jpg,http://www.biolib.de/sturm/flora02/high/IMG_8741.html,composite: 3 Latin names indexed on this page; page type by screen image 1638x1200: text spread (landscape)
Carex remota X muricata,,Band 2 (1900),icon 72,http://www.biolib.de/sturm/flora02/high/IMG_8741.jpg,http://www.biolib.de/sturm/flora02/high/IMG_8741.html,composite: 3 Latin names indexed on this page; page type by screen image 1638x1200: text spread (landscape)
Carex remota X paniculata,,Band 2 (1900),icon 72,http://www.biolib.de/sturm/flora02/high/IMG_8741.jpg,http://www.biolib.de/sturm/flora02/high/IMG_8741.html,composite: 3 Latin names indexed on this page; page type by screen image 1638x1200: text spread (landscape)
Carex rigida,,Band 2 (1900),icon 120,http://www.biolib.de/sturm/flora02/high/IMG_8789.jpg,http://www.biolib.de/sturm/flora02/high/IMG_8789.html,composite: 2 Latin names indexed on this page; page type by screen image 814x1200: colour plate page (portrait); German names indexed on this page: Moor-Segge; Starre Segge
Carex riparia,,Band 2 (1900),icon 145,http://www.biolib.de/sturm/flora02/high/IMG_8814.jpg,http://www.biolib.de/sturm/flora02/high/IMG_8814.html,composite: 2 Latin names indexed on this page; page type by screen image 809x1200: colour plate page (portrait); German names indexed on this page: Nichende Segge; Ufer-Segge
Carex rostrata,,Band 2 (1900),icon 143,http://www.biolib.de/sturm/flora02/high/IMG_8812.jpg,http://www.biolib.de/sturm/flora02/high/IMG_8812.html,composite: 2 Latin names indexed on this page; page type by screen image 811x1200: colour plate page (portrait); German names indexed on this page: Falsches Cyperngras; Schnabel-Segge
Carex rupestris,,Band 2 (1900),icon 106,http://www.biolib.de/sturm/flora02/high/IMG_8775.jpg,http://www.biolib.de/sturm/flora02/high/IMG_8775.html,composite: 2 Latin names indexed on this page; page type by screen image 818x1200: colour plate page (portrait); German names indexed on this page: Felsen-Segge; Stumpfe Segge
Carex sempervirens,,Band 2 (1900),icon 135,http://www.biolib.de/sturm/flora02/high/IMG_8804.jpg,http://www.biolib.de/sturm/flora02/high/IMG_8804.html,composite: 2 Latin names indexed on this page; page type by screen image 810x1200: colour plate page (portrait); German names indexed on this page: Dauer-Segge; Wald-Segge
Carex silvatica,,Band 2 (1900),icon 135,http://www.biolib.de/sturm/flora02/high/IMG_8804.jpg,http://www.biolib.de/sturm/flora02/high/IMG_8804.html,composite: 2 Latin names indexed on this page; page type by screen image 810x1200: colour plate page (portrait); German names indexed on this page: Dauer-Segge; Wald-Segge
Carex sparsiflora,,Band 2 (1900),icon 127,http://www.biolib.de/sturm/flora02/high/IMG_8796.jpg,http://www.biolib.de/sturm/flora02/high/IMG_8796.html,composite: 2 Latin names indexed on this page; page type by screen image 814x1200: colour plate page (portrait); German names indexed on this page: Hirsen-Segge; Scheiden-Segge
Carex stricta,Steife Segge,Band 2 (1900),icon 118,http://www.biolib.de/sturm/flora02/high/IMG_8787.jpg,http://www.biolib.de/sturm/flora02/high/IMG_8787.html,page type by screen image 810x1200: colour plate page (portrait)
Carex strigosa,,Band 2 (1900),icon 128,http://www.biolib.de/sturm/flora02/high/IMG_8797.jpg,http://www.biolib.de/sturm/flora02/high/IMG_8797.html,composite: 2 Latin names indexed on this page; page type by screen image 805x1200: colour plate page (portrait); German names indexed on this page: Grosse Segge; Schlanke Segge
Carex supina,,Band 2 (1900),icon 123,http://www.biolib.de/sturm/flora02/high/IMG_8792.jpg,http://www.biolib.de/sturm/flora02/high/IMG_8792.html,composite: 2 Latin names indexed on this page; page type by screen image 810x1200: colour plate page (portrait); German names indexed on this page: Hügel-Segge; Lauch-Segge
Carex teretiuscula,,Band 2 (1900),icon 111,http://www.biolib.de/sturm/flora02/high/IMG_8780.jpg,http://www.biolib.de/sturm/flora02/high/IMG_8780.html,page type by screen image 805x1200: colour plate page (portrait); German names indexed on this page: Draht-Segge; Winkel-Segge
Carex tomentosa,,Band 2 (1900),icon 129,http://www.biolib.de/sturm/flora02/high/IMG_8798.jpg,http://www.biolib.de/sturm/flora02/high/IMG_8798.html,composite: 2 Latin names indexed on this page; page type by screen image 812x1200: colour plate page (portrait); German names indexed on this page: Bleiche Segge; Filz-Segge
Carex umbrosa,,Band 2 (1900),icon 133,http://www.biolib.de/sturm/flora02/high/IMG_8802.jpg,http://www.biolib.de/sturm/flora02/high/IMG_8802.html,composite: 2 Latin names indexed on this page; page type by screen image 810x1200: colour plate page (portrait); German names indexed on this page: Erd-Segge; Schatten-Segge
Carex verna,,Band 2 (1900),icon 132,http://www.biolib.de/sturm/flora02/high/IMG_8801.jpg,http://www.biolib.de/sturm/flora02/high/IMG_8801.html,composite: 2 Latin names indexed on this page; page type by screen image 810x1200: colour plate page (portrait); German names indexed on this page: Berg-Segge; Frühlings-Segge
Carex vesicaria,,Band 2 (1900),icon 144,http://www.biolib.de/sturm/flora02/high/IMG_8813.jpg,http://www.biolib.de/sturm/flora02/high/IMG_8813.html,composite: 2 Latin names indexed on this page; page type by screen image 847x1200: colour plate page (portrait); German names indexed on this page: Blasen-Segge; Sumpf-Segge
Carex virens,,Band 2 (1900),icon 110,http://www.biolib.de/sturm/flora02/high/IMG_8779.jpg,http://www.biolib.de/sturm/flora02/high/IMG_8779.html,composite: 2 Latin names indexed on this page; page type by screen image 805x1200: colour plate page (portrait); German names indexed on this page: Grüne Segge; Stachelköpfige Segge
Carex vulpina,,Band 2 (1900),icon 109,http://www.biolib.de/sturm/flora02/high/IMG_8778.jpg,http://www.biolib.de/sturm/flora02/high/IMG_8778.html,composite: 2 Latin names indexed on this page; page type by screen image 811x1200: colour plate page (portrait); German names indexed on this page: Fuchs-Segge; Waldhaar
Cladium mariscus,Schneide,Band 2 (1900),icon 101,http://www.biolib.de/sturm/flora02/high/IMG_8770.jpg,http://www.biolib.de/sturm/flora02/high/IMG_8770.html,page type by screen image 805x1200: colour plate page (portrait)
Cyperus badius,,Band 2 (1900),icon 85,http://www.biolib.de/sturm/flora02/high/IMG_8754.jpg,http://www.biolib.de/sturm/flora02/high/IMG_8754.html,composite: 2 Latin names indexed on this page; page type by screen image 811x1200: colour plate page (portrait); German names indexed on this page: Kastanienbraunes Cyperngras; Langes Cyperngras
Cyperus caespitosus,,Band 2 (1900),icon 88,http://www.biolib.de/sturm/flora02/high/IMG_8757.jpg,http://www.biolib.de/sturm/flora02/high/IMG_8757.html,composite: 2 Latin names indexed on this page; page type by screen image 811x1200: colour plate page (portrait); German names indexed on this page: Nadel-Simse;Sasen-Simse
Cyperus compressus,,Band 2 (1900),icon 96,http://www.biolib.de/sturm/flora02/high/IMG_8765.jpg,http://www.biolib.de/sturm/flora02/high/IMG_8765.html,composite: 2 Latin names indexed on this page; page type by screen image 800x1200: colour plate page (portrait); German names indexed on this page: Braune Simse; Platte Simse
Cyperus fluitans,,Band 2 (1900),icon 90,http://www.biolib.de/sturm/flora02/high/IMG_8759.jpg,http://www.biolib.de/sturm/flora02/high/IMG_8759.html,composite: 2 Latin names indexed on this page; page type by screen image 808x1200: colour plate page (portrait); German names indexed on this page: Borsten-Simse; Flutende Simse
Cyperus fuscus,,Band 2 (1900),icon 84,http://www.biolib.de/sturm/flora02/high/IMG_8753.jpg,http://www.biolib.de/sturm/flora02/high/IMG_8753.html,composite: 2 Latin names indexed on this page; page type by screen image 800x1200: colour plate page (portrait); German names indexed on this page: Braunes Cypergras; Micheli's Cyperngras
Cyperus holoschonus,,Band 2 (1900),icon 94,http://www.biolib.de/sturm/flora02/high/IMG_8763.jpg,http://www.biolib.de/sturm/flora02/high/IMG_8763.html,composite: 2 Latin names indexed on this page; page type by screen image 798x1200: colour plate page (portrait); German names indexed on this page: Kugel-Simse; Strand-Simse
Cyperus lacustris,,Band 2 (1900),icon 92,http://www.biolib.de/sturm/flora02/high/IMG_8761.jpg,http://www.biolib.de/sturm/flora02/high/IMG_8761.html,composite: 2 Latin names indexed on this page; page type by screen image 815x1200: colour plate page (portrait); German names indexed on this page: Teich-Simse
Cyperus lacustris X triqueter,,Band 2 (1900),icon 92,http://www.biolib.de/sturm/flora02/high/IMG_8761.jpg,http://www.biolib.de/sturm/flora02/high/IMG_8761.html,composite: 2 Latin names indexed on this page; page type by screen image 815x1200: colour plate page (portrait); German names indexed on this page: Teich-Simse
Cyperus longus,,Band 2 (1900),icon 85,http://www.biolib.de/sturm/flora02/high/IMG_8754.jpg,http://www.biolib.de/sturm/flora02/high/IMG_8754.html,composite: 2 Latin names indexed on this page; page type by screen image 811x1200: colour plate page (portrait); German names indexed on this page: Kastanienbraunes Cyperngras; Langes Cyperngras
Cyperus maritimus,,Band 2 (1900),icon 94,http://www.biolib.de/sturm/flora02/high/IMG_8763.jpg,http://www.biolib.de/sturm/flora02/high/IMG_8763.html,composite: 2 Latin names indexed on this page; page type by screen image 798x1200: colour plate page (portrait); German names indexed on this page: Kugel-Simse; Strand-Simse
Cyperus michelianus,,Band 2 (1900),icon 84,http://www.biolib.de/sturm/flora02/high/IMG_8753.jpg,http://www.biolib.de/sturm/flora02/high/IMG_8753.html,composite: 2 Latin names indexed on this page; page type by screen image 800x1200: colour plate page (portrait); German names indexed on this page: Braunes Cypergras; Micheli's Cyperngras
Cyperus mucronaus,,Band 2 (1900),icon 91,http://www.biolib.de/sturm/flora02/high/IMG_8760.jpg,http://www.biolib.de/sturm/flora02/high/IMG_8760.html,composite: 2 Latin names indexed on this page; page type by screen image 805x1200: colour plate page (portrait); German names indexed on this page: Dolch-Simse; Lager-Simse
Cyperus multicaulis,,Band 2 (1900),icon 87,http://www.biolib.de/sturm/flora02/high/IMG_8756.jpg,http://www.biolib.de/sturm/flora02/high/IMG_8756.html,composite: 2 Latin names indexed on this page; page type by screen image 822x1200: colour plate page (portrait); German names indexed on this page: Büschel-Simse; Köpfchen-Simse
Cyperus ovatus,,Band 2 (1900),icon 87,http://www.biolib.de/sturm/flora02/high/IMG_8756.jpg,http://www.biolib.de/sturm/flora02/high/IMG_8756.html,composite: 2 Latin names indexed on this page; page type by screen image 822x1200: colour plate page (portrait); German names indexed on this page: Büschel-Simse; Köpfchen-Simse
Cyperus paluster,,Band 2 (1900),icon 86,http://www.biolib.de/sturm/flora02/high/IMG_8755.jpg,http://www.biolib.de/sturm/flora02/high/IMG_8755.html,composite: 2 Latin names indexed on this page; page type by screen image 805x1200: colour plate page (portrait); German names indexed on this page: Schlanke Simse; Sumpf-Simse
Cyperus parvulus,,Band 2 (1900),icon 89,http://www.biolib.de/sturm/flora02/high/IMG_8758.jpg,http://www.biolib.de/sturm/flora02/high/IMG_8758.html,composite: 2 Latin names indexed on this page; page type by screen image 805x1200: colour plate page (portrait); German names indexed on this page: Torf-Simse; Zwerg-Simse
Cyperus pauciflorus,,Band 2 (1900),icon 89,http://www.biolib.de/sturm/flora02/high/IMG_8758.jpg,http://www.biolib.de/sturm/flora02/high/IMG_8758.html,composite: 2 Latin names indexed on this page; page type by screen image 805x1200: colour plate page (portrait); German names indexed on this page: Torf-Simse; Zwerg-Simse
Cyperus pungens,,Band 2 (1900),icon 93,http://www.biolib.de/sturm/flora02/high/IMG_8762.jpg,http://www.biolib.de/sturm/flora02/high/IMG_8762.html,composite: 2 Latin names indexed on this page; page type by screen image 803x1200: colour plate page (portrait); German names indexed on this page: Kanten-Simse; Stechende Simse
Cyperus radicans,,Band 2 (1900),icon 95,http://www.biolib.de/sturm/flora02/high/IMG_8764.jpg,http://www.biolib.de/sturm/flora02/high/IMG_8764.html,composite: 2 Latin names indexed on this page; page type by screen image 810x1200: colour plate page (portrait); German names indexed on this page: Wald-Simse; Wurzel-Simse
Cyperus rufus,,Band 2 (1900),icon 96,http://www.biolib.de/sturm/flora02/high/IMG_8765.jpg,http://www.biolib.de/sturm/flora02/high/IMG_8765.html,composite: 2 Latin names indexed on this page; page type by screen image 800x1200: colour plate page (portrait); German names indexed on this page: Braune Simse; Platte Simse
Cyperus scicularis,,Band 2 (1900),icon 88,http://www.biolib.de/sturm/flora02/high/IMG_8757.jpg,http://www.biolib.de/sturm/flora02/high/IMG_8757.html,composite: 2 Latin names indexed on this page; page type by screen image 811x1200: colour plate page (portrait); German names indexed on this page: Nadel-Simse;Sasen-Simse
Cyperus setaceus,,Band 2 (1900),icon 90,http://www.biolib.de/sturm/flora02/high/IMG_8759.jpg,http://www.biolib.de/sturm/flora02/high/IMG_8759.html,composite: 2 Latin names indexed on this page; page type by screen image 808x1200: colour plate page (portrait); German names indexed on this page: Borsten-Simse; Flutende Simse
Cyperus silvaticus,,Band 2 (1900),icon 95,http://www.biolib.de/sturm/flora02/high/IMG_8764.jpg,http://www.biolib.de/sturm/flora02/high/IMG_8764.html,composite: 2 Latin names indexed on this page; page type by screen image 810x1200: colour plate page (portrait); German names indexed on this page: Wald-Simse; Wurzel-Simse
Cyperus supinus,,Band 2 (1900),icon 91,http://www.biolib.de/sturm/flora02/high/IMG_8760.jpg,http://www.biolib.de/sturm/flora02/high/IMG_8760.html,composite: 2 Latin names indexed on this page; page type by screen image 805x1200: colour plate page (portrait); German names indexed on this page: Dolch-Simse; Lager-Simse
Cyperus triqueter,,Band 2 (1900),icon 93,http://www.biolib.de/sturm/flora02/high/IMG_8762.jpg,http://www.biolib.de/sturm/flora02/high/IMG_8762.html,composite: 2 Latin names indexed on this page; page type by screen image 803x1200: colour plate page (portrait); German names indexed on this page: Kanten-Simse; Stechende Simse
Cyperus uniglumis,,Band 2 (1900),icon 86,http://www.biolib.de/sturm/flora02/high/IMG_8755.jpg,http://www.biolib.de/sturm/flora02/high/IMG_8755.html,composite: 2 Latin names indexed on this page; page type by screen image 805x1200: colour plate page (portrait); German names indexed on this page: Schlanke Simse; Sumpf-Simse
Cyprerus flavescens,Gelbes Cypergras,Band 2 (1900),icon 83,http://www.biolib.de/sturm/flora02/high/IMG_8752.jpg,http://www.biolib.de/sturm/flora02/high/IMG_8752.html,page type by screen image 808x1200: colour plate page (portrait)
Eriophorum alpinum,,Band 2 (1900),icon 97,http://www.biolib.de/sturm/flora02/high/IMG_8766.jpg,http://www.biolib.de/sturm/flora02/high/IMG_8766.html,composite: 2 Latin names indexed on this page; page type by screen image 805x1200: colour plate page (portrait); German names indexed on this page: Alpen-Wollgras; Scheiden-Wollgras
Eriophorum gracile,,Band 2 (1900),icon 99,http://www.biolib.de/sturm/flora02/high/IMG_8768.jpg,http://www.biolib.de/sturm/flora02/high/IMG_8768.html,composite: 2 Latin names indexed on this page; page type by screen image 805x1200: colour plate page (portrait); German names indexed on this page: Breitblättriges Wollgras; Schlankes Wollgras
Eriophorum latifolium,,Band 2 (1900),icon 99,http://www.biolib.de/sturm/flora02/high/IMG_8768.jpg,http://www.biolib.de/sturm/flora02/high/IMG_8768.html,composite: 2 Latin names indexed on this page; page type by screen image 805x1200: colour plate page (portrait); German names indexed on this page: Breitblättriges Wollgras; Schlankes Wollgras
Eriophorum vaginatum,,Band 2 (1900),icon 97,http://www.biolib.de/sturm/flora02/high/IMG_8766.jpg,http://www.biolib.de/sturm/flora02/high/IMG_8766.html,composite: 2 Latin names indexed on this page; page type by screen image 805x1200: colour plate page (portrait); German names indexed on this page: Alpen-Wollgras; Scheiden-Wollgras
Eriphorum polystachyum,,Band 2 (1900),icon 98,http://www.biolib.de/sturm/flora02/high/IMG_8767.jpg,http://www.biolib.de/sturm/flora02/high/IMG_8767.html,composite: 2 Latin names indexed on this page; page type by screen image 805x1200: colour plate page (portrait); German names indexed on this page: Scheuchzer's Wollgras; Schmalblättriges Wollgras
Eriphorum scheuchzeri,,Band 2 (1900),icon 98,http://www.biolib.de/sturm/flora02/high/IMG_8767.jpg,http://www.biolib.de/sturm/flora02/high/IMG_8767.html,composite: 2 Latin names indexed on this page; page type by screen image 805x1200: colour plate page (portrait); German names indexed on this page: Scheuchzer's Wollgras; Schmalblättriges Wollgras
Rhynchospora alba,,Band 2 (1900),icon 102,http://www.biolib.de/sturm/flora02/high/IMG_8771.jpg,http://www.biolib.de/sturm/flora02/high/IMG_8771.html,composite: 2 Latin names indexed on this page; page type by screen image 810x1200: colour plate page (portrait); German names indexed on this page: Braune Schnabelsimse; Weisse Schnabelsimse
Rhynchospora fusca,,Band 2 (1900),icon 102,http://www.biolib.de/sturm/flora02/high/IMG_8771.jpg,http://www.biolib.de/sturm/flora02/high/IMG_8771.html,composite: 2 Latin names indexed on this page; page type by screen image 810x1200: colour plate page (portrait); German names indexed on this page: Braune Schnabelsimse; Weisse Schnabelsimse
Schoenus ferrungineus,,Band 2 (1900),icon 100,http://www.biolib.de/sturm/flora02/high/IMG_8769.jpg,http://www.biolib.de/sturm/flora02/high/IMG_8769.html,composite: 2 Latin names indexed on this page; page type by screen image 809x1200: colour plate page (portrait); German names indexed on this page: Braunes Knopfgras; Schwarzes Knopfgras
Schoenus nigricans,,Band 2 (1900),icon 100,http://www.biolib.de/sturm/flora02/high/IMG_8769.jpg,http://www.biolib.de/sturm/flora02/high/IMG_8769.html,composite: 2 Latin names indexed on this page; page type by screen image 809x1200: colour plate page (portrait); German names indexed on this page: Braunes Knopfgras; Schwarzes Knopfgras
Agropyrum caninum,,Band 3 (1900),icon 140,http://www.biolib.de/sturm/flora03/high/0198.jpg,http://www.biolib.de/sturm/flora03/high/0198.html,composite: 3 Latin names indexed on this page; page type by screen image 527x800: colour plate page (portrait); German names indexed on this page: Binsen Quecke; Hunds-Quecke; Kriechende Quecke
Agropyrum junceum,,Band 3 (1900),icon 140,http://www.biolib.de/sturm/flora03/high/0198.jpg,http://www.biolib.de/sturm/flora03/high/0198.html,composite: 3 Latin names indexed on this page; page type by screen image 527x800: colour plate page (portrait); German names indexed on this page: Binsen Quecke; Hunds-Quecke; Kriechende Quecke
Agropyrum repens,,Band 3 (1900),icon 140,http://www.biolib.de/sturm/flora03/high/0198.jpg,http://www.biolib.de/sturm/flora03/high/0198.html,composite: 3 Latin names indexed on this page; page type by screen image 527x800: colour plate page (portrait); German names indexed on this page: Binsen Quecke; Hunds-Quecke; Kriechende Quecke
Agrostis canina,,Band 3 (1900),icon 103,http://www.biolib.de/sturm/flora03/high/0159.jpg,http://www.biolib.de/sturm/flora03/high/0159.html,composite: 2 Latin names indexed on this page; page type by screen image 457x800: colour plate page (portrait); German names indexed on this page: Felsen-Straussgras; Sumpf-Straussgras
Agrostis rupestris,,Band 3 (1900),icon 103,http://www.biolib.de/sturm/flora03/high/0159.jpg,http://www.biolib.de/sturm/flora03/high/0159.html,composite: 2 Latin names indexed on this page; page type by screen image 457x800: colour plate page (portrait); German names indexed on this page: Felsen-Straussgras; Sumpf-Straussgras
Aira caryophyllea,,Band 3 (1900),icon 106,http://www.biolib.de/sturm/flora03/high/0164.jpg,http://www.biolib.de/sturm/flora03/high/0164.html,composite: 3 Latin names indexed on this page; page type by screen image 487x800: colour plate page (portrait); German names indexed on this page: Nelkenhafer; Silbergras; Zwerghafer
Aira praecox,,Band 3 (1900),icon 106,http://www.biolib.de/sturm/flora03/high/0164.jpg,http://www.biolib.de/sturm/flora03/high/0164.html,composite: 3 Latin names indexed on this page; page type by screen image 487x800: colour plate page (portrait); German names indexed on this page: Nelkenhafer; Silbergras; Zwerghafer
Alopercurus agrestis,,Band 3 (1900),icon 102,http://www.biolib.de/sturm/flora03/high/0158.jpg,http://www.biolib.de/sturm/flora03/high/0158.html,composite: 4 Latin names indexed on this page; page type by screen image 461x800: colour plate page (portrait); German names indexed on this page: Acker-Fuchsschwanz; Knie-Fuchsschwanz; Rotgelber Fuchsschwanz; Schlauch-Fuchsschwanz
Alopercurus arundinaceus,,Band 3 (1900),icon 101,http://www.biolib.de/sturm/flora03/high/0157.jpg,http://www.biolib.de/sturm/flora03/high/0157.html,composite: 2 Latin names indexed on this page; page type by screen image 468x800: colour plate page (portrait); German names indexed on this page: Rohr-Fuchsschwanz; Wiesen-Fuchsschwanz
Alopercurus fulvus,,Band 3 (1900),icon 102,http://www.biolib.de/sturm/flora03/high/0158.jpg,http://www.biolib.de/sturm/flora03/high/0158.html,composite: 4 Latin names indexed on this page; page type by screen image 461x800: colour plate page (portrait); German names indexed on this page: Acker-Fuchsschwanz; Knie-Fuchsschwanz; Rotgelber Fuchsschwanz; Schlauch-Fuchsschwanz
Alopercurus geniculatus,,Band 3 (1900),icon 102,http://www.biolib.de/sturm/flora03/high/0158.jpg,http://www.biolib.de/sturm/flora03/high/0158.html,composite: 4 Latin names indexed on this page; page type by screen image 461x800: colour plate page (portrait); German names indexed on this page: Acker-Fuchsschwanz; Knie-Fuchsschwanz; Rotgelber Fuchsschwanz; Schlauch-Fuchsschwanz
Alopercurus pratensis,,Band 3 (1900),icon 101,http://www.biolib.de/sturm/flora03/high/0157.jpg,http://www.biolib.de/sturm/flora03/high/0157.html,composite: 2 Latin names indexed on this page; page type by screen image 468x800: colour plate page (portrait); German names indexed on this page: Rohr-Fuchsschwanz; Wiesen-Fuchsschwanz
Alopercurus utriculatus,,Band 3 (1900),icon 102,http://www.biolib.de/sturm/flora03/high/0158.jpg,http://www.biolib.de/sturm/flora03/high/0158.html,composite: 4 Latin names indexed on this page; page type by screen image 461x800: colour plate page (portrait); German names indexed on this page: Acker-Fuchsschwanz; Knie-Fuchsschwanz; Rotgelber Fuchsschwanz; Schlauch-Fuchsschwanz
Andropogon ischaemon,,Band 3 (1900),icon 91,http://www.biolib.de/sturm/flora03/high/0147.jpg,http://www.biolib.de/sturm/flora03/high/0147.html,composite: 2 Latin names indexed on this page; page type by screen image 496x800: colour plate page (portrait); German names indexed on this page: Bartgras; Klettengras
Anthoxanthum odoratum,,Band 3 (1900),icon 96,http://www.biolib.de/sturm/flora03/high/0152.jpg,http://www.biolib.de/sturm/flora03/high/0152.html,composite: 2 Latin names indexed on this page; page type by screen image 492x800: colour plate page (portrait); German names indexed on this page: Kanariengras; Ruchgras
Apera spica-venti,,Band 3 (1900),icon 105,http://www.biolib.de/sturm/flora03/high/0163.jpg,http://www.biolib.de/sturm/flora03/high/0163.html,composite: 3 Latin names indexed on this page; page type by screen image 493x800: colour plate page (portrait); German names indexed on this page: Acker-Windhalm; Weiches Honiggras; Wolliges Honiggras
Arrhenatherum elatius,,Band 3 (1900),icon 110,http://www.biolib.de/sturm/flora03/high/0168.jpg,http://www.biolib.de/sturm/flora03/high/0168.html,composite: 2 Latin names indexed on this page; page type by screen image 476x800: colour plate page (portrait); German names indexed on this page: Franz. Raygras; Franzsisches Raygras; Hundszahn
Atropis distans,,Band 3 (1900),icon 125,http://www.biolib.de/sturm/flora03/high/0183.jpg,http://www.biolib.de/sturm/flora03/high/0183.html,composite: 2 Latin names indexed on this page; page type by screen image 521x800: colour plate page (portrait); German names indexed on this page: Meerstrands-Schwaden; Salz-Schwaden
Atropis maritima,,Band 3 (1900),icon 125,http://www.biolib.de/sturm/flora03/high/0183.jpg,http://www.biolib.de/sturm/flora03/high/0183.html,composite: 2 Latin names indexed on this page; page type by screen image 521x800: colour plate page (portrait); German names indexed on this page: Meerstrands-Schwaden; Salz-Schwaden
Avena fatua,,Band 3 (1900),icon 108,http://www.biolib.de/sturm/flora03/high/0166.jpg,http://www.biolib.de/sturm/flora03/high/0166.html,composite: 3 Latin names indexed on this page; page type by screen image 496x800: colour plate page (portrait); German names indexed on this page: Flaumhafer; Flughafer; Wiesenhafer
Avena flavescens,,Band 3 (1900),icon 109,http://www.biolib.de/sturm/flora03/high/0167.jpg,http://www.biolib.de/sturm/flora03/high/0167.html,composite: 2 Latin names indexed on this page; page type by screen image 507x800: colour plate page (portrait); German names indexed on this page: Dünner Hafer; Goldhafer
Avena pratensis,,Band 3 (1900),icon 108,http://www.biolib.de/sturm/flora03/high/0166.jpg,http://www.biolib.de/sturm/flora03/high/0166.html,composite: 3 Latin names indexed on this page; page type by screen image 496x800: colour plate page (portrait); German names indexed on this page: Flaumhafer; Flughafer; Wiesenhafer
Avena pubescens,,Band 3 (1900),icon 108,http://www.biolib.de/sturm/flora03/high/0166.jpg,http://www.biolib.de/sturm/flora03/high/0166.html,composite: 3 Latin names indexed on this page; page type by screen image 496x800: colour plate page (portrait); German names indexed on this page: Flaumhafer; Flughafer; Wiesenhafer
Avena tenuis,,Band 3 (1900),icon 109,http://www.biolib.de/sturm/flora03/high/0167.jpg,http://www.biolib.de/sturm/flora03/high/0167.html,composite: 2 Latin names indexed on this page; page type by screen image 507x800: colour plate page (portrait); German names indexed on this page: Dünner Hafer; Goldhafer
Brachypodium pinnatum,,Band 3 (1900),icon 137,http://www.biolib.de/sturm/flora03/high/0195.jpg,http://www.biolib.de/sturm/flora03/high/0195.html,composite: 3 Latin names indexed on this page; page type by screen image 510x800: colour plate page (portrait); German names indexed on this page: Borstengras; Fieder-Zwenke; Wald-Zwenke
Brachypodium silvaticum,,Band 3 (1900),icon 137,http://www.biolib.de/sturm/flora03/high/0195.jpg,http://www.biolib.de/sturm/flora03/high/0195.html,composite: 3 Latin names indexed on this page; page type by screen image 510x800: colour plate page (portrait); German names indexed on this page: Borstengras; Fieder-Zwenke; Wald-Zwenke
Briza media,,Band 3 (1900),icon 115,http://www.biolib.de/sturm/flora03/high/0173.jpg,http://www.biolib.de/sturm/flora03/high/0173.html,composite: 2 Latin names indexed on this page; page type by screen image 477x800: colour plate page (portrait); German names indexed on this page: Einblütiges Perlgras; Zittergras
Bromus arvensis,,Band 3 (1900),icon 135,http://www.biolib.de/sturm/flora03/high/0193.jpg,http://www.biolib.de/sturm/flora03/high/0193.html,composite: 3 Latin names indexed on this page; page type by screen image 526x800: colour plate page (portrait); German names indexed on this page: Acker-Trespe; Anger-Trespe; Trauben-Trespe
Bromus asper,,Band 3 (1900),icon 132,http://www.biolib.de/sturm/flora03/high/0190.jpg,http://www.biolib.de/sturm/flora03/high/0190.html,composite: 2 Latin names indexed on this page; page type by screen image 529x800: colour plate page (portrait); German names indexed on this page: Berg-Trespe; Wald-Trespe
Bromus commutatus,,Band 3 (1900),icon 135,http://www.biolib.de/sturm/flora03/high/0193.jpg,http://www.biolib.de/sturm/flora03/high/0193.html,composite: 3 Latin names indexed on this page; page type by screen image 526x800: colour plate page (portrait); German names indexed on this page: Acker-Trespe; Anger-Trespe; Trauben-Trespe
Bromus erectus,,Band 3 (1900),icon 132,http://www.biolib.de/sturm/flora03/high/0190.jpg,http://www.biolib.de/sturm/flora03/high/0190.html,composite: 2 Latin names indexed on this page; page type by screen image 529x800: colour plate page (portrait); German names indexed on this page: Berg-Trespe; Wald-Trespe
Bromus inermis,,Band 3 (1900),icon 133,http://www.biolib.de/sturm/flora03/high/0191.jpg,http://www.biolib.de/sturm/flora03/high/0191.html,composite: 2 Latin names indexed on this page; page type by screen image 529x800: colour plate page (portrait); German names indexed on this page: Taube Trespe; Wehrlose Trespe
Bromus mollis,,Band 3 (1900),icon 136,http://www.biolib.de/sturm/flora03/high/0194.jpg,http://www.biolib.de/sturm/flora03/high/0194.html,composite: 3 Latin names indexed on this page; page type by screen image 534x800: colour plate page (portrait); German names indexed on this page: Flatter-Trespe; Sperrige Trespe; Weiche Trespe
Bromus patulus,,Band 3 (1900),icon 136,http://www.biolib.de/sturm/flora03/high/0194.jpg,http://www.biolib.de/sturm/flora03/high/0194.html,composite: 3 Latin names indexed on this page; page type by screen image 534x800: colour plate page (portrait); German names indexed on this page: Flatter-Trespe; Sperrige Trespe; Weiche Trespe
Bromus racemosus,,Band 3 (1900),icon 135,http://www.biolib.de/sturm/flora03/high/0193.jpg,http://www.biolib.de/sturm/flora03/high/0193.html,composite: 3 Latin names indexed on this page; page type by screen image 526x800: colour plate page (portrait); German names indexed on this page: Acker-Trespe; Anger-Trespe; Trauben-Trespe
Bromus secalinus,,Band 3 (1900),icon 134,http://www.biolib.de/sturm/flora03/high/0192.jpg,http://www.biolib.de/sturm/flora03/high/0192.html,composite: 2 Latin names indexed on this page; page type by screen image 533x800: colour plate page (portrait); German names indexed on this page: Dach-Trespe; Roggen-Trespe
Bromus squarrosus,,Band 3 (1900),icon 136,http://www.biolib.de/sturm/flora03/high/0194.jpg,http://www.biolib.de/sturm/flora03/high/0194.html,composite: 3 Latin names indexed on this page; page type by screen image 534x800: colour plate page (portrait); German names indexed on this page: Flatter-Trespe; Sperrige Trespe; Weiche Trespe
Bromus sterilis,,Band 3 (1900),icon 133,http://www.biolib.de/sturm/flora03/high/0191.jpg,http://www.biolib.de/sturm/flora03/high/0191.html,composite: 2 Latin names indexed on this page; page type by screen image 529x800: colour plate page (portrait); German names indexed on this page: Taube Trespe; Wehrlose Trespe
Bromus tectorum,,Band 3 (1900),icon 134,http://www.biolib.de/sturm/flora03/high/0192.jpg,http://www.biolib.de/sturm/flora03/high/0192.html,composite: 2 Latin names indexed on this page; page type by screen image 533x800: colour plate page (portrait); German names indexed on this page: Dach-Trespe; Roggen-Trespe
Calamagrostis lanceolata,,Band 3 (1900),icon 104,http://www.biolib.de/sturm/flora03/high/0160.jpg,http://www.biolib.de/sturm/flora03/high/0160.html,composite: 3 Latin names indexed on this page; page type by screen image 481x800: colour plate page (portrait); German names indexed on this page: Sandrohr; Uferrohr; Wiesenrohr
Calmagrostis epigeios,,Band 3 (1900),icon 104,http://www.biolib.de/sturm/flora03/high/0160.jpg,http://www.biolib.de/sturm/flora03/high/0160.html,composite: 3 Latin names indexed on this page; page type by screen image 481x800: colour plate page (portrait); German names indexed on this page: Sandrohr; Uferrohr; Wiesenrohr
Calmagrostis litorea,,Band 3 (1900),icon 104,http://www.biolib.de/sturm/flora03/high/0160.jpg,http://www.biolib.de/sturm/flora03/high/0160.html,composite: 3 Latin names indexed on this page; page type by screen image 481x800: colour plate page (portrait); German names indexed on this page: Sandrohr; Uferrohr; Wiesenrohr
Catabrosa aquatica,,Band 3 (1900),icon 113,http://www.biolib.de/sturm/flora03/high/0171.jpg,http://www.biolib.de/sturm/flora03/high/0171.html,composite: 3 Latin names indexed on this page; page type by screen image 485x800: colour plate page (portrait); German names indexed on this page: Kammerschmiele; Quellgras; Ritschgras
Corynephorus canescens,,Band 3 (1900),icon 106,http://www.biolib.de/sturm/flora03/high/0164.jpg,http://www.biolib.de/sturm/flora03/high/0164.html,composite: 3 Latin names indexed on this page; page type by screen image 487x800: colour plate page (portrait); German names indexed on this page: Nelkenhafer; Silbergras; Zwerghafer
Cynodon dactylon,,Band 3 (1900),icon 110,http://www.biolib.de/sturm/flora03/high/0168.jpg,http://www.biolib.de/sturm/flora03/high/0168.html,composite: 2 Latin names indexed on this page; page type by screen image 476x800: colour plate page (portrait); German names indexed on this page: Franz. Raygras; Franzsisches Raygras; Hundszahn
Cynosurus cristatus,,Band 3 (1900),icon 116,http://www.biolib.de/sturm/flora03/high/0174.jpg,http://www.biolib.de/sturm/flora03/high/0174.html,composite: 2 Latin names indexed on this page; page type by screen image 496x800: colour plate page (portrait); German names indexed on this page: Kammgras; Knäulgras
Dactylis gloerata,,Band 3 (1900),icon 116,http://www.biolib.de/sturm/flora03/high/0174.jpg,http://www.biolib.de/sturm/flora03/high/0174.html,composite: 2 Latin names indexed on this page; page type by screen image 496x800: colour plate page (portrait); German names indexed on this page: Kammgras; Knäulgras
Deschampsia caespitosa,,Band 3 (1900),icon 107,http://www.biolib.de/sturm/flora03/high/0165.jpg,http://www.biolib.de/sturm/flora03/high/0165.html,composite: 3 Latin names indexed on this page; page type by screen image 487x800: colour plate page (portrait); German names indexed on this page: Bunte Schmiele; Rasen-Schmiele; Wald-Schmiele
Deschampsia discolor,,Band 3 (1900),icon 107,http://www.biolib.de/sturm/flora03/high/0165.jpg,http://www.biolib.de/sturm/flora03/high/0165.html,composite: 3 Latin names indexed on this page; page type by screen image 487x800: colour plate page (portrait); German names indexed on this page: Bunte Schmiele; Rasen-Schmiele; Wald-Schmiele
Deschampsia flexuosa,,Band 3 (1900),icon 107,http://www.biolib.de/sturm/flora03/high/0165.jpg,http://www.biolib.de/sturm/flora03/high/0165.html,composite: 3 Latin names indexed on this page; page type by screen image 487x800: colour plate page (portrait); German names indexed on this page: Bunte Schmiele; Rasen-Schmiele; Wald-Schmiele
Elymus arenarius,,Band 3 (1900),icon 142,http://www.biolib.de/sturm/flora03/high/0200.jpg,http://www.biolib.de/sturm/flora03/high/0200.html,composite: 2 Latin names indexed on this page; page type by screen image 471x800: colour plate page (portrait); German names indexed on this page: Strandhafer; Wald-Gerste
Eragrostis pilosa,,Band 3 (1900),icon 112,http://www.biolib.de/sturm/flora03/high/0170.jpg,http://www.biolib.de/sturm/flora03/high/0170.html,composite: 3 Latin names indexed on this page; page type by screen image 459x800: colour plate page (portrait); German names indexed on this page: Behaartes Liebesgras; Dreizahn; Pfeifengras
Festuca amethystina,,Band 3 (1900),icon 129,http://www.biolib.de/sturm/flora03/high/0187.jpg,http://www.biolib.de/sturm/flora03/high/0187.html,composite: 3 Latin names indexed on this page; page type by screen image 522x800: colour plate page (portrait); German names indexed on this page: Amethyst-Schwingel; Borsten-Schwingel; Roter Schwingel
Festuca arundinacea,,Band 3 (1900),icon 131,http://www.biolib.de/sturm/flora03/high/0189.jpg,http://www.biolib.de/sturm/flora03/high/0189.html,composite: 3 Latin names indexed on this page; page type by screen image 520x800: colour plate page (portrait); German names indexed on this page: Rohr-Schwiegel; Wald-Schwiegel; Wiesen-Schwiegel
Festuca elatior,,Band 3 (1900),icon 131,http://www.biolib.de/sturm/flora03/high/0189.jpg,http://www.biolib.de/sturm/flora03/high/0189.html,composite: 3 Latin names indexed on this page; page type by screen image 520x800: colour plate page (portrait); German names indexed on this page: Rohr-Schwiegel; Wald-Schwiegel; Wiesen-Schwiegel
Festuca gigantea,,Band 3 (1900),icon 130,http://www.biolib.de/sturm/flora03/high/0188.jpg,http://www.biolib.de/sturm/flora03/high/0188.html,composite: 2 Latin names indexed on this page; page type by screen image 540x800: colour plate page (portrait); German names indexed on this page: Bunter Schwiegel; Riesen-Schwingel
Festuca heterophylla,,Band 3 (1900),icon 129,http://www.biolib.de/sturm/flora03/high/0187.jpg,http://www.biolib.de/sturm/flora03/high/0187.html,composite: 3 Latin names indexed on this page; page type by screen image 522x800: colour plate page (portrait); German names indexed on this page: Amethyst-Schwingel; Borsten-Schwingel; Roter Schwingel
Festuca lachenalii,,Band 3 (1900),icon 126,http://www.biolib.de/sturm/flora03/high/0184.jpg,http://www.biolib.de/sturm/flora03/high/0184.html,composite: 2 Latin names indexed on this page; page type by screen image 534x800: colour plate page (portrait); German names indexed on this page: Einfacher Schwinel; Liegender Schwingel
Festuca ovina,,Band 3 (1900),icon 128,http://www.biolib.de/sturm/flora03/high/0186.jpg,http://www.biolib.de/sturm/flora03/high/0186.html,composite: 2 Latin names indexed on this page; page type by screen image 525x800: colour plate page (portrait); German names indexed on this page: Schaf-Schwingel; Trespen-Schwingel
Festuca sciuroides,,Band 3 (1900),icon 128,http://www.biolib.de/sturm/flora03/high/0186.jpg,http://www.biolib.de/sturm/flora03/high/0186.html,composite: 2 Latin names indexed on this page; page type by screen image 525x800: colour plate page (portrait); German names indexed on this page: Schaf-Schwingel; Trespen-Schwingel
Festuca varia,,Band 3 (1900),icon 130,http://www.biolib.de/sturm/flora03/high/0188.jpg,http://www.biolib.de/sturm/flora03/high/0188.html,composite: 2 Latin names indexed on this page; page type by screen image 540x800: colour plate page (portrait); German names indexed on this page: Bunter Schwiegel; Riesen-Schwingel
Festucia silvatica,,Band 3 (1900),icon 131,http://www.biolib.de/sturm/flora03/high/0189.jpg,http://www.biolib.de/sturm/flora03/high/0189.html,composite: 3 Latin names indexed on this page; page type by screen image 520x800: colour plate page (portrait); German names indexed on this page: Rohr-Schwiegel; Wald-Schwiegel; Wiesen-Schwiegel
Festucus myuros,,Band 3 (1900),icon 127,http://www.biolib.de/sturm/flora03/high/0185.jpg,http://www.biolib.de/sturm/flora03/high/0185.html,composite: 2 Latin names indexed on this page; page type by screen image 524x800: colour plate page (portrait); German names indexed on this page: Mäuseschwanz-Schwingel; Starrer Schwingel
Festucus procumbens,,Band 3 (1900),icon 126,http://www.biolib.de/sturm/flora03/high/0184.jpg,http://www.biolib.de/sturm/flora03/high/0184.html,composite: 2 Latin names indexed on this page; page type by screen image 534x800: colour plate page (portrait); German names indexed on this page: Einfacher Schwinel; Liegender Schwingel
Fstuca rubra,,Band 3 (1900),icon 129,http://www.biolib.de/sturm/flora03/high/0187.jpg,http://www.biolib.de/sturm/flora03/high/0187.html,composite: 3 Latin names indexed on this page; page type by screen image 522x800: colour plate page (portrait); German names indexed on this page: Amethyst-Schwingel; Borsten-Schwingel; Roter Schwingel
Fstucua rigida,,Band 3 (1900),icon 127,http://www.biolib.de/sturm/flora03/high/0185.jpg,http://www.biolib.de/sturm/flora03/high/0185.html,composite: 2 Latin names indexed on this page; page type by screen image 524x800: colour plate page (portrait); German names indexed on this page: Mäuseschwanz-Schwingel; Starrer Schwingel
Glyceria aquatica,,Band 3 (1900),icon 123,http://www.biolib.de/sturm/flora03/high/0181.jpg,http://www.biolib.de/sturm/flora03/high/0181.html,composite: 2 Latin names indexed on this page; page type by screen image 523x800: colour plate page (portrait); German names indexed on this page: Schwingelschilf; Wasser-Süssgras
Glyceria fluitans,,Band 3 (1900),icon 124,http://www.biolib.de/sturm/flora03/high/0182.jpg,http://www.biolib.de/sturm/flora03/high/0182.html,composite: 2 Latin names indexed on this page; page type by screen image 528x800: colour plate page (portrait); German names indexed on this page: Faltiges Süssgras; Mannagras
Glyceria plicata,,Band 3 (1900),icon 124,http://www.biolib.de/sturm/flora03/high/0182.jpg,http://www.biolib.de/sturm/flora03/high/0182.html,composite: 2 Latin names indexed on this page; page type by screen image 528x800: colour plate page (portrait); German names indexed on this page: Faltiges Süssgras; Mannagras
Herdeum maritimum,,Band 3 (1900),icon 141,http://www.biolib.de/sturm/flora03/high/0199.jpg,http://www.biolib.de/sturm/flora03/high/0199.html,composite: 3 Latin names indexed on this page; page type by screen image 514x800: colour plate page (portrait); German names indexed on this page: Mäuse-Gerste; Roggen-Gerste; Strand-Gerste
Hierochloa australis,,Band 3 (1900),icon 97,http://www.biolib.de/sturm/flora03/high/0153.jpg,http://www.biolib.de/sturm/flora03/high/0153.html,composite: 2 Latin names indexed on this page; page type by screen image 490x800: colour plate page (portrait); German names indexed on this page: Darrgras; Mariengras
Hierochloa odorata,,Band 3 (1900),icon 97,http://www.biolib.de/sturm/flora03/high/0153.jpg,http://www.biolib.de/sturm/flora03/high/0153.html,composite: 2 Latin names indexed on this page; page type by screen image 490x800: colour plate page (portrait); German names indexed on this page: Darrgras; Mariengras
Holcus lanatus,,Band 3 (1900),icon 105,http://www.biolib.de/sturm/flora03/high/0163.jpg,http://www.biolib.de/sturm/flora03/high/0163.html,composite: 3 Latin names indexed on this page; page type by screen image 493x800: colour plate page (portrait); German names indexed on this page: Acker-Windhalm; Weiches Honiggras; Wolliges Honiggras
Holcus mollis,,Band 3 (1900),icon 105,http://www.biolib.de/sturm/flora03/high/0163.jpg,http://www.biolib.de/sturm/flora03/high/0163.html,composite: 3 Latin names indexed on this page; page type by screen image 493x800: colour plate page (portrait); German names indexed on this page: Acker-Windhalm; Weiches Honiggras; Wolliges Honiggras
Hordeum murinum,,Band 3 (1900),icon 141,http://www.biolib.de/sturm/flora03/high/0199.jpg,http://www.biolib.de/sturm/flora03/high/0199.html,composite: 3 Latin names indexed on this page; page type by screen image 514x800: colour plate page (portrait); German names indexed on this page: Mäuse-Gerste; Roggen-Gerste; Strand-Gerste
Hordeum secalinum,,Band 3 (1900),icon 141,http://www.biolib.de/sturm/flora03/high/0199.jpg,http://www.biolib.de/sturm/flora03/high/0199.html,composite: 3 Latin names indexed on this page; page type by screen image 514x800: colour plate page (portrait); German names indexed on this page: Mäuse-Gerste; Roggen-Gerste; Strand-Gerste
Hordeum silvaticum,,Band 3 (1900),icon 142,http://www.biolib.de/sturm/flora03/high/0200.jpg,http://www.biolib.de/sturm/flora03/high/0200.html,composite: 2 Latin names indexed on this page; page type by screen image 471x800: colour plate page (portrait); German names indexed on this page: Strandhafer; Wald-Gerste
Koeleria cristata,,Band 3 (1900),icon 113,http://www.biolib.de/sturm/flora03/high/0171.jpg,http://www.biolib.de/sturm/flora03/high/0171.html,composite: 3 Latin names indexed on this page; page type by screen image 485x800: colour plate page (portrait); German names indexed on this page: Kammerschmiele; Quellgras; Ritschgras
Koeleria glauca,,Band 3 (1900),icon 113,http://www.biolib.de/sturm/flora03/high/0171.jpg,http://www.biolib.de/sturm/flora03/high/0171.html,composite: 3 Latin names indexed on this page; page type by screen image 485x800: colour plate page (portrait); German names indexed on this page: Kammerschmiele; Quellgras; Ritschgras
Leersia oryzoides,,Band 3 (1900),icon 95,http://www.biolib.de/sturm/flora03/high/0151.jpg,http://www.biolib.de/sturm/flora03/high/0151.html,composite: 2 Latin names indexed on this page; page type by screen image 491x800: colour plate page (portrait); German names indexed on this page: Glanzgras; Reisgras
Lepturus incurvatus,,Band 3 (1900),icon 139,http://www.biolib.de/sturm/flora03/high/0197.jpg,http://www.biolib.de/sturm/flora03/high/0197.html,composite: 2 Latin names indexed on this page; page type by screen image 516x800: colour plate page (portrait); German names indexed on this page: Dünnschwanz; Englisches Raygras; Schwingel-Lolch
Lolium multiflorum,,Band 3 (1900),icon 138,http://www.biolib.de/sturm/flora03/high/0196.jpg,http://www.biolib.de/sturm/flora03/high/0196.html,composite: 2 Latin names indexed on this page; page type by screen image 533x800: colour plate page (portrait); German names indexed on this page: Italienisches Raygras; Taumel-Lolch
Lolium perenne,,Band 3 (1900),icon 139,http://www.biolib.de/sturm/flora03/high/0197.jpg,http://www.biolib.de/sturm/flora03/high/0197.html,composite: 2 Latin names indexed on this page; page type by screen image 516x800: colour plate page (portrait); German names indexed on this page: Dünnschwanz; Englisches Raygras; Schwingel-Lolch
Lolium temulentum,,Band 3 (1900),icon 138,http://www.biolib.de/sturm/flora03/high/0196.jpg,http://www.biolib.de/sturm/flora03/high/0196.html,composite: 2 Latin names indexed on this page; page type by screen image 533x800: colour plate page (portrait); German names indexed on this page: Italienisches Raygras; Taumel-Lolch
Melica ciliata,,Band 3 (1900),icon 114,http://www.biolib.de/sturm/flora03/high/0172.jpg,http://www.biolib.de/sturm/flora03/high/0172.html,composite: 2 Latin names indexed on this page; page type by screen image 470x800: colour plate page (portrait); German names indexed on this page: Nickendes Perlgras; Wimper-Perlgras
Melica nutans,,Band 3 (1900),icon 114,http://www.biolib.de/sturm/flora03/high/0172.jpg,http://www.biolib.de/sturm/flora03/high/0172.html,composite: 2 Latin names indexed on this page; page type by screen image 470x800: colour plate page (portrait); German names indexed on this page: Nickendes Perlgras; Wimper-Perlgras
Melica uniflora,,Band 3 (1900),icon 115,http://www.biolib.de/sturm/flora03/high/0173.jpg,http://www.biolib.de/sturm/flora03/high/0173.html,composite: 2 Latin names indexed on this page; page type by screen image 477x800: colour plate page (portrait); German names indexed on this page: Einblütiges Perlgras; Zittergras
Milium effusum,,Band 3 (1900),icon 99,http://www.biolib.de/sturm/flora03/high/0155.jpg,http://www.biolib.de/sturm/flora03/high/0155.html,composite: 2 Latin names indexed on this page; page type by screen image 497x800: colour plate page (portrait); German names indexed on this page: Flattergras; Sand-Lieschgras
Molinia coerulea,,Band 3 (1900),icon 112,http://www.biolib.de/sturm/flora03/high/0170.jpg,http://www.biolib.de/sturm/flora03/high/0170.html,composite: 3 Latin names indexed on this page; page type by screen image 459x800: colour plate page (portrait); German names indexed on this page: Behaartes Liebesgras; Dreizahn; Pfeifengras
Nardus stricta,,Band 3 (1900),icon 137,http://www.biolib.de/sturm/flora03/high/0195.jpg,http://www.biolib.de/sturm/flora03/high/0195.html,composite: 3 Latin names indexed on this page; page type by screen image 510x800: colour plate page (portrait); German names indexed on this page: Borstengras; Fieder-Zwenke; Wald-Zwenke
Panicum crus galli,,Band 3 (1900),icon 93,http://www.biolib.de/sturm/flora03/high/0149.jpg,http://www.biolib.de/sturm/flora03/high/0149.html,composite: 2 Latin names indexed on this page; page type by screen image 514x800: colour plate page (portrait); German names indexed on this page: Hühnerhirse; Wirtel-Fennich
Panicum lineare,,Band 3 (1900),icon 92,http://www.biolib.de/sturm/flora03/high/0148.jpg,http://www.biolib.de/sturm/flora03/high/0148.html,composite: 2 Latin names indexed on this page; page type by screen image 494x800: colour plate page (portrait); German names indexed on this page: Bluthirse; Fadenhirse
Panicum sanguinale,,Band 3 (1900),icon 92,http://www.biolib.de/sturm/flora03/high/0148.jpg,http://www.biolib.de/sturm/flora03/high/0148.html,composite: 2 Latin names indexed on this page; page type by screen image 494x800: colour plate page (portrait); German names indexed on this page: Bluthirse; Fadenhirse
Phalaris arundinacea,,Band 3 (1900),icon 95,http://www.biolib.de/sturm/flora03/high/0151.jpg,http://www.biolib.de/sturm/flora03/high/0151.html,composite: 2 Latin names indexed on this page; page type by screen image 491x800: colour plate page (portrait); German names indexed on this page: Glanzgras; Reisgras
Phalaris canariensis,,Band 3 (1900),icon 96,http://www.biolib.de/sturm/flora03/high/0152.jpg,http://www.biolib.de/sturm/flora03/high/0152.html,composite: 2 Latin names indexed on this page; page type by screen image 492x800: colour plate page (portrait); German names indexed on this page: Kanariengras; Ruchgras
Phleum alpinum,,Band 3 (1900),icon 100,http://www.biolib.de/sturm/flora03/high/0156.jpg,http://www.biolib.de/sturm/flora03/high/0156.html,composite: 2 Latin names indexed on this page; page type by screen image 488x800: colour plate page (portrait); German names indexed on this page: Alpen-Lieschgras; Timotheusgras
Phleum arenarium,,Band 3 (1900),icon 99,http://www.biolib.de/sturm/flora03/high/0155.jpg,http://www.biolib.de/sturm/flora03/high/0155.html,composite: 2 Latin names indexed on this page; page type by screen image 497x800: colour plate page (portrait); German names indexed on this page: Flattergras; Sand-Lieschgras
Phleum pratense,,Band 3 (1900),icon 100,http://www.biolib.de/sturm/flora03/high/0156.jpg,http://www.biolib.de/sturm/flora03/high/0156.html,composite: 2 Latin names indexed on this page; page type by screen image 488x800: colour plate page (portrait); German names indexed on this page: Alpen-Lieschgras; Timotheusgras
Phragmites cummunis,,Band 3 (1900),icon 111,http://www.biolib.de/sturm/flora03/high/0169.jpg,http://www.biolib.de/sturm/flora03/high/0169.html,composite: 2 Latin names indexed on this page; page type by screen image 511x800: colour plate page (portrait); German names indexed on this page: Kopfgras; Schilfrohr
Poa alpina,,Band 3 (1900),icon 118,http://www.biolib.de/sturm/flora03/high/0176.jpg,http://www.biolib.de/sturm/flora03/high/0176.html,composite: 2 Latin names indexed on this page; page type by screen image 471x800: colour plate page (portrait); German names indexed on this page: Alpen-Rispengras; Schlaffes Rispengras
Poa annua,,Band 3 (1900),icon 117,http://www.biolib.de/sturm/flora03/high/0175.jpg,http://www.biolib.de/sturm/flora03/high/0175.html,composite: 2 Latin names indexed on this page; page type by screen image 503x800: colour plate page (portrait); German names indexed on this page: Einjähriges Rispengras; Knolliges Rispengras
Poa bulbosa,,Band 3 (1900),icon 117,http://www.biolib.de/sturm/flora03/high/0175.jpg,http://www.biolib.de/sturm/flora03/high/0175.html,composite: 2 Latin names indexed on this page; page type by screen image 503x800: colour plate page (portrait); German names indexed on this page: Einjähriges Rispengras; Knolliges Rispengras
Poa caesa,,Band 3 (1900),icon 119,http://www.biolib.de/sturm/flora03/high/0177.jpg,http://www.biolib.de/sturm/flora03/high/0177.html,composite: 2 Latin names indexed on this page; page type by screen image 515x800: colour plate page (portrait); German names indexed on this page: Felsen-Rispengras; Hain-Rispengras
Poa cenisia,,Band 3 (1900),icon 121,http://www.biolib.de/sturm/flora03/high/0179.jpg,http://www.biolib.de/sturm/flora03/high/0179.html,composite: 2 Latin names indexed on this page; page type by screen image 492x800: colour plate page (portrait); German names indexed on this page: Wald-Rispengras; Zweizeiliges Rispengras
Poa chaixi,,Band 3 (1900),icon 121,http://www.biolib.de/sturm/flora03/high/0179.jpg,http://www.biolib.de/sturm/flora03/high/0179.html,composite: 2 Latin names indexed on this page; page type by screen image 492x800: colour plate page (portrait); German names indexed on this page: Wald-Rispengras; Zweizeiliges Rispengras
Poa compressa,,Band 3 (1900),icon 120,http://www.biolib.de/sturm/flora03/high/0178.jpg,http://www.biolib.de/sturm/flora03/high/0178.html,composite: 2 Latin names indexed on this page; page type by screen image 472x800: colour plate page (portrait); German names indexed on this page: Plattes Rispengras; Sumpf-Rispengras
Poa laxa,,Band 3 (1900),icon 118,http://www.biolib.de/sturm/flora03/high/0176.jpg,http://www.biolib.de/sturm/flora03/high/0176.html,composite: 2 Latin names indexed on this page; page type by screen image 471x800: colour plate page (portrait); German names indexed on this page: Alpen-Rispengras; Schlaffes Rispengras
Poa nemoralis,,Band 3 (1900),icon 119,http://www.biolib.de/sturm/flora03/high/0177.jpg,http://www.biolib.de/sturm/flora03/high/0177.html,composite: 2 Latin names indexed on this page; page type by screen image 515x800: colour plate page (portrait); German names indexed on this page: Felsen-Rispengras; Hain-Rispengras
Poa pratensis,,Band 3 (1900),icon 122,http://www.biolib.de/sturm/flora03/high/0180.jpg,http://www.biolib.de/sturm/flora03/high/0180.html,composite: 2 Latin names indexed on this page; page type by screen image 508x800: colour plate page (portrait); German names indexed on this page: Gemeines Rispengras; Wiesen-Rispengras
Poa seroina,,Band 3 (1900),icon 120,http://www.biolib.de/sturm/flora03/high/0178.jpg,http://www.biolib.de/sturm/flora03/high/0178.html,composite: 2 Latin names indexed on this page; page type by screen image 472x800: colour plate page (portrait); German names indexed on this page: Plattes Rispengras; Sumpf-Rispengras
Poa trivialis,,Band 3 (1900),icon 122,http://www.biolib.de/sturm/flora03/high/0180.jpg,http://www.biolib.de/sturm/flora03/high/0180.html,composite: 2 Latin names indexed on this page; page type by screen image 508x800: colour plate page (portrait); German names indexed on this page: Gemeines Rispengras; Wiesen-Rispengras
Scolochloa festucacae,,Band 3 (1900),icon 123,http://www.biolib.de/sturm/flora03/high/0181.jpg,http://www.biolib.de/sturm/flora03/high/0181.html,composite: 2 Latin names indexed on this page; page type by screen image 523x800: colour plate page (portrait); German names indexed on this page: Schwingelschilf; Wasser-Süssgras
Sesleria coerulea,,Band 3 (1900),icon 111,http://www.biolib.de/sturm/flora03/high/0169.jpg,http://www.biolib.de/sturm/flora03/high/0169.html,composite: 2 Latin names indexed on this page; page type by screen image 511x800: colour plate page (portrait); German names indexed on this page: Kopfgras; Schilfrohr
Setaria glauca,,Band 3 (1900),icon 94,http://www.biolib.de/sturm/flora03/high/0150.jpg,http://www.biolib.de/sturm/flora03/high/0150.html,composite: 2 Latin names indexed on this page; page type by screen image 525x800: colour plate page (portrait); German names indexed on this page: Blaugrüner Fennich; Grüner Fennich
Setaria verticillata,,Band 3 (1900),icon 93,http://www.biolib.de/sturm/flora03/high/0149.jpg,http://www.biolib.de/sturm/flora03/high/0149.html,composite: 2 Latin names indexed on this page; page type by screen image 514x800: colour plate page (portrait); German names indexed on this page: Hühnerhirse; Wirtel-Fennich
Setaria viridis,,Band 3 (1900),icon 94,http://www.biolib.de/sturm/flora03/high/0150.jpg,http://www.biolib.de/sturm/flora03/high/0150.html,composite: 2 Latin names indexed on this page; page type by screen image 525x800: colour plate page (portrait); German names indexed on this page: Blaugrüner Fennich; Grüner Fennich
Stipa capillata,,Band 3 (1900),icon 98,http://www.biolib.de/sturm/flora03/high/0154.jpg,http://www.biolib.de/sturm/flora03/high/0154.html,composite: 2 Latin names indexed on this page; page type by screen image 477x800: colour plate page (portrait); German names indexed on this page: Federgras; Haargras
Stipa pennats,,Band 3 (1900),icon 98,http://www.biolib.de/sturm/flora03/high/0154.jpg,http://www.biolib.de/sturm/flora03/high/0154.html,composite: 2 Latin names indexed on this page; page type by screen image 477x800: colour plate page (portrait); German names indexed on this page: Federgras; Haargras
Tragus racemosus,,Band 3 (1900),icon 91,http://www.biolib.de/sturm/flora03/high/0147.jpg,http://www.biolib.de/sturm/flora03/high/0147.html,composite: 2 Latin names indexed on this page; page type by screen image 496x800: colour plate page (portrait); German names indexed on this page: Bartgras; Klettengras
Triodia decumbens,,Band 3 (1900),icon 112,http://www.biolib.de/sturm/flora03/high/0170.jpg,http://www.biolib.de/sturm/flora03/high/0170.html,composite: 3 Latin names indexed on this page; page type by screen image 459x800: colour plate page (portrait); German names indexed on this page: Behaartes Liebesgras; Dreizahn; Pfeifengras
Alisma anunculoides,Ranunkelfrüchtiger Froschlöffel,Band 4 (1905),icon 32,http://www.biolib.de/sturm/flora04/high/IMG_8868.jpg,http://www.biolib.de/sturm/flora04/high/IMG_8868.html,page type by screen image 1646x1200: text spread (landscape)
Alisma michaletii,Echter Froschlöffel,Band 4 (1905),icon 131,http://www.biolib.de/sturm/flora04/high/IMG_8967.jpg,http://www.biolib.de/sturm/flora04/high/IMG_8967.html,"page type not probed (portrait pages are colour plates, landscape are text spreads, in the pages probed)"
Alnus glutinosa,Schwarzer-Eller,Band 4 (1905),icon 165,http://www.biolib.de/sturm/flora04/high/IMG_9001.jpg,http://www.biolib.de/sturm/flora04/high/IMG_9001.html,"page type not probed (portrait pages are colour plates, landscape are text spreads, in the pages probed)"
Aristolochia clematitis,Echte Osterluzei,Band 4 (1905),icon 175,http://www.biolib.de/sturm/flora04/high/IMG_9011.jpg,http://www.biolib.de/sturm/flora04/high/IMG_9011.html,"page type not probed (portrait pages are colour plates, landscape are text spreads, in the pages probed)"
Asarum europaeum,Echte Haselwurz,Band 4 (1905),icon 176,http://www.biolib.de/sturm/flora04/high/IMG_9012.jpg,http://www.biolib.de/sturm/flora04/high/IMG_9012.html,"page type not probed (portrait pages are colour plates, landscape are text spreads, in the pages probed)"
Betula humilis,Niedrige Birke,Band 4 (1905),icon 87,http://www.biolib.de/sturm/flora04/high/IMG_8923.jpg,http://www.biolib.de/sturm/flora04/high/IMG_8923.html,"page type not probed (portrait pages are colour plates, landscape are text spreads, in the pages probed)"
Betula nana,Zwerg-Birke,Band 4 (1905),icon 88,http://www.biolib.de/sturm/flora04/high/IMG_8924.jpg,http://www.biolib.de/sturm/flora04/high/IMG_8924.html,"page type not probed (portrait pages are colour plates, landscape are text spreads, in the pages probed)"
Betula verrucosa,Grosse Birke,Band 4 (1905),icon 164,http://www.biolib.de/sturm/flora04/high/IMG_9000.jpg,http://www.biolib.de/sturm/flora04/high/IMG_9000.html,"page type not probed (portrait pages are colour plates, landscape are text spreads, in the pages probed)"
Butomus umbellatus,Blumenbinse,Band 4 (1905),icon 137,http://www.biolib.de/sturm/flora04/high/IMG_8973.jpg,http://www.biolib.de/sturm/flora04/high/IMG_8973.html,"page type not probed (portrait pages are colour plates, landscape are text spreads, in the pages probed)"
Cannabis generalis,Hanf,Band 4 (1905),icon 167,http://www.biolib.de/sturm/flora04/high/IMG_9003.jpg,http://www.biolib.de/sturm/flora04/high/IMG_9003.html,"page type not probed (portrait pages are colour plates, landscape are text spreads, in the pages probed)"
Carpinus betulus,Hagebuche,Band 4 (1905),icon 163,http://www.biolib.de/sturm/flora04/high/IMG_8999.jpg,http://www.biolib.de/sturm/flora04/high/IMG_8999.html,"page type not probed (portrait pages are colour plates, landscape are text spreads, in the pages probed)"
Castanea sativa,Echte Kastanie,Band 4 (1905),icon 90,http://www.biolib.de/sturm/flora04/high/IMG_8926.jpg,http://www.biolib.de/sturm/flora04/high/IMG_8926.html,"page type not probed (portrait pages are colour plates, landscape are text spreads, in the pages probed)"
Coralliorrhia innata,,Band 4 (1905),icon 15,http://www.biolib.de/sturm/flora04/high/IMG_8851.jpg,http://www.biolib.de/sturm/flora04/high/IMG_8851.html,composite: 2 Latin names indexed on this page; page type by screen image 1617x1200: text spread (landscape); German names indexed on this page: Hammarbye; Korallenwurz
Corylus avellana,Hasel,Band 4 (1905),icon 162,http://www.biolib.de/sturm/flora04/high/IMG_8998.jpg,http://www.biolib.de/sturm/flora04/high/IMG_8998.html,"page type not probed (portrait pages are colour plates, landscape are text spreads, in the pages probed)"
Cypripedium calceolus,Europäischer Frauenschuh,Band 4 (1905),icon 151,http://www.biolib.de/sturm/flora04/high/IMG_8987.jpg,http://www.biolib.de/sturm/flora04/high/IMG_8987.html,"page type not probed (portrait pages are colour plates, landscape are text spreads, in the pages probed)"
Epipactis latifolia,Echtes Germerblatt,Band 4 (1905),icon 9,http://www.biolib.de/sturm/flora04/high/IMG_8845.jpg,http://www.biolib.de/sturm/flora04/high/IMG_8845.html,page type by screen image 1680x1200: text spread (landscape)
Epipactis palustris,Sumpfwurz,Band 4 (1905),icon 148,http://www.biolib.de/sturm/flora04/high/IMG_8984.jpg,http://www.biolib.de/sturm/flora04/high/IMG_8984.html,"page type not probed (portrait pages are colour plates, landscape are text spreads, in the pages probed)"
Epipactis xiphophyllum,Langblättriges Waldvöglein,Band 4 (1905),icon 11,http://www.biolib.de/sturm/flora04/high/IMG_8847.jpg,http://www.biolib.de/sturm/flora04/high/IMG_8847.html,page type by screen image 1613x1200: text spread (landscape)
Epipogon generalis,Ohnblatt,Band 4 (1905),icon 146,http://www.biolib.de/sturm/flora04/high/IMG_8982.jpg,http://www.biolib.de/sturm/flora04/high/IMG_8982.html,"page type not probed (portrait pages are colour plates, landscape are text spreads, in the pages probed)"
Fagus silvatiea,Buche,Band 4 (1905),icon 95,http://www.biolib.de/sturm/flora04/high/IMG_8931.jpg,http://www.biolib.de/sturm/flora04/high/IMG_8931.html,"page type not probed (portrait pages are colour plates, landscape are text spreads, in the pages probed)"
Humulus lupulus,Echter Hopfen,Band 4 (1905),icon 168,http://www.biolib.de/sturm/flora04/high/IMG_9004.jpg,http://www.biolib.de/sturm/flora04/high/IMG_9004.html,"page type not probed (portrait pages are colour plates, landscape are text spreads, in the pages probed)"
Hydrocharis morsusranae,Froschbiss,Band 4 (1905),icon 136,http://www.biolib.de/sturm/flora04/high/IMG_8972.jpg,http://www.biolib.de/sturm/flora04/high/IMG_8972.html,"page type not probed (portrait pages are colour plates, landscape are text spreads, in the pages probed)"
Juglass regia,Echte Walnuss,Band 4 (1905),icon 59,http://www.biolib.de/sturm/flora04/high/IMG_8895.jpg,http://www.biolib.de/sturm/flora04/high/IMG_8895.html,page type by screen image 1643x1200: text spread (landscape)
Limodorum generale,Dingel,Band 4 (1905),icon 147,http://www.biolib.de/sturm/flora04/high/IMG_8983.jpg,http://www.biolib.de/sturm/flora04/high/IMG_8983.html,"page type not probed (portrait pages are colour plates, landscape are text spreads, in the pages probed)"
Loranthus europaeus,Eichen-Mispel,Band 4 (1905),icon 173,http://www.biolib.de/sturm/flora04/high/IMG_9009.jpg,http://www.biolib.de/sturm/flora04/high/IMG_9009.html,"page type not probed (portrait pages are colour plates, landscape are text spreads, in the pages probed)"
Malaxis loeselii,,Band 4 (1905),icon 14,http://www.biolib.de/sturm/flora04/high/IMG_8850.jpg,http://www.biolib.de/sturm/flora04/high/IMG_8850.html,composite: 2 Latin names indexed on this page; page type by screen image 1594x1200: text spread (landscape); German names indexed on this page: Einblatt; Sturmie
Malaxis monophyllos,,Band 4 (1905),icon 14,http://www.biolib.de/sturm/flora04/high/IMG_8850.jpg,http://www.biolib.de/sturm/flora04/high/IMG_8850.html,composite: 2 Latin names indexed on this page; page type by screen image 1594x1200: text spread (landscape); German names indexed on this page: Einblatt; Sturmie
Malaxis paludosa,,Band 4 (1905),icon 15,http://www.biolib.de/sturm/flora04/high/IMG_8851.jpg,http://www.biolib.de/sturm/flora04/high/IMG_8851.html,composite: 2 Latin names indexed on this page; page type by screen image 1617x1200: text spread (landscape); German names indexed on this page: Hammarbye; Korallenwurz
Morus nigra,Schwarze Maulbeere,Band 4 (1905),icon 169,http://www.biolib.de/sturm/flora04/high/IMG_9005.jpg,http://www.biolib.de/sturm/flora04/high/IMG_9005.html,"page type not probed (portrait pages are colour plates, landscape are text spreads, in the pages probed)"
Myrica gale,Echte Gagel,Band 4 (1905),icon 58,http://www.biolib.de/sturm/flora04/high/IMG_8894.jpg,http://www.biolib.de/sturm/flora04/high/IMG_8894.html,page type by screen image 1649x1200: text spread (landscape)
Najas major,Echte Najas,Band 4 (1905),icon 139,http://www.biolib.de/sturm/flora04/high/IMG_8975.jpg,http://www.biolib.de/sturm/flora04/high/IMG_8975.html,"page type not probed (portrait pages are colour plates, landscape are text spreads, in the pages probed)"
Neottia nidusavis,Vogelnest,Band 4 (1905),icon 12,http://www.biolib.de/sturm/flora04/high/IMG_8848.jpg,http://www.biolib.de/sturm/flora04/high/IMG_8848.html,page type by screen image 1663x1200: text spread (landscape)
Neottia ovata,Gemeines Zweiblatt,Band 4 (1905),icon 149,http://www.biolib.de/sturm/flora04/high/IMG_8985.jpg,http://www.biolib.de/sturm/flora04/high/IMG_8985.html,"page type not probed (portrait pages are colour plates, landscape are text spreads, in the pages probed)"
Ophrys muscifera,Muckenblume,Band 4 (1905),icon 145,http://www.biolib.de/sturm/flora04/high/IMG_8981.jpg,http://www.biolib.de/sturm/flora04/high/IMG_8981.html,"page type not probed (portrait pages are colour plates, landscape are text spreads, in the pages probed)"
Orchis anthropophora,,Band 4 (1905),icon 26,http://www.biolib.de/sturm/flora04/high/IMG_8862.jpg,http://www.biolib.de/sturm/flora04/high/IMG_8862.html,composite: 2 Latin names indexed on this page; page type by screen image 1632x1200: text spread (landscape); German names indexed on this page: Hängender Mann; Heide-Orchis
Orchis conopsea,Gewöhnliche Gymnadenie,Band 4 (1905),icon 144,http://www.biolib.de/sturm/flora04/high/IMG_8980.jpg,http://www.biolib.de/sturm/flora04/high/IMG_8980.html,"page type not probed (portrait pages are colour plates, landscape are text spreads, in the pages probed)"
Orchis latifolia,Breitblättrige Orchis,Band 4 (1905),icon 143,http://www.biolib.de/sturm/flora04/high/IMG_8979.jpg,http://www.biolib.de/sturm/flora04/high/IMG_8979.html,"page type not probed (portrait pages are colour plates, landscape are text spreads, in the pages probed)"
Orchis maculata,Flecken-Orchis,Band 4 (1905),icon 21,http://www.biolib.de/sturm/flora04/high/IMG_8857.jpg,http://www.biolib.de/sturm/flora04/high/IMG_8857.html,page type by screen image 1574x1200: text spread (landscape)
Orchis mascula,Katzen-Orchis,Band 4 (1905),icon 19,http://www.biolib.de/sturm/flora04/high/IMG_8855.jpg,http://www.biolib.de/sturm/flora04/high/IMG_8855.html,page type by screen image 1596x1200: text spread (landscape)
Orchis morio,Kleine Orchis,Band 4 (1905),icon 142,http://www.biolib.de/sturm/flora04/high/IMG_8978.jpg,http://www.biolib.de/sturm/flora04/high/IMG_8978.html,"page type not probed (portrait pages are colour plates, landscape are text spreads, in the pages probed)"
Orchis nigra,,Band 4 (1905),icon 22,http://www.biolib.de/sturm/flora04/high/IMG_8858.jpg,http://www.biolib.de/sturm/flora04/high/IMG_8858.html,composite: 2 Latin names indexed on this page; page type by screen image 1581x1200: text spread (landscape); German names indexed on this page: Anacamptis; Bräunel
Orchis purpurea,Dunkelrote Orchis,Band 4 (1905),icon 140,http://www.biolib.de/sturm/flora04/high/IMG_8976.jpg,http://www.biolib.de/sturm/flora04/high/IMG_8976.html,"page type not probed (portrait pages are colour plates, landscape are text spreads, in the pages probed)"
Orchis pyramidalis,,Band 4 (1905),icon 22,http://www.biolib.de/sturm/flora04/high/IMG_8858.jpg,http://www.biolib.de/sturm/flora04/high/IMG_8858.html,composite: 2 Latin names indexed on this page; page type by screen image 1581x1200: text spread (landscape); German names indexed on this page: Anacamptis; Bräunel
Orchis ustulata,Gebrannte Orchis,Band 4 (1905),icon 141,http://www.biolib.de/sturm/flora04/high/IMG_8977.jpg,http://www.biolib.de/sturm/flora04/high/IMG_8977.html,"page type not probed (portrait pages are colour plates, landscape are text spreads, in the pages probed)"
Orchis viridis,Grüne Orchis,Band 4 (1905),icon 27,http://www.biolib.de/sturm/flora04/high/IMG_8863.jpg,http://www.biolib.de/sturm/flora04/high/IMG_8863.html,page type by screen image 1577x1200: text spread (landscape)
Orchisalbida,,Band 4 (1905),icon 26,http://www.biolib.de/sturm/flora04/high/IMG_8862.jpg,http://www.biolib.de/sturm/flora04/high/IMG_8862.html,composite: 2 Latin names indexed on this page; page type by screen image 1632x1200: text spread (landscape); German names indexed on this page: Hängender Mann; Heide-Orchis
Parietaria erecta,Aufrechtes Glaskraut,Band 4 (1905),icon 171,http://www.biolib.de/sturm/flora04/high/IMG_9007.jpg,http://www.biolib.de/sturm/flora04/high/IMG_9007.html,"page type not probed (portrait pages are colour plates, landscape are text spreads, in the pages probed)"
Polygonum amphibium,Wasser-Knöterich,Band 4 (1905),icon 192,http://www.biolib.de/sturm/flora04/high/IMG_9028.jpg,http://www.biolib.de/sturm/flora04/high/IMG_9028.html,"page type not probed (portrait pages are colour plates, landscape are text spreads, in the pages probed)"
Polygonum aviculare,Echter Vogelknöterrich,Band 4 (1905),icon 193,http://www.biolib.de/sturm/flora04/high/IMG_9029.jpg,http://www.biolib.de/sturm/flora04/high/IMG_9029.html,"page type not probed (portrait pages are colour plates, landscape are text spreads, in the pages probed)"
Polygonum bistorta,Natterwurz,Band 4 (1905),icon 191,http://www.biolib.de/sturm/flora04/high/IMG_9027.jpg,http://www.biolib.de/sturm/flora04/high/IMG_9027.html,"page type not probed (portrait pages are colour plates, landscape are text spreads, in the pages probed)"
Polygonum fagopyrum,Echter Buchweizen,Band 4 (1905),icon 194,http://www.biolib.de/sturm/flora04/high/IMG_9030.jpg,http://www.biolib.de/sturm/flora04/high/IMG_9030.html,page type by screen image 806x1200: colour plate page (portrait)
Populus alba,Silber-Papper,Band 4 (1905),icon 81,http://www.biolib.de/sturm/flora04/high/IMG_8917.jpg,http://www.biolib.de/sturm/flora04/high/IMG_8917.html,"page type not probed (portrait pages are colour plates, landscape are text spreads, in the pages probed)"
Populus tremula,Espe,Band 4 (1905),icon 160,http://www.biolib.de/sturm/flora04/high/IMG_8996.jpg,http://www.biolib.de/sturm/flora04/high/IMG_8996.html,"page type not probed (portrait pages are colour plates, landscape are text spreads, in the pages probed)"
Potamogeton acutifolius,,Band 4 (1905),icon 42,http://www.biolib.de/sturm/flora04/high/IMG_8878.jpg,http://www.biolib.de/sturm/flora04/high/IMG_8878.html,composite: 2 Latin names indexed on this page; page type by screen image 1598x1200: text spread (landscape); German names indexed on this page: Paarblättriges Laichkraut; Spitzblättriges Laichkraut
Potamogeton crispus,,Band 4 (1905),icon 41,http://www.biolib.de/sturm/flora04/high/IMG_8877.jpg,http://www.biolib.de/sturm/flora04/high/IMG_8877.html,composite: 2 Latin names indexed on this page; page type by screen image 1655x1200: text spread (landscape); German names indexed on this page: Durchwachsendes Laichkraut; Krauses Laichkraut
Potamogeton filiformis,Faden-Laichkraut,Band 4 (1905),icon 45,http://www.biolib.de/sturm/flora04/high/IMG_8881.jpg,http://www.biolib.de/sturm/flora04/high/IMG_8881.html,page type by screen image 1651x1200: text spread (landscape)
Potamogeton gramineus,Grasgrünes Laichkrant,Band 4 (1905),icon 38,http://www.biolib.de/sturm/flora04/high/IMG_8874.jpg,http://www.biolib.de/sturm/flora04/high/IMG_8874.html,page type by screen image 1645x1200: text spread (landscape)
Potamogeton mucronatus,Fries-Laichkraut,Band 4 (1905),icon 43,http://www.biolib.de/sturm/flora04/high/IMG_8879.jpg,http://www.biolib.de/sturm/flora04/high/IMG_8879.html,page type by screen image 1655x1200: text spread (landscape)
Potamogeton natans,Schwimmendes Laichkraut,Band 4 (1905),icon 138,http://www.biolib.de/sturm/flora04/high/IMG_8974.jpg,http://www.biolib.de/sturm/flora04/high/IMG_8974.html,"page type not probed (portrait pages are colour plates, landscape are text spreads, in the pages probed)"
Potamogeton perfoliatus,,Band 4 (1905),icon 41,http://www.biolib.de/sturm/flora04/high/IMG_8877.jpg,http://www.biolib.de/sturm/flora04/high/IMG_8877.html,composite: 2 Latin names indexed on this page; page type by screen image 1655x1200: text spread (landscape); German names indexed on this page: Durchwachsendes Laichkraut; Krauses Laichkraut
Potamogeton rutilus,,Band 4 (1905),icon 44,http://www.biolib.de/sturm/flora04/high/IMG_8880.jpg,http://www.biolib.de/sturm/flora04/high/IMG_8880.html,composite: 2 Latin names indexed on this page; page type by screen image 1638x1200: text spread (landscape); German names indexed on this page: Haarfeines Laichkraut; Wolfgangs Laichkraut
Potamogeton trichoides,,Band 4 (1905),icon 44,http://www.biolib.de/sturm/flora04/high/IMG_8880.jpg,http://www.biolib.de/sturm/flora04/high/IMG_8880.html,composite: 2 Latin names indexed on this page; page type by screen image 1638x1200: text spread (landscape); German names indexed on this page: Haarfeines Laichkraut; Wolfgangs Laichkraut
Potamogetos densus,,Band 4 (1905),icon 42,http://www.biolib.de/sturm/flora04/high/IMG_8878.jpg,http://www.biolib.de/sturm/flora04/high/IMG_8878.html,composite: 2 Latin names indexed on this page; page type by screen image 1598x1200: text spread (landscape); German names indexed on this page: Paarblättriges Laichkraut; Spitzblättriges Laichkraut
Quercus pendunculata,Stiel-Eiche,Band 4 (1905),icon 161,http://www.biolib.de/sturm/flora04/high/IMG_8997.jpg,http://www.biolib.de/sturm/flora04/high/IMG_8997.html,"page type not probed (portrait pages are colour plates, landscape are text spreads, in the pages probed)"
Quercus sessiliflora,Stein-Eiche,Band 4 (1905),icon 93,http://www.biolib.de/sturm/flora04/high/IMG_8929.jpg,http://www.biolib.de/sturm/flora04/high/IMG_8929.html,"page type not probed (portrait pages are colour plates, landscape are text spreads, in the pages probed)"
Rumex X patientia,Echter Mönchsrhabarber,Band 4 (1905),icon 185,http://www.biolib.de/sturm/flora04/high/IMG_9021.jpg,http://www.biolib.de/sturm/flora04/high/IMG_9021.html,"page type not probed (portrait pages are colour plates, landscape are text spreads, in the pages probed)"
Rumex acetosa,Wiesen-Sauerampfer,Band 4 (1905),icon 189,http://www.biolib.de/sturm/flora04/high/IMG_9025.jpg,http://www.biolib.de/sturm/flora04/high/IMG_9025.html,"page type not probed (portrait pages are colour plates, landscape are text spreads, in the pages probed)"
Rumex acetosella,Kleiner Sauerampfer,Band 4 (1905),icon 188,http://www.biolib.de/sturm/flora04/high/IMG_9024.jpg,http://www.biolib.de/sturm/flora04/high/IMG_9024.html,"page type not probed (portrait pages are colour plates, landscape are text spreads, in the pages probed)"
Rumex alpinus,Alpen-Mönchsrhabarber,Band 4 (1905),icon 187,http://www.biolib.de/sturm/flora04/high/IMG_9023.jpg,http://www.biolib.de/sturm/flora04/high/IMG_9023.html,"page type not probed (portrait pages are colour plates, landscape are text spreads, in the pages probed)"
Rumex aquaticus,,Band 4 (1905),icon 184,http://www.biolib.de/sturm/flora04/high/IMG_9020.jpg,http://www.biolib.de/sturm/flora04/high/IMG_9020.html,"composite: 2 Latin names indexed on this page; page type not probed (portrait pages are colour plates, landscape are text spreads, in the pages probed)"
Rumex aquaticus X hydrolapathum,,Band 4 (1905),icon 184,http://www.biolib.de/sturm/flora04/high/IMG_9020.jpg,http://www.biolib.de/sturm/flora04/high/IMG_9020.html,"composite: 2 Latin names indexed on this page; page type not probed (portrait pages are colour plates, landscape are text spreads, in the pages probed)"
Rumex arifolius,Berg-Sauerampfer,Band 4 (1905),icon 190,http://www.biolib.de/sturm/flora04/high/IMG_9026.jpg,http://www.biolib.de/sturm/flora04/high/IMG_9026.html,"page type not probed (portrait pages are colour plates, landscape are text spreads, in the pages probed)"
Rumex conglomeratus,Knäul-Ampfer,Band 4 (1905),icon 180,http://www.biolib.de/sturm/flora04/high/IMG_9016.jpg,http://www.biolib.de/sturm/flora04/high/IMG_9016.html,"page type not probed (portrait pages are colour plates, landscape are text spreads, in the pages probed)"
Rumex crispus,Krausr Ampfer,Band 4 (1905),icon 182,http://www.biolib.de/sturm/flora04/high/IMG_9018.jpg,http://www.biolib.de/sturm/flora04/high/IMG_9018.html,"page type not probed (portrait pages are colour plates, landscape are text spreads, in the pages probed)"
Rumex hydrolapathum,Wasser-Ampfer,Band 4 (1905),icon 183,http://www.biolib.de/sturm/flora04/high/IMG_9019.jpg,http://www.biolib.de/sturm/flora04/high/IMG_9019.html,"page type not probed (portrait pages are colour plates, landscape are text spreads, in the pages probed)"
Rumex maritimus,Strand-Ampfer,Band 4 (1905),icon 177,http://www.biolib.de/sturm/flora04/high/IMG_9013.jpg,http://www.biolib.de/sturm/flora04/high/IMG_9013.html,"page type not probed (portrait pages are colour plates, landscape are text spreads, in the pages probed)"
Rumex nemorosus,Wald-Ampfer,Band 4 (1905),icon 181,http://www.biolib.de/sturm/flora04/high/IMG_9017.jpg,http://www.biolib.de/sturm/flora04/high/IMG_9017.html,"page type not probed (portrait pages are colour plates, landscape are text spreads, in the pages probed)"
Rumex obtusifolius,Butter-Ampfer,Band 4 (1905),icon 178,http://www.biolib.de/sturm/flora04/high/IMG_9014.jpg,http://www.biolib.de/sturm/flora04/high/IMG_9014.html,"page type not probed (portrait pages are colour plates, landscape are text spreads, in the pages probed)"
Rumex pulcher,Schöner Ampfer,Band 4 (1905),icon 179,http://www.biolib.de/sturm/flora04/high/IMG_9015.jpg,http://www.biolib.de/sturm/flora04/high/IMG_9015.html,"page type not probed (portrait pages are colour plates, landscape are text spreads, in the pages probed)"
Ruppia spiralis,Grosse Ruppie,Band 4 (1905),icon 47,http://www.biolib.de/sturm/flora04/high/IMG_8883.jpg,http://www.biolib.de/sturm/flora04/high/IMG_8883.html,page type by screen image 1663x1200: text spread (landscape)
Sagitaria sagittifolia,Pfeilgraut,Band 4 (1905),icon 132,http://www.biolib.de/sturm/flora04/high/IMG_8968.jpg,http://www.biolib.de/sturm/flora04/high/IMG_8968.html,"page type not probed (portrait pages are colour plates, landscape are text spreads, in the pages probed)"
Salix alba,Silber-Weide,Band 4 (1905),icon 153,http://www.biolib.de/sturm/flora04/high/IMG_8989.jpg,http://www.biolib.de/sturm/flora04/high/IMG_8989.html,page type by screen image 832x1200: colour plate page (portrait)
Salix amygdalina,Mandel-Weide,Band 4 (1905),icon 154,http://www.biolib.de/sturm/flora04/high/IMG_8990.jpg,http://www.biolib.de/sturm/flora04/high/IMG_8990.html,"page type not probed (portrait pages are colour plates, landscape are text spreads, in the pages probed)"
Salix aurita,,Band 4 (1905),icon 79,http://www.biolib.de/sturm/flora04/high/IMG_8915.jpg,http://www.biolib.de/sturm/flora04/high/IMG_8915.html,"composite: 2 Latin names indexed on this page; page type not probed (portrait pages are colour plates, landscape are text spreads, in the pages probed)"
Salix aurita X repens,,Band 4 (1905),icon 79,http://www.biolib.de/sturm/flora04/high/IMG_8915.jpg,http://www.biolib.de/sturm/flora04/high/IMG_8915.html,"composite: 2 Latin names indexed on this page; page type not probed (portrait pages are colour plates, landscape are text spreads, in the pages probed)"
Salix caprea,Sal-Weide,Band 4 (1905),icon 158,http://www.biolib.de/sturm/flora04/high/IMG_8994.jpg,http://www.biolib.de/sturm/flora04/high/IMG_8994.html,"page type not probed (portrait pages are colour plates, landscape are text spreads, in the pages probed)"
Salix fragilis,Knack-Weide,Band 4 (1905),icon 152,http://www.biolib.de/sturm/flora04/high/IMG_8988.jpg,http://www.biolib.de/sturm/flora04/high/IMG_8988.html,"page type not probed (portrait pages are colour plates, landscape are text spreads, in the pages probed)"
Salix glabra,Kahle Weide,Band 4 (1905),icon 159,http://www.biolib.de/sturm/flora04/high/IMG_8995.jpg,http://www.biolib.de/sturm/flora04/high/IMG_8995.html,"page type not probed (portrait pages are colour plates, landscape are text spreads, in the pages probed)"
Salix hybr. holosericea,Seiden-Weide,Band 4 (1905),icon 76,http://www.biolib.de/sturm/flora04/high/IMG_8912.jpg,http://www.biolib.de/sturm/flora04/high/IMG_8912.html,"page type not probed (portrait pages are colour plates, landscape are text spreads, in the pages probed)"
Salix myrtilloides,Zierliche Weide,Band 4 (1905),icon 73,http://www.biolib.de/sturm/flora04/high/IMG_8909.jpg,http://www.biolib.de/sturm/flora04/high/IMG_8909.html,"page type not probed (portrait pages are colour plates, landscape are text spreads, in the pages probed)"
Salix nigricans,Schwarz-Weide,Band 4 (1905),icon 68,http://www.biolib.de/sturm/flora04/high/IMG_8904.jpg,http://www.biolib.de/sturm/flora04/high/IMG_8904.html,"page type not probed (portrait pages are colour plates, landscape are text spreads, in the pages probed)"
Salix pentandra,Lorbeer-Weide,Band 4 (1905),icon 63,http://www.biolib.de/sturm/flora04/high/IMG_8899.jpg,http://www.biolib.de/sturm/flora04/high/IMG_8899.html,"page type not probed (portrait pages are colour plates, landscape are text spreads, in the pages probed)"
Salix purpurea,Purpur-Weide,Band 4 (1905),icon 155,http://www.biolib.de/sturm/flora04/high/IMG_8991.jpg,http://www.biolib.de/sturm/flora04/high/IMG_8991.html,"page type not probed (portrait pages are colour plates, landscape are text spreads, in the pages probed)"
Salix repens,Kriech-Weide,Band 4 (1905),icon 74,http://www.biolib.de/sturm/flora04/high/IMG_8910.jpg,http://www.biolib.de/sturm/flora04/high/IMG_8910.html,"page type not probed (portrait pages are colour plates, landscape are text spreads, in the pages probed)"
Salix silsiaca,Schlesische Weide,Band 4 (1905),icon 71,http://www.biolib.de/sturm/flora04/high/IMG_8907.jpg,http://www.biolib.de/sturm/flora04/high/IMG_8907.html,"page type not probed (portrait pages are colour plates, landscape are text spreads, in the pages probed)"
Salix viminalis,Korb-Weide,Band 4 (1905),icon 157,http://www.biolib.de/sturm/flora04/high/IMG_8993.jpg,http://www.biolib.de/sturm/flora04/high/IMG_8993.html,"page type not probed (portrait pages are colour plates, landscape are text spreads, in the pages probed)"
Saliy X pontederana,Pontedera-Weide,Band 4 (1905),icon 78,http://www.biolib.de/sturm/flora04/high/IMG_8914.jpg,http://www.biolib.de/sturm/flora04/high/IMG_8914.html,"page type not probed (portrait pages are colour plates, landscape are text spreads, in the pages probed)"
Scheuchzeria generalis,Scheuchzerie,Band 4 (1905),icon 133,http://www.biolib.de/sturm/flora04/high/IMG_8969.jpg,http://www.biolib.de/sturm/flora04/high/IMG_8969.html,"page type not probed (portrait pages are colour plates, landscape are text spreads, in the pages probed)"
Spiranthes autumnalis,Herbst-Schraubenblume,Band 4 (1905),icon 150,http://www.biolib.de/sturm/flora04/high/IMG_8986.jpg,http://www.biolib.de/sturm/flora04/high/IMG_8986.html,"page type not probed (portrait pages are colour plates, landscape are text spreads, in the pages probed)"
Stratiotes generalis,Krebsschere,Band 4 (1905),icon 50,http://www.biolib.de/sturm/flora04/high/IMG_8886.jpg,http://www.biolib.de/sturm/flora04/high/IMG_8886.html,page type by screen image 1635x1200: text spread (landscape)
Thesium alpinum,Echtes Vermeinkraut,Band 4 (1905),icon 174,http://www.biolib.de/sturm/flora04/high/IMG_9010.jpg,http://www.biolib.de/sturm/flora04/high/IMG_9010.html,"page type not probed (portrait pages are colour plates, landscape are text spreads, in the pages probed)"
Triglochin maritimum,Doppel-Dreizack,Band 4 (1905),icon 134,http://www.biolib.de/sturm/flora04/high/IMG_8970.jpg,http://www.biolib.de/sturm/flora04/high/IMG_8970.html,"page type not probed (portrait pages are colour plates, landscape are text spreads, in the pages probed)"
Triglochin palustre,Echter Dreizack,Band 4 (1905),icon 135,http://www.biolib.de/sturm/flora04/high/IMG_8971.jpg,http://www.biolib.de/sturm/flora04/high/IMG_8971.html,"page type not probed (portrait pages are colour plates, landscape are text spreads, in the pages probed)"
Udora canadensis,Wasserpest,Band 4 (1905),icon 51,http://www.biolib.de/sturm/flora04/high/IMG_8887.jpg,http://www.biolib.de/sturm/flora04/high/IMG_8887.html,page type by screen image 1635x1200: text spread (landscape)
Ulmus campestris,Kleinblättrige Ulme,Band 4 (1905),icon 166,http://www.biolib.de/sturm/flora04/high/IMG_9002.jpg,http://www.biolib.de/sturm/flora04/high/IMG_9002.html,"page type not probed (portrait pages are colour plates, landscape are text spreads, in the pages probed)"
Ulmus effusa,Flatter-Ulme,Band 4 (1905),icon 98,http://www.biolib.de/sturm/flora04/high/IMG_8934.jpg,http://www.biolib.de/sturm/flora04/high/IMG_8934.html,"page type not probed (portrait pages are colour plates, landscape are text spreads, in the pages probed)"
Urtica urens,Kleine Brennessel,Band 4 (1905),icon 170,http://www.biolib.de/sturm/flora04/high/IMG_9006.jpg,http://www.biolib.de/sturm/flora04/high/IMG_9006.html,"page type not probed (portrait pages are colour plates, landscape are text spreads, in the pages probed)"
Viscum album,Gemeine Mistel,Band 4 (1905),icon 172,http://www.biolib.de/sturm/flora04/high/IMG_9008.jpg,http://www.biolib.de/sturm/flora04/high/IMG_9008.html,"page type not probed (portrait pages are colour plates, landscape are text spreads, in the pages probed)"
Zostera nana,Kleines Seegras,Band 4 (1905),icon 36,http://www.biolib.de/sturm/flora04/high/IMG_8872.jpg,http://www.biolib.de/sturm/flora04/high/IMG_8872.html,page type by screen image 1646x1200: text spread (landscape)
Actaea spicata,Echtes Christopskraut,Band 5 (1901),icon 201,http://www.biolib.de/sturm/flora05/high/IMG_9243.jpg,http://www.biolib.de/sturm/flora05/high/IMG_9243.html,"page type not probed (portrait pages are colour plates, landscape are text spreads, in the pages probed)"
Adonis autumnalis,Blutströpfchen,Band 5 (1901),icon 143,http://www.biolib.de/sturm/flora05/high/IMG_9183.jpg,http://www.biolib.de/sturm/flora05/high/IMG_9183.html,page type by screen image 1634x1200: text spread (landscape)
Adonis vernalis,Frühes Adonisröschen,Band 5 (1901),icon 224,http://www.biolib.de/sturm/flora05/high/IMG_9267.jpg,http://www.biolib.de/sturm/flora05/high/IMG_9267.html,"page type not probed (portrait pages are colour plates, landscape are text spreads, in the pages probed)"
Alsine aquatica,Weich-Miere,Band 5 (1901),icon 171,http://www.biolib.de/sturm/flora05/high/IMG_9213.jpg,http://www.biolib.de/sturm/flora05/high/IMG_9213.html,page type by screen image 813x1200: colour plate page (portrait)
Alsine arvensis,Horn-Miere,Band 5 (1901),icon 177,http://www.biolib.de/sturm/flora05/high/IMG_9219.jpg,http://www.biolib.de/sturm/flora05/high/IMG_9219.html,"page type not probed (portrait pages are colour plates, landscape are text spreads, in the pages probed)"
Alsine brachypetala,,Band 5 (1901),icon 172,http://www.biolib.de/sturm/flora05/high/IMG_9214.jpg,http://www.biolib.de/sturm/flora05/high/IMG_9214.html,"composite: 2 Latin names indexed on this page; page type not probed (portrait pages are colour plates, landscape are text spreads, in the pages probed); German names indexed on this page: Geknäuelte Miere; Schlanke Miere"
Alsine crassifolia,Dickblättrige Miere,Band 5 (1901),icon 30,http://www.biolib.de/sturm/flora05/high/IMG_9070.jpg,http://www.biolib.de/sturm/flora05/high/IMG_9070.html,"page type not probed (portrait pages are colour plates, landscape are text spreads, in the pages probed)"
Alsine dubia depressa,Niedrige Miere,Band 5 (1901),icon 37,http://www.biolib.de/sturm/flora05/high/IMG_9077.jpg,http://www.biolib.de/sturm/flora05/high/IMG_9077.html,"page type not probed (portrait pages are colour plates, landscape are text spreads, in the pages probed)"
Alsine dubia pallens,Helle Miere,Band 5 (1901),icon 174,http://www.biolib.de/sturm/flora05/high/IMG_9216.jpg,http://www.biolib.de/sturm/flora05/high/IMG_9216.html,"page type not probed (portrait pages are colour plates, landscape are text spreads, in the pages probed)"
Alsine friesiana,,Band 5 (1901),icon 170,http://www.biolib.de/sturm/flora05/high/IMG_9212.jpg,http://www.biolib.de/sturm/flora05/high/IMG_9212.html,"composite: 2 Latin names indexed on this page; page type not probed (portrait pages are colour plates, landscape are text spreads, in the pages probed); German names indexed on this page: Fries-Miere; Sumpf-Miere"
Alsine glauca,Bläuliche Miere,Band 5 (1901),icon 168,http://www.biolib.de/sturm/flora05/high/IMG_9210.jpg,http://www.biolib.de/sturm/flora05/high/IMG_9210.html,"page type not probed (portrait pages are colour plates, landscape are text spreads, in the pages probed)"
Alsine glomerata,,Band 5 (1901),icon 172,http://www.biolib.de/sturm/flora05/high/IMG_9214.jpg,http://www.biolib.de/sturm/flora05/high/IMG_9214.html,"composite: 2 Latin names indexed on this page; page type not probed (portrait pages are colour plates, landscape are text spreads, in the pages probed); German names indexed on this page: Geknäuelte Miere; Schlanke Miere"
Alsine graminea,Gras-Miere,Band 5 (1901),icon 169,http://www.biolib.de/sturm/flora05/high/IMG_9211.jpg,http://www.biolib.de/sturm/flora05/high/IMG_9211.html,"page type not probed (portrait pages are colour plates, landscape are text spreads, in the pages probed)"
Alsine media,,Band 5 (1901),icon 167,http://www.biolib.de/sturm/flora05/high/IMG_9208.jpg,http://www.biolib.de/sturm/flora05/high/IMG_9208.html,"composite: 2 Latin names indexed on this page; page type not probed (portrait pages are colour plates, landscape are text spreads, in the pages probed); German names indexed on this page: Hain-Miere; Vogel-Miere"
Alsine nemorum,,Band 5 (1901),icon 167,http://www.biolib.de/sturm/flora05/high/IMG_9208.jpg,http://www.biolib.de/sturm/flora05/high/IMG_9208.html,"composite: 2 Latin names indexed on this page; page type not probed (portrait pages are colour plates, landscape are text spreads, in the pages probed); German names indexed on this page: Hain-Miere; Vogel-Miere"
Alsine pellucida,Durchsichtige Miere,Band 5 (1901),icon 173,http://www.biolib.de/sturm/flora05/high/IMG_9215.jpg,http://www.biolib.de/sturm/flora05/high/IMG_9215.html,"page type not probed (portrait pages are colour plates, landscape are text spreads, in the pages probed)"
Alsine peploides,Strand-Miere,Band 5 (1901),icon 25,http://www.biolib.de/sturm/flora05/high/IMG_9065.jpg,http://www.biolib.de/sturm/flora05/high/IMG_9065.html,"page type not probed (portrait pages are colour plates, landscape are text spreads, in the pages probed)"
Alsine procumbens,Kleine Miere,Band 5 (1901),icon 21,http://www.biolib.de/sturm/flora05/high/IMG_9061.jpg,http://www.biolib.de/sturm/flora05/high/IMG_9061.html,"page type not probed (portrait pages are colour plates, landscape are text spreads, in the pages probed)"
Alsine quaternella,Mönchie,Band 5 (1901),icon 31,http://www.biolib.de/sturm/flora05/high/IMG_9071.jpg,http://www.biolib.de/sturm/flora05/high/IMG_9071.html,page type by screen image 1634x1200: text spread (landscape)
Alsine serpyllifolia,Sand-Miere,Band 5 (1901),icon 26,http://www.biolib.de/sturm/flora05/high/IMG_9066.jpg,http://www.biolib.de/sturm/flora05/high/IMG_9066.html,page type by screen image 1634x1200: text spread (landscape)
Alsine silvatica,,Band 5 (1901),icon 176,http://www.biolib.de/sturm/flora05/high/IMG_9218.jpg,http://www.biolib.de/sturm/flora05/high/IMG_9218.html,"composite: 2 Latin names indexed on this page; page type not probed (portrait pages are colour plates, landscape are text spreads, in the pages probed); German names indexed on this page: Gemeine Miere; Wald-Miere"
Alsine tetrandra,Esmarch-Miere,Band 5 (1901),icon 175,http://www.biolib.de/sturm/flora05/high/IMG_9217.jpg,http://www.biolib.de/sturm/flora05/high/IMG_9217.html,"page type not probed (portrait pages are colour plates, landscape are text spreads, in the pages probed)"
Alsine tomentosa,Filzige Miere,Band 5 (1901),icon 33,http://www.biolib.de/sturm/flora05/high/IMG_9073.jpg,http://www.biolib.de/sturm/flora05/high/IMG_9073.html,"page type not probed (portrait pages are colour plates, landscape are text spreads, in the pages probed)"
Alsine trinervia,Möhring-Miere,Band 5 (1901),icon 27,http://www.biolib.de/sturm/flora05/high/IMG_9067.jpg,http://www.biolib.de/sturm/flora05/high/IMG_9067.html,"page type not probed (portrait pages are colour plates, landscape are text spreads, in the pages probed)"
Alsine trivialis,,Band 5 (1901),icon 176,http://www.biolib.de/sturm/flora05/high/IMG_9218.jpg,http://www.biolib.de/sturm/flora05/high/IMG_9218.html,"composite: 2 Latin names indexed on this page; page type not probed (portrait pages are colour plates, landscape are text spreads, in the pages probed); German names indexed on this page: Gemeine Miere; Wald-Miere"
Alsine uliginosa,,Band 5 (1901),icon 170,http://www.biolib.de/sturm/flora05/high/IMG_9212.jpg,http://www.biolib.de/sturm/flora05/high/IMG_9212.html,"composite: 2 Latin names indexed on this page; page type not probed (portrait pages are colour plates, landscape are text spreads, in the pages probed); German names indexed on this page: Fries-Miere; Sumpf-Miere"
Alsine umbellata,Spurre,Band 5 (1901),icon 166,http://www.biolib.de/sturm/flora05/high/IMG_9207.jpg,http://www.biolib.de/sturm/flora05/high/IMG_9207.html,"page type not probed (portrait pages are colour plates, landscape are text spreads, in the pages probed)"
Alsine verna,Frühlings-Miere,Band 5 (1901),icon 165,http://www.biolib.de/sturm/flora05/high/IMG_9206.jpg,http://www.biolib.de/sturm/flora05/high/IMG_9206.html,page type by screen image 792x1200: colour plate page (portrait)
Alsine viscida,Drüsige Miere,Band 5 (1901),icon 36,http://www.biolib.de/sturm/flora05/high/IMG_9076.jpg,http://www.biolib.de/sturm/flora05/high/IMG_9076.html,"page type not probed (portrait pages are colour plates, landscape are text spreads, in the pages probed)"
Alsine viscosa,Kleb-Miere,Band 5 (1901),icon 24,http://www.biolib.de/sturm/flora05/high/IMG_9064.jpg,http://www.biolib.de/sturm/flora05/high/IMG_9064.html,page type by screen image 1634x1200: text spread (landscape)
Anemone alpina,Berg-Anemone,Band 5 (1901),icon 150,http://www.biolib.de/sturm/flora05/high/IMG_9190.jpg,http://www.biolib.de/sturm/flora05/high/IMG_9190.html,"page type not probed (portrait pages are colour plates, landscape are text spreads, in the pages probed)"
Anemone hepatica,Leberblümchen,Band 5 (1901),icon 206,http://www.biolib.de/sturm/flora05/high/IMG_9249.jpg,http://www.biolib.de/sturm/flora05/high/IMG_9249.html,"page type not probed (portrait pages are colour plates, landscape are text spreads, in the pages probed)"
Anemone narcissiflora,Bergbähnlein,Band 5 (1901),icon 148,http://www.biolib.de/sturm/flora05/high/IMG_9188.jpg,http://www.biolib.de/sturm/flora05/high/IMG_9188.html,"page type not probed (portrait pages are colour plates, landscape are text spreads, in the pages probed)"
Anemone nemorosa,,Band 5 (1901),icon 205,http://www.biolib.de/sturm/flora05/high/IMG_9248.jpg,http://www.biolib.de/sturm/flora05/high/IMG_9248.html,"composite: 2 Latin names indexed on this page; page type not probed (portrait pages are colour plates, landscape are text spreads, in the pages probed); German names indexed on this page: Gelbe Anemone; Weisse Anemone"
Anemone patens,,Band 5 (1901),icon 204,http://www.biolib.de/sturm/flora05/high/IMG_9247.jpg,http://www.biolib.de/sturm/flora05/high/IMG_9247.html,"composite: 2 Latin names indexed on this page; page type not probed (portrait pages are colour plates, landscape are text spreads, in the pages probed); German names indexed on this page: Frühlings-Kuhschelle; Offene Kuhschelle"
Anemone pratensis,,Band 5 (1901),icon 203,http://www.biolib.de/sturm/flora05/high/IMG_9246.jpg,http://www.biolib.de/sturm/flora05/high/IMG_9246.html,composite: 2 Latin names indexed on this page; page type by screen image 808x1200: colour plate page (portrait); German names indexed on this page: Grosse Kuhschelle; Kleine Kuhschelle
Anemone pulsatilla,,Band 5 (1901),icon 203,http://www.biolib.de/sturm/flora05/high/IMG_9246.jpg,http://www.biolib.de/sturm/flora05/high/IMG_9246.html,composite: 2 Latin names indexed on this page; page type by screen image 808x1200: colour plate page (portrait); German names indexed on this page: Grosse Kuhschelle; Kleine Kuhschelle
Anemone ranunculoides,,Band 5 (1901),icon 205,http://www.biolib.de/sturm/flora05/high/IMG_9248.jpg,http://www.biolib.de/sturm/flora05/high/IMG_9248.html,"composite: 2 Latin names indexed on this page; page type not probed (portrait pages are colour plates, landscape are text spreads, in the pages probed); German names indexed on this page: Gelbe Anemone; Weisse Anemone"
Anemone recta,Aufrechte Klematis,Band 5 (1901),icon 202,http://www.biolib.de/sturm/flora05/high/IMG_9245.jpg,http://www.biolib.de/sturm/flora05/high/IMG_9245.html,"page type not probed (portrait pages are colour plates, landscape are text spreads, in the pages probed)"
Anemone vernalis,,Band 5 (1901),icon 204,http://www.biolib.de/sturm/flora05/high/IMG_9247.jpg,http://www.biolib.de/sturm/flora05/high/IMG_9247.html,"composite: 2 Latin names indexed on this page; page type not probed (portrait pages are colour plates, landscape are text spreads, in the pages probed); German names indexed on this page: Frühlings-Kuhschelle; Offene Kuhschelle"
Aquilegia vulgaris,Gewöhnliche Akelei,Band 5 (1901),icon 114,http://www.biolib.de/sturm/flora05/high/IMG_9154.jpg,http://www.biolib.de/sturm/flora05/high/IMG_9154.html,page type by screen image 1675x1200: text spread (landscape)
Berberis vulgaris,Berberitze,Band 5 (1901),icon 226,http://www.biolib.de/sturm/flora05/high/IMG_9269.jpg,http://www.biolib.de/sturm/flora05/high/IMG_9269.html,page type by screen image 752x1200: colour plate page (portrait)
Ceratocephalus falcatus,Krummhorn,Band 5 (1901),icon 138,http://www.biolib.de/sturm/flora05/high/IMG_9178.jpg,http://www.biolib.de/sturm/flora05/high/IMG_9178.html,"page type not probed (portrait pages are colour plates, landscape are text spreads, in the pages probed)"
Ceratophyllum demersum,Gewöhnliches Hornblatt,Band 5 (1901),icon 110,http://www.biolib.de/sturm/flora05/high/IMG_9150.jpg,http://www.biolib.de/sturm/flora05/high/IMG_9150.html,"page type not probed (portrait pages are colour plates, landscape are text spreads, in the pages probed)"
Chenopodium agreste-viride,,Band 5 (1901),icon 78,http://www.biolib.de/sturm/flora05/high/IMG_9118.jpg,http://www.biolib.de/sturm/flora05/high/IMG_9118.html,"page type not probed (portrait pages are colour plates, landscape are text spreads, in the pages probed); German names indexed on this page: Acker-Melde; Grüne Acker-Melde"
Chenopodium agrestes,,Band 5 (1901),icon 189,http://www.biolib.de/sturm/flora05/high/IMG_9231.jpg,http://www.biolib.de/sturm/flora05/high/IMG_9231.html,"page type not probed (portrait pages are colour plates, landscape are text spreads, in the pages probed)"
Chenopodium ambrosiodes,Mexikanisches Theekraut,Band 5 (1901),icon 83,http://www.biolib.de/sturm/flora05/high/IMG_9123.jpg,http://www.biolib.de/sturm/flora05/high/IMG_9123.html,"page type not probed (portrait pages are colour plates, landscape are text spreads, in the pages probed)"
Chenopodium angustifolium,Schmalblättrige Melde,Band 5 (1901),icon 90,http://www.biolib.de/sturm/flora05/high/IMG_9130.jpg,http://www.biolib.de/sturm/flora05/high/IMG_9130.html,"page type not probed (portrait pages are colour plates, landscape are text spreads, in the pages probed)"
Chenopodium bonushenricus,Guter Heinrich,Band 5 (1901),icon 86,http://www.biolib.de/sturm/flora05/high/IMG_9126.jpg,http://www.biolib.de/sturm/flora05/high/IMG_9126.html,"page type not probed (portrait pages are colour plates, landscape are text spreads, in the pages probed)"
Chenopodium botrys,,Band 5 (1901),icon 82,http://www.biolib.de/sturm/flora05/high/IMG_9122.jpg,http://www.biolib.de/sturm/flora05/high/IMG_9122.html,"composite: 2 Latin names indexed on this page; page type not probed (portrait pages are colour plates, landscape are text spreads, in the pages probed); German names indexed on this page: Mauer-Melde; Trauben-Melde"
Chenopodium capitatum,,Band 5 (1901),icon 87,http://www.biolib.de/sturm/flora05/high/IMG_9127.jpg,http://www.biolib.de/sturm/flora05/high/IMG_9127.html,composite: 2 Latin names indexed on this page; page type by screen image 1649x1200: text spread (landscape); German names indexed on this page: Blattarmer Erdbeersinat; Blattreicher Erdbeerspinat
Chenopodium dethardingianum,,Band 5 (1901),icon 91,http://www.biolib.de/sturm/flora05/high/IMG_9131.jpg,http://www.biolib.de/sturm/flora05/high/IMG_9131.html,"composite: 2 Latin names indexed on this page; page type not probed (portrait pages are colour plates, landscape are text spreads, in the pages probed); German names indexed on this page: Langblättrige Melde; Strand-Melde"
Chenopodium dubium-nitens,,Band 5 (1901),icon 191,http://www.biolib.de/sturm/flora05/high/IMG_9233.jpg,http://www.biolib.de/sturm/flora05/high/IMG_9233.html,"composite: 2 Latin names indexed on this page; page type not probed (portrait pages are colour plates, landscape are text spreads, in the pages probed); German names indexed on this page: Garten-Melde; Glanz-Melde"
Chenopodium dubium-rhombifolium,Rautenblatt-Melde,Band 5 (1901),icon 157,http://www.biolib.de/sturm/flora05/high/IMG_9197.jpg,http://www.biolib.de/sturm/flora05/high/IMG_9197.html,"page type not probed (portrait pages are colour plates, landscape are text spreads, in the pages probed)"
Chenopodium ficifolium,Feigen-Melde,Band 5 (1901),icon 79,http://www.biolib.de/sturm/flora05/high/IMG_9119.jpg,http://www.biolib.de/sturm/flora05/high/IMG_9119.html,"page type not probed (portrait pages are colour plates, landscape are text spreads, in the pages probed)"
Chenopodium foliosum,,Band 5 (1901),icon 87,http://www.biolib.de/sturm/flora05/high/IMG_9127.jpg,http://www.biolib.de/sturm/flora05/high/IMG_9127.html,composite: 2 Latin names indexed on this page; page type by screen image 1649x1200: text spread (landscape); German names indexed on this page: Blattarmer Erdbeersinat; Blattreicher Erdbeerspinat
Chenopodium glaucum,Bläuliche Melde,Band 5 (1901),icon 85,http://www.biolib.de/sturm/flora05/high/IMG_9125.jpg,http://www.biolib.de/sturm/flora05/high/IMG_9125.html,page type by screen image 1649x1200: text spread (landscape)
Chenopodium hortense,,Band 5 (1901),icon 191,http://www.biolib.de/sturm/flora05/high/IMG_9233.jpg,http://www.biolib.de/sturm/flora05/high/IMG_9233.html,"composite: 2 Latin names indexed on this page; page type not probed (portrait pages are colour plates, landscape are text spreads, in the pages probed); German names indexed on this page: Garten-Melde; Glanz-Melde"
Chenopodium hybridum calothecum,Schöne Melde,Band 5 (1901),icon 96,http://www.biolib.de/sturm/flora05/high/IMG_9136.jpg,http://www.biolib.de/sturm/flora05/high/IMG_9136.html,page type by screen image 1665x1200: text spread (landscape)
Chenopodium latifolium,Breitblättrige Melde,Band 5 (1901),icon 89,http://www.biolib.de/sturm/flora05/high/IMG_9129.jpg,http://www.biolib.de/sturm/flora05/high/IMG_9129.html,page type by screen image 1659x1200: text spread (landscape)
Chenopodium latum,,Band 5 (1901),icon 94,http://www.biolib.de/sturm/flora05/high/IMG_9134.jpg,http://www.biolib.de/sturm/flora05/high/IMG_9134.html,"composite: 2 Latin names indexed on this page; page type not probed (portrait pages are colour plates, landscape are text spreads, in the pages probed); German names indexed on this page: Keil-Melde; Potulak-Melde"
Chenopodium murale,,Band 5 (1901),icon 82,http://www.biolib.de/sturm/flora05/high/IMG_9122.jpg,http://www.biolib.de/sturm/flora05/high/IMG_9122.html,"composite: 2 Latin names indexed on this page; page type not probed (portrait pages are colour plates, landscape are text spreads, in the pages probed); German names indexed on this page: Mauer-Melde; Trauben-Melde"
Chenopodium oblongifolium,,Band 5 (1901),icon 91,http://www.biolib.de/sturm/flora05/high/IMG_9131.jpg,http://www.biolib.de/sturm/flora05/high/IMG_9131.html,"composite: 2 Latin names indexed on this page; page type not probed (portrait pages are colour plates, landscape are text spreads, in the pages probed); German names indexed on this page: Langblättrige Melde; Strand-Melde"
Chenopodium opulifolium,Schneeball-Melde,Band 5 (1901),icon 80,http://www.biolib.de/sturm/flora05/high/IMG_9120.jpg,http://www.biolib.de/sturm/flora05/high/IMG_9120.html,"page type not probed (portrait pages are colour plates, landscape are text spreads, in the pages probed)"
Chenopodium polyspermum,Vielsamige Melde,Band 5 (1901),icon 190,http://www.biolib.de/sturm/flora05/high/IMG_9232.jpg,http://www.biolib.de/sturm/flora05/high/IMG_9232.html,"page type not probed (portrait pages are colour plates, landscape are text spreads, in the pages probed)"
Chenopodium portulacoides,,Band 5 (1901),icon 94,http://www.biolib.de/sturm/flora05/high/IMG_9134.jpg,http://www.biolib.de/sturm/flora05/high/IMG_9134.html,"composite: 2 Latin names indexed on this page; page type not probed (portrait pages are colour plates, landscape are text spreads, in the pages probed); German names indexed on this page: Keil-Melde; Potulak-Melde"
Chenopodium roseum,Rosen-Melde,Band 5 (1901),icon 192,http://www.biolib.de/sturm/flora05/high/IMG_9234.jpg,http://www.biolib.de/sturm/flora05/high/IMG_9234.html,"page type not probed (portrait pages are colour plates, landscape are text spreads, in the pages probed)"
Chenopodium rubrum,Rote Melde,Band 5 (1901),icon 84,http://www.biolib.de/sturm/flora05/high/IMG_9124.jpg,http://www.biolib.de/sturm/flora05/high/IMG_9124.html,page type by screen image 1656x1200: text spread (landscape)
Chenopodium stramonifolium,,Band 5 (1901),icon 188,http://www.biolib.de/sturm/flora05/high/IMG_9230.jpg,http://www.biolib.de/sturm/flora05/high/IMG_9230.html,composite: 2 Latin names indexed on this page; page type by screen image 750x1200: colour plate page (portrait); German names indexed on this page: Gänsefuss; Stadt-Melde
Chenopodium tataricum,Tataren-Melde,Band 5 (1901),icon 92,http://www.biolib.de/sturm/flora05/high/IMG_9132.jpg,http://www.biolib.de/sturm/flora05/high/IMG_9132.html,"page type not probed (portrait pages are colour plates, landscape are text spreads, in the pages probed)"
Chenopodium urbicum,,Band 5 (1901),icon 188,http://www.biolib.de/sturm/flora05/high/IMG_9230.jpg,http://www.biolib.de/sturm/flora05/high/IMG_9230.html,composite: 2 Latin names indexed on this page; page type by screen image 750x1200: colour plate page (portrait); German names indexed on this page: Gänsefuss; Stadt-Melde
Chenopodium vulvaria,Stink-Melde,Band 5 (1901),icon 81,http://www.biolib.de/sturm/flora05/high/IMG_9121.jpg,http://www.biolib.de/sturm/flora05/high/IMG_9121.html,"page type not probed (portrait pages are colour plates, landscape are text spreads, in the pages probed)"
Corispermum marschallii,Marschall-Wanzensamen,Band 5 (1901),icon 194,http://www.biolib.de/sturm/flora05/high/IMG_9236.jpg,http://www.biolib.de/sturm/flora05/high/IMG_9236.html,page type by screen image 759x1200: colour plate page (portrait)
Corispermum patens,Mittlerer Wanzensamen,Band 5 (1901),icon 100,http://www.biolib.de/sturm/flora05/high/IMG_9140.jpg,http://www.biolib.de/sturm/flora05/high/IMG_9140.html,"page type not probed (portrait pages are colour plates, landscape are text spreads, in the pages probed)"
Delphinium consolida,Feld-Rittersporn,Band 5 (1901),icon 118,http://www.biolib.de/sturm/flora05/high/IMG_9158.jpg,http://www.biolib.de/sturm/flora05/high/IMG_9158.html,"page type not probed (portrait pages are colour plates, landscape are text spreads, in the pages probed)"
Delphinium napellus,Blauer Eisenhut,Band 5 (1901),icon 200,http://www.biolib.de/sturm/flora05/high/IMG_9242.jpg,http://www.biolib.de/sturm/flora05/high/IMG_9242.html,page type by screen image 810x1200: colour plate page (portrait)
Epimedium alpinum,Sockenblume,Band 5 (1901),icon 155,http://www.biolib.de/sturm/flora05/high/IMG_9195.jpg,http://www.biolib.de/sturm/flora05/high/IMG_9195.html,"page type not probed (portrait pages are colour plates, landscape are text spreads, in the pages probed)"
Eranthis hiemalis,Winterling,Band 5 (1901),icon 122,http://www.biolib.de/sturm/flora05/high/IMG_9162.jpg,http://www.biolib.de/sturm/flora05/high/IMG_9162.html,"page type not probed (portrait pages are colour plates, landscape are text spreads, in the pages probed)"
Helleborus foetidus,Stinkende Nieswurz,Band 5 (1901),icon 123,http://www.biolib.de/sturm/flora05/high/IMG_9163.jpg,http://www.biolib.de/sturm/flora05/high/IMG_9163.html,"page type not probed (portrait pages are colour plates, landscape are text spreads, in the pages probed)"
Kochia arenaria,Sand-Kochie,Band 5 (1901),icon 193,http://www.biolib.de/sturm/flora05/high/IMG_9235.jpg,http://www.biolib.de/sturm/flora05/high/IMG_9235.html,"page type not probed (portrait pages are colour plates, landscape are text spreads, in the pages probed)"
Mantia minor,,Band 5 (1901),icon 195,http://www.biolib.de/sturm/flora05/high/IMG_9237.jpg,http://www.biolib.de/sturm/flora05/high/IMG_9237.html,"composite: 2 Latin names indexed on this page; page type not probed (portrait pages are colour plates, landscape are text spreads, in the pages probed); German names indexed on this page: Kleine Montie; Kleines Knorpelkraut"
Nigella arvensis,Wilder Schwarzkümmel,Band 5 (1901),icon 120,http://www.biolib.de/sturm/flora05/high/IMG_9160.jpg,http://www.biolib.de/sturm/flora05/high/IMG_9160.html,"page type not probed (portrait pages are colour plates, landscape are text spreads, in the pages probed)"
Nuphar luteum,Grosse Kandel,Band 5 (1901),icon 196,http://www.biolib.de/sturm/flora05/high/IMG_9238.jpg,http://www.biolib.de/sturm/flora05/high/IMG_9238.html,"page type not probed (portrait pages are colour plates, landscape are text spreads, in the pages probed)"
Nymphaea polystigma,Offene Wasserlilie,Band 5 (1901),icon 197,http://www.biolib.de/sturm/flora05/high/IMG_9239.jpg,http://www.biolib.de/sturm/flora05/high/IMG_9239.html,"page type not probed (portrait pages are colour plates, landscape are text spreads, in the pages probed)"
Paronychia hernaria,Echtes Bruchkraut,Band 5 (1901),icon 164,http://www.biolib.de/sturm/flora05/high/IMG_9205.jpg,http://www.biolib.de/sturm/flora05/high/IMG_9205.html,"page type not probed (portrait pages are colour plates, landscape are text spreads, in the pages probed)"
Polycnemum arvense,,Band 5 (1901),icon 195,http://www.biolib.de/sturm/flora05/high/IMG_9237.jpg,http://www.biolib.de/sturm/flora05/high/IMG_9237.html,"composite: 2 Latin names indexed on this page; page type not probed (portrait pages are colour plates, landscape are text spreads, in the pages probed); German names indexed on this page: Kleine Montie; Kleines Knorpelkraut"
Ranunculus acris,,Band 5 (1901),icon 210,http://www.biolib.de/sturm/flora05/high/IMG_9253.jpg,http://www.biolib.de/sturm/flora05/high/IMG_9253.html,"composite: 2 Latin names indexed on this page; page type not probed (portrait pages are colour plates, landscape are text spreads, in the pages probed); German names indexed on this page: Scharfer Hahnenfuss; Wolliger Hahnenfuss"
Ranunculus arvensis,Acker-Hahnenfuss,Band 5 (1901),icon 216,http://www.biolib.de/sturm/flora05/high/IMG_9259.jpg,http://www.biolib.de/sturm/flora05/high/IMG_9259.html,"page type not probed (portrait pages are colour plates, landscape are text spreads, in the pages probed)"
Ranunculus auricomus,Goldhaar-Hahnenfuss,Band 5 (1901),icon 214,http://www.biolib.de/sturm/flora05/high/IMG_9257.jpg,http://www.biolib.de/sturm/flora05/high/IMG_9257.html,"page type not probed (portrait pages are colour plates, landscape are text spreads, in the pages probed)"
Ranunculus bulbosus,,Band 5 (1901),icon 213,http://www.biolib.de/sturm/flora05/high/IMG_9256.jpg,http://www.biolib.de/sturm/flora05/high/IMG_9256.html,"composite: 2 Latin names indexed on this page; page type not probed (portrait pages are colour plates, landscape are text spreads, in the pages probed); German names indexed on this page: Kaschuben-Hahnenfuss; Knolliger Hahnenfuss"
Ranunculus cassubicus,,Band 5 (1901),icon 213,http://www.biolib.de/sturm/flora05/high/IMG_9256.jpg,http://www.biolib.de/sturm/flora05/high/IMG_9256.html,"composite: 2 Latin names indexed on this page; page type not probed (portrait pages are colour plates, landscape are text spreads, in the pages probed); German names indexed on this page: Kaschuben-Hahnenfuss; Knolliger Hahnenfuss"
Ranunculus circinatus,,Band 5 (1901),icon 219,http://www.biolib.de/sturm/flora05/high/IMG_9262.jpg,http://www.biolib.de/sturm/flora05/high/IMG_9262.html,composite: 2 Latin names indexed on this page; page type by screen image 786x1200: colour plate page (portrait); German names indexed on this page: Epheu-Ranunkel; Steifblättrige Wasser-Ranunkel
Ranunculus ficaria,Feigwurz,Band 5 (1901),icon 221,http://www.biolib.de/sturm/flora05/high/IMG_9264.jpg,http://www.biolib.de/sturm/flora05/high/IMG_9264.html,"page type not probed (portrait pages are colour plates, landscape are text spreads, in the pages probed)"
Ranunculus flammula,Kleine Sumpf-Ranunkel,Band 5 (1901),icon 207,http://www.biolib.de/sturm/flora05/high/IMG_9250.jpg,http://www.biolib.de/sturm/flora05/high/IMG_9250.html,"page type not probed (portrait pages are colour plates, landscape are text spreads, in the pages probed)"
Ranunculus flammula-reptans,Kleine Sumpf-Ranunkel Uferform,Band 5 (1901),icon 208,http://www.biolib.de/sturm/flora05/high/IMG_9251.jpg,http://www.biolib.de/sturm/flora05/high/IMG_9251.html,page type by screen image 770x1200: colour plate page (portrait)
Ranunculus hederaceus,,Band 5 (1901),icon 219,http://www.biolib.de/sturm/flora05/high/IMG_9262.jpg,http://www.biolib.de/sturm/flora05/high/IMG_9262.html,composite: 2 Latin names indexed on this page; page type by screen image 786x1200: colour plate page (portrait); German names indexed on this page: Epheu-Ranunkel; Steifblättrige Wasser-Ranunkel
Ranunculus hybridus fluitans,Fluss-Ranunkel,Band 5 (1901),icon 220,http://www.biolib.de/sturm/flora05/high/IMG_9263.jpg,http://www.biolib.de/sturm/flora05/high/IMG_9263.html,"page type not probed (portrait pages are colour plates, landscape are text spreads, in the pages probed)"
Ranunculus hybridus peltatus,Rundblättrige Wasserranunkel,Band 5 (1901),icon 218,http://www.biolib.de/sturm/flora05/high/IMG_9261.jpg,http://www.biolib.de/sturm/flora05/high/IMG_9261.html,page type by screen image 769x1200: colour plate page (portrait)
Ranunculus hybridus philonotis,Weiden-Hahnenfuss,Band 5 (1901),icon 215,http://www.biolib.de/sturm/flora05/high/IMG_9258.jpg,http://www.biolib.de/sturm/flora05/high/IMG_9258.html,"page type not probed (portrait pages are colour plates, landscape are text spreads, in the pages probed)"
Ranunculus lanuginosus,,Band 5 (1901),icon 210,http://www.biolib.de/sturm/flora05/high/IMG_9253.jpg,http://www.biolib.de/sturm/flora05/high/IMG_9253.html,"composite: 2 Latin names indexed on this page; page type not probed (portrait pages are colour plates, landscape are text spreads, in the pages probed); German names indexed on this page: Scharfer Hahnenfuss; Wolliger Hahnenfuss"
Ranunculus lingua,Grosse Sumpf-Ranunkel,Band 5 (1901),icon 209,http://www.biolib.de/sturm/flora05/high/IMG_9252.jpg,http://www.biolib.de/sturm/flora05/high/IMG_9252.html,"page type not probed (portrait pages are colour plates, landscape are text spreads, in the pages probed)"
Ranunculus minimus,Mauseschwanz,Band 5 (1901),icon 223,http://www.biolib.de/sturm/flora05/high/IMG_9266.jpg,http://www.biolib.de/sturm/flora05/high/IMG_9266.html,"page type not probed (portrait pages are colour plates, landscape are text spreads, in the pages probed)"
Ranunculus nemorosus,,Band 5 (1901),icon 212,http://www.biolib.de/sturm/flora05/high/IMG_9255.jpg,http://www.biolib.de/sturm/flora05/high/IMG_9255.html,"composite: 2 Latin names indexed on this page; page type not probed (portrait pages are colour plates, landscape are text spreads, in the pages probed); German names indexed on this page: Goldknöpfchen; Wald-Hahnenfuss"
Ranunculus petiveri,Petiver-Ranunkel,Band 5 (1901),icon 134,http://www.biolib.de/sturm/flora05/high/IMG_9174.jpg,http://www.biolib.de/sturm/flora05/high/IMG_9174.html,"page type not probed (portrait pages are colour plates, landscape are text spreads, in the pages probed)"
Ranunculus polyanthemus,Blumenreicher Hahnenfuss,Band 5 (1901),icon 211,http://www.biolib.de/sturm/flora05/high/IMG_9254.jpg,http://www.biolib.de/sturm/flora05/high/IMG_9254.html,"page type not probed (portrait pages are colour plates, landscape are text spreads, in the pages probed)"
Ranunculus repens,,Band 5 (1901),icon 212,http://www.biolib.de/sturm/flora05/high/IMG_9255.jpg,http://www.biolib.de/sturm/flora05/high/IMG_9255.html,"composite: 2 Latin names indexed on this page; page type not probed (portrait pages are colour plates, landscape are text spreads, in the pages probed); German names indexed on this page: Goldknöpfchen; Wald-Hahnenfuss"
Ranunculus sceleratus,Gift-Hahnenfuss,Band 5 (1901),icon 217,http://www.biolib.de/sturm/flora05/high/IMG_9260.jpg,http://www.biolib.de/sturm/flora05/high/IMG_9260.html,"page type not probed (portrait pages are colour plates, landscape are text spreads, in the pages probed)"
Ranunculus testiculatus,Geradhorn,Band 5 (1901),icon 222,http://www.biolib.de/sturm/flora05/high/IMG_9265.jpg,http://www.biolib.de/sturm/flora05/high/IMG_9265.html,"page type not probed (portrait pages are colour plates, landscape are text spreads, in the pages probed)"
Scleranthus annuus,Schwacher Knauel,Band 5 (1901),icon 178,http://www.biolib.de/sturm/flora05/high/IMG_9220.jpg,http://www.biolib.de/sturm/flora05/high/IMG_9220.html,"page type not probed (portrait pages are colour plates, landscape are text spreads, in the pages probed)"
Scleranthus perennis,Starker Knauel,Band 5 (1901),icon 39,http://www.biolib.de/sturm/flora05/high/IMG_9079.jpg,http://www.biolib.de/sturm/flora05/high/IMG_9079.html,"page type not probed (portrait pages are colour plates, landscape are text spreads, in the pages probed)"
Silene alba,Weisses Liedweich,Band 5 (1901),icon 180,http://www.biolib.de/sturm/flora05/high/IMG_9222.jpg,http://www.biolib.de/sturm/flora05/high/IMG_9222.html,"page type not probed (portrait pages are colour plates, landscape are text spreads, in the pages probed)"
Silene arenaria,,Band 5 (1901),icon 59,http://www.biolib.de/sturm/flora05/high/IMG_9099.jpg,http://www.biolib.de/sturm/flora05/high/IMG_9099.html,"composite: 2 Latin names indexed on this page; page type not probed (portrait pages are colour plates, landscape are text spreads, in the pages probed); German names indexed on this page: Sand-Nelke; Stein-Nelke"
Silene armeria,Mückenfang,Band 5 (1901),icon 183,http://www.biolib.de/sturm/flora05/high/IMG_9225.jpg,http://www.biolib.de/sturm/flora05/high/IMG_9225.html,"page type not probed (portrait pages are colour plates, landscape are text spreads, in the pages probed)"
Silene baccifera,Nelkenbeere,Band 5 (1901),icon 52,http://www.biolib.de/sturm/flora05/high/IMG_9092.jpg,http://www.biolib.de/sturm/flora05/high/IMG_9092.html,"page type not probed (portrait pages are colour plates, landscape are text spreads, in the pages probed)"
Silene caesia,Pfingst-Nelke,Band 5 (1901),icon 58,http://www.biolib.de/sturm/flora05/high/IMG_9098.jpg,http://www.biolib.de/sturm/flora05/high/IMG_9098.html,"page type not probed (portrait pages are colour plates, landscape are text spreads, in the pages probed)"
Silene carthusianorum,Karthäuser-Nelke,Band 5 (1901),icon 186,http://www.biolib.de/sturm/flora05/high/IMG_9228.jpg,http://www.biolib.de/sturm/flora05/high/IMG_9228.html,"page type not probed (portrait pages are colour plates, landscape are text spreads, in the pages probed)"
Silene cuculi,Kuckucks-Nelke,Band 5 (1901),icon 50,http://www.biolib.de/sturm/flora05/high/IMG_9090.jpg,http://www.biolib.de/sturm/flora05/high/IMG_9090.html,"page type not probed (portrait pages are colour plates, landscape are text spreads, in the pages probed)"
Silene deltoides,,Band 5 (1901),icon 59,http://www.biolib.de/sturm/flora05/high/IMG_9099.jpg,http://www.biolib.de/sturm/flora05/high/IMG_9099.html,"composite: 2 Latin names indexed on this page; page type not probed (portrait pages are colour plates, landscape are text spreads, in the pages probed); German names indexed on this page: Sand-Nelke; Stein-Nelke"
Silene githago,Rade,Band 5 (1901),icon 179,http://www.biolib.de/sturm/flora05/high/IMG_9221.jpg,http://www.biolib.de/sturm/flora05/high/IMG_9221.html,"page type not probed (portrait pages are colour plates, landscape are text spreads, in the pages probed)"
Silene inflata,,Band 5 (1901),icon 48,http://www.biolib.de/sturm/flora05/high/IMG_9088.jpg,http://www.biolib.de/sturm/flora05/high/IMG_9088.html,"composite: 2 Latin names indexed on this page; page type not probed (portrait pages are colour plates, landscape are text spreads, in the pages probed); German names indexed on this page: Ohrlöffel-Nelke; Taubenkropf"
Silene muralis,Mauer-Nelke,Band 5 (1901),icon 53,http://www.biolib.de/sturm/flora05/high/IMG_9093.jpg,http://www.biolib.de/sturm/flora05/high/IMG_9093.html,"page type not probed (portrait pages are colour plates, landscape are text spreads, in the pages probed)"
Silene noctiflora,Nacht-Nelke,Band 5 (1901),icon 182,http://www.biolib.de/sturm/flora05/high/IMG_9224.jpg,http://www.biolib.de/sturm/flora05/high/IMG_9224.html,page type by screen image 804x1200: colour plate page (portrait)
Silene nutans,Nickende Nelke,Band 5 (1901),icon 47,http://www.biolib.de/sturm/flora05/high/IMG_9087.jpg,http://www.biolib.de/sturm/flora05/high/IMG_9087.html,page type by screen image 1634x1200: text spread (landscape)
Silene ocymoides,Basilikum-Nelke,Band 5 (1901),icon 61,http://www.biolib.de/sturm/flora05/high/IMG_9101.jpg,http://www.biolib.de/sturm/flora05/high/IMG_9101.html,"page type not probed (portrait pages are colour plates, landscape are text spreads, in the pages probed)"
Silene otites,,Band 5 (1901),icon 48,http://www.biolib.de/sturm/flora05/high/IMG_9088.jpg,http://www.biolib.de/sturm/flora05/high/IMG_9088.html,"composite: 2 Latin names indexed on this page; page type not probed (portrait pages are colour plates, landscape are text spreads, in the pages probed); German names indexed on this page: Ohrlöffel-Nelke; Taubenkropf"
Silene rubra,Rotes Liedweich,Band 5 (1901),icon 181,http://www.biolib.de/sturm/flora05/high/IMG_9223.jpg,http://www.biolib.de/sturm/flora05/high/IMG_9223.html,"page type not probed (portrait pages are colour plates, landscape are text spreads, in the pages probed)"
Silene rupestris,Felsen-Nelke,Band 5 (1901),icon 44,http://www.biolib.de/sturm/flora05/high/IMG_9084.jpg,http://www.biolib.de/sturm/flora05/high/IMG_9084.html,page type by screen image 1634x1200: text spread (landscape)
Silene saponaria,Seifenkraut,Band 5 (1901),icon 187,http://www.biolib.de/sturm/flora05/high/IMG_9229.jpg,http://www.biolib.de/sturm/flora05/high/IMG_9229.html,"page type not probed (portrait pages are colour plates, landscape are text spreads, in the pages probed)"
Silene seguierii,Wald-Nelke,Band 5 (1901),icon 185,http://www.biolib.de/sturm/flora05/high/IMG_9227.jpg,http://www.biolib.de/sturm/flora05/high/IMG_9227.html,"page type not probed (portrait pages are colour plates, landscape are text spreads, in the pages probed)"
Silene superba,Pracht-Nelke,Band 5 (1901),icon 60,http://www.biolib.de/sturm/flora05/high/IMG_9100.jpg,http://www.biolib.de/sturm/flora05/high/IMG_9100.html,page type by screen image 1634x1200: text spread (landscape)
Silene vaccaria,Kuhkraut,Band 5 (1901),icon 62,http://www.biolib.de/sturm/flora05/high/IMG_9102.jpg,http://www.biolib.de/sturm/flora05/high/IMG_9102.html,"page type not probed (portrait pages are colour plates, landscape are text spreads, in the pages probed)"
Silene vaga,Weg-Nelke,Band 5 (1901),icon 184,http://www.biolib.de/sturm/flora05/high/IMG_9226.jpg,http://www.biolib.de/sturm/flora05/high/IMG_9226.html,"page type not probed (portrait pages are colour plates, landscape are text spreads, in the pages probed)"
Silene viscaria,Pech-Nelke,Band 5 (1901),icon 43,http://www.biolib.de/sturm/flora05/high/IMG_9083.jpg,http://www.biolib.de/sturm/flora05/high/IMG_9083.html,"page type not probed (portrait pages are colour plates, landscape are text spreads, in the pages probed)"
Spergula morisonii,Morison-Spergel,Band 5 (1901),icon 162,http://www.biolib.de/sturm/flora05/high/IMG_9202.jpg,http://www.biolib.de/sturm/flora05/high/IMG_9202.html,"page type not probed (portrait pages are colour plates, landscape are text spreads, in the pages probed)"
Thalictrum aquilegifolium,Akeleiblättrige Wiesenraute,Band 5 (1901),icon 225,http://www.biolib.de/sturm/flora05/high/IMG_9268.jpg,http://www.biolib.de/sturm/flora05/high/IMG_9268.html,page type by screen image 785x1200: colour plate page (portrait)
Trollius europaeus,Trollblume,Band 5 (1901),icon 198,http://www.biolib.de/sturm/flora05/high/IMG_9240.jpg,http://www.biolib.de/sturm/flora05/high/IMG_9240.html,"page type not probed (portrait pages are colour plates, landscape are text spreads, in the pages probed)"
Trollius paluster,Dotterblume,Band 5 (1901),icon 199,http://www.biolib.de/sturm/flora05/high/IMG_9241.jpg,http://www.biolib.de/sturm/flora05/high/IMG_9241.html,"page type not probed (portrait pages are colour plates, landscape are text spreads, in the pages probed)"
Alliaria petiolata,,Band 6 (1902),icon 45,http://www.biolib.de/sturm/flora06/high/IMG_2613.jpg,http://www.biolib.de/sturm/flora06/high/IMG_2613.html,"composite: 2 Latin names indexed on this page; page type not probed (portrait pages are colour plates, landscape are text spreads, in the pages probed); German names indexed on this page: Knoblauch-Rauke; Knoblauchhederich; Knoblauchsrauke; Lauchkraut"
Arabidopsis thaliana,,Band 6 (1902),icon 134,http://www.biolib.de/sturm/flora06/high/IMG_2702.jpg,http://www.biolib.de/sturm/flora06/high/IMG_2702.html,composite: 2 Latin names indexed on this page; page type by screen image 797x1273: colour plate page (portrait); German names indexed on this page: Ackerschmalwand; Thal-Kreuzblume
Capsella bursa-pastoris,,Band 6 (1902),icon 151,http://www.biolib.de/sturm/flora06/high/IMG_2719.jpg,http://www.biolib.de/sturm/flora06/high/IMG_2719.html,"composite: 2 Latin names indexed on this page; page type not probed (portrait pages are colour plates, landscape are text spreads, in the pages probed); German names indexed on this page: Hirtentäschel"
Cardamine pratensis,,Band 6 (1902),icon 140,http://www.biolib.de/sturm/flora06/high/IMG_2708.jpg,http://www.biolib.de/sturm/flora06/high/IMG_2708.html,composite: 3 Latin names indexed on this page; page type by screen image 797x1273: colour plate page (portrait); German names indexed on this page: Bittere Brunnenkresse; Wiesen-Schaumkraut
Cistus helianthemum,Echtes Sonnenröschen,Band 6 (1902),icon 179,http://www.biolib.de/sturm/flora06/high/IMG_2747.jpg,http://www.biolib.de/sturm/flora06/high/IMG_2747.html,page type by screen image 797x1273: colour plate page (portrait)
Crucifera aizoides,Steifblättriges Hungerblümchen,Band 6 (1902),icon 31,http://www.biolib.de/sturm/flora06/high/IMG_2599.jpg,http://www.biolib.de/sturm/flora06/high/IMG_2599.html,page type by screen image 1201x867: text spread (landscape)
Crucifera alliaria,,Band 6 (1902),icon 45,http://www.biolib.de/sturm/flora06/high/IMG_2613.jpg,http://www.biolib.de/sturm/flora06/high/IMG_2613.html,"composite: 2 Latin names indexed on this page; page type not probed (portrait pages are colour plates, landscape are text spreads, in the pages probed); German names indexed on this page: Knoblauch-Rauke; Knoblauchhederich; Knoblauchsrauke; Lauchkraut"
Crucifera alyssum,Echtes Schildkraut,Band 6 (1902),icon 148,http://www.biolib.de/sturm/flora06/high/IMG_2716.jpg,http://www.biolib.de/sturm/flora06/high/IMG_2716.html,page type by screen image 797x1273: colour plate page (portrait)
Crucifera amara,,Band 6 (1902),icon 140,http://www.biolib.de/sturm/flora06/high/IMG_2708.jpg,http://www.biolib.de/sturm/flora06/high/IMG_2708.html,composite: 3 Latin names indexed on this page; page type by screen image 797x1273: colour plate page (portrait); German names indexed on this page: Bittere Brunnenkresse; Wiesen-Schaumkraut
Crucifera amphibia X sylvestris,,Band 6 (1902),icon 83,http://www.biolib.de/sturm/flora06/high/IMG_2651.jpg,http://www.biolib.de/sturm/flora06/high/IMG_2651.html,"page type not probed (portrait pages are colour plates, landscape are text spreads, in the pages probed)"
Crucifera arabis,,Band 6 (1902),icon 143,http://www.biolib.de/sturm/flora06/high/IMG_2711.jpg,http://www.biolib.de/sturm/flora06/high/IMG_2711.html,composite: 2 Latin names indexed on this page; page type by screen image 797x1273: colour plate page (portrait); German names indexed on this page: Alpen-Grützblume; Kleines Turmkraut
Crucifera arcuata,Bogiges Barbarakraut,Band 6 (1902),icon 49,http://www.biolib.de/sturm/flora06/high/IMG_2617.jpg,http://www.biolib.de/sturm/flora06/high/IMG_2617.html,page type by screen image 1201x867: text spread (landscape)
Crucifera arenosa,,Band 6 (1902),icon 144,http://www.biolib.de/sturm/flora06/high/IMG_2712.jpg,http://www.biolib.de/sturm/flora06/high/IMG_2712.html,composite: 2 Latin names indexed on this page; page type by screen image 797x1273: colour plate page (portrait); German names indexed on this page: Echtes Turmkraut; Gänsekresse
Crucifera armoracia,Meerrettich,Band 6 (1902),icon 29,http://www.biolib.de/sturm/flora06/high/IMG_2597.jpg,http://www.biolib.de/sturm/flora06/high/IMG_2597.html,"page type not probed (portrait pages are colour plates, landscape are text spreads, in the pages probed)"
Crucifera auriculata,Geöhres Turmkraut,Band 6 (1902),icon 51,http://www.biolib.de/sturm/flora06/high/IMG_2619.jpg,http://www.biolib.de/sturm/flora06/high/IMG_2619.html,"page type not probed (portrait pages are colour plates, landscape are text spreads, in the pages probed)"
Crucifera berteroa,Berteroe,Band 6 (1902),icon 38,http://www.biolib.de/sturm/flora06/high/IMG_2606.jpg,http://www.biolib.de/sturm/flora06/high/IMG_2606.html,"page type not probed (portrait pages are colour plates, landscape are text spreads, in the pages probed)"
Crucifera biscutella,Brillenschötchen,Band 6 (1902),icon 79,http://www.biolib.de/sturm/flora06/high/IMG_2647.jpg,http://www.biolib.de/sturm/flora06/high/IMG_2647.html,"page type not probed (portrait pages are colour plates, landscape are text spreads, in the pages probed)"
Crucifera bulbifera,,Band 6 (1902),icon 142,http://www.biolib.de/sturm/flora06/high/IMG_2710.jpg,http://www.biolib.de/sturm/flora06/high/IMG_2710.html,composite: 2 Latin names indexed on this page; page type by screen image 797x1273: colour plate page (portrait); German names indexed on this page: Siebenblättrige Zahnwurz; Zwiebeltragende Zahnwurz
Crucifera cakile,Meersenf,Band 6 (1902),icon 69,http://www.biolib.de/sturm/flora06/high/IMG_2637.jpg,http://www.biolib.de/sturm/flora06/high/IMG_2637.html,"page type not probed (portrait pages are colour plates, landscape are text spreads, in the pages probed)"
Crucifera calycina,Kelch-Schildkraut,Band 6 (1902),icon 36,http://www.biolib.de/sturm/flora06/high/IMG_2604.jpg,http://www.biolib.de/sturm/flora06/high/IMG_2604.html,page type by screen image 1201x867: text spread (landscape)
Crucifera camelina microcarpa,,Band 6 (1902),icon 158,http://www.biolib.de/sturm/flora06/high/IMG_2726.jpg,http://www.biolib.de/sturm/flora06/high/IMG_2726.html,"composite: 2 Latin names indexed on this page; page type not probed (portrait pages are colour plates, landscape are text spreads, in the pages probed); German names indexed on this page: Pfriemenkresse; Wilder Dotter"
Crucifera capsella,,Band 6 (1902),icon 151,http://www.biolib.de/sturm/flora06/high/IMG_2719.jpg,http://www.biolib.de/sturm/flora06/high/IMG_2719.html,"composite: 2 Latin names indexed on this page; page type not probed (portrait pages are colour plates, landscape are text spreads, in the pages probed); German names indexed on this page: Hirtentäschel"
Crucifera capselloides,Mauer-Hungerblümchen,Band 6 (1902),icon 145,http://www.biolib.de/sturm/flora06/high/IMG_2713.jpg,http://www.biolib.de/sturm/flora06/high/IMG_2713.html,"page type not probed (portrait pages are colour plates, landscape are text spreads, in the pages probed)"
Crucifera cardamine sylvatica,Wald-Schaumkraut,Band 6 (1902),icon 57,http://www.biolib.de/sturm/flora06/high/IMG_2625.jpg,http://www.biolib.de/sturm/flora06/high/IMG_2625.html,page type by screen image 1201x867: text spread (landscape)
Crucifera cardaria,Herz-Kresse,Band 6 (1902),icon 77,http://www.biolib.de/sturm/flora06/high/IMG_2645.jpg,http://www.biolib.de/sturm/flora06/high/IMG_2645.html,page type by screen image 1201x867: text spread (landscape)
Crucifera cheiri,Goldlack,Band 6 (1902),icon 135,http://www.biolib.de/sturm/flora06/high/IMG_2703.jpg,http://www.biolib.de/sturm/flora06/high/IMG_2703.html,"page type not probed (portrait pages are colour plates, landscape are text spreads, in the pages probed)"
Crucifera coerulescens,Alpen-Täschelkraut,Band 6 (1902),icon 73,http://www.biolib.de/sturm/flora06/high/IMG_2641.jpg,http://www.biolib.de/sturm/flora06/high/IMG_2641.html,"page type not probed (portrait pages are colour plates, landscape are text spreads, in the pages probed)"
Crucifera conringia,Conringie,Band 6 (1902),icon 131,http://www.biolib.de/sturm/flora06/high/IMG_2699.jpg,http://www.biolib.de/sturm/flora06/high/IMG_2699.html,"page type not probed (portrait pages are colour plates, landscape are text spreads, in the pages probed)"
Crucifera contracta,,Band 6 (1902),icon 143,http://www.biolib.de/sturm/flora06/high/IMG_2711.jpg,http://www.biolib.de/sturm/flora06/high/IMG_2711.html,composite: 2 Latin names indexed on this page; page type by screen image 797x1273: colour plate page (portrait); German names indexed on this page: Alpen-Grützblume; Kleines Turmkraut
Crucifera corvini,Corvinus-Kreuzblume,Band 6 (1902),icon 159,http://www.biolib.de/sturm/flora06/high/IMG_2727.jpg,http://www.biolib.de/sturm/flora06/high/IMG_2727.html,page type by screen image 797x1273: colour plate page (portrait)
Crucifera diplotaxis,Mauer-Rauke,Band 6 (1902),icon 161,http://www.biolib.de/sturm/flora06/high/IMG_2729.jpg,http://www.biolib.de/sturm/flora06/high/IMG_2729.html,"page type not probed (portrait pages are colour plates, landscape are text spreads, in the pages probed)"
Crucifera erophila,Frühlings-Hungerblümchen,Band 6 (1902),icon 33,http://www.biolib.de/sturm/flora06/high/IMG_2601.jpg,http://www.biolib.de/sturm/flora06/high/IMG_2601.html,"page type not probed (portrait pages are colour plates, landscape are text spreads, in the pages probed)"
Crucifera eruca,,Band 6 (1902),icon 70,http://www.biolib.de/sturm/flora06/high/IMG_2638.jpg,http://www.biolib.de/sturm/flora06/high/IMG_2638.html,"composite: 2 Latin names indexed on this page; page type not probed (portrait pages are colour plates, landscape are text spreads, in the pages probed); German names indexed on this page: Zackenschote"
Crucifera erucago,,Band 6 (1902),icon 70,http://www.biolib.de/sturm/flora06/high/IMG_2638.jpg,http://www.biolib.de/sturm/flora06/high/IMG_2638.html,"composite: 2 Latin names indexed on this page; page type not probed (portrait pages are colour plates, landscape are text spreads, in the pages probed); German names indexed on this page: Zackenschote"
Crucifera erysimum,Schotendotter,Band 6 (1902),icon 129,http://www.biolib.de/sturm/flora06/high/IMG_2697.jpg,http://www.biolib.de/sturm/flora06/high/IMG_2697.html,"page type not probed (portrait pages are colour plates, landscape are text spreads, in the pages probed)"
Crucifera fontana,Echte Brunnenkresse,Band 6 (1902),icon 137,http://www.biolib.de/sturm/flora06/high/IMG_2705.jpg,http://www.biolib.de/sturm/flora06/high/IMG_2705.html,"page type not probed (portrait pages are colour plates, landscape are text spreads, in the pages probed)"
Crucifera graminifolia,Grasblättrige Kresse,Band 6 (1902),icon 150,http://www.biolib.de/sturm/flora06/high/IMG_2718.jpg,http://www.biolib.de/sturm/flora06/high/IMG_2718.html,page type by screen image 797x1273: colour plate page (portrait)
Crucifera halleri,Haller-Kresse,Band 6 (1902),icon 54,http://www.biolib.de/sturm/flora06/high/IMG_2622.jpg,http://www.biolib.de/sturm/flora06/high/IMG_2622.html,"page type not probed (portrait pages are colour plates, landscape are text spreads, in the pages probed)"
Crucifera heptaphylla,,Band 6 (1902),icon 142,http://www.biolib.de/sturm/flora06/high/IMG_2710.jpg,http://www.biolib.de/sturm/flora06/high/IMG_2710.html,composite: 2 Latin names indexed on this page; page type by screen image 797x1273: colour plate page (portrait); German names indexed on this page: Siebenblättrige Zahnwurz; Zwiebeltragende Zahnwurz
Crucifera hornungia,Hornungie,Band 6 (1902),icon 152,http://www.biolib.de/sturm/flora06/high/IMG_2720.jpg,http://www.biolib.de/sturm/flora06/high/IMG_2720.html,"page type not probed (portrait pages are colour plates, landscape are text spreads, in the pages probed)"
Crucifera iberis,Echter Bauernsenf,Band 6 (1902),icon 81,http://www.biolib.de/sturm/flora06/high/IMG_2649.jpg,http://www.biolib.de/sturm/flora06/high/IMG_2649.html,"page type not probed (portrait pages are colour plates, landscape are text spreads, in the pages probed)"
Crucifera impatiens,,Band 6 (1902),icon 139,http://www.biolib.de/sturm/flora06/high/IMG_2707.jpg,http://www.biolib.de/sturm/flora06/high/IMG_2707.html,"composite: 2 Latin names indexed on this page; page type not probed (portrait pages are colour plates, landscape are text spreads, in the pages probed); German names indexed on this page: Kleinblumiges Schaumkraut; Spring-Waldkresse"
Crucifera isatis,Waid,Band 6 (1902),icon 156,http://www.biolib.de/sturm/flora06/high/IMG_2724.jpg,http://www.biolib.de/sturm/flora06/high/IMG_2724.html,"page type not probed (portrait pages are colour plates, landscape are text spreads, in the pages probed)"
Crucifera lamarckii,Lamarck-Rauke,Band 6 (1902),icon 164,http://www.biolib.de/sturm/flora06/high/IMG_2732.jpg,http://www.biolib.de/sturm/flora06/high/IMG_2732.html,"page type not probed (portrait pages are colour plates, landscape are text spreads, in the pages probed)"
Crucifera lampsana,Weisser Senf,Band 6 (1902),icon 165,http://www.biolib.de/sturm/flora06/high/IMG_2733.jpg,http://www.biolib.de/sturm/flora06/high/IMG_2733.html,"page type not probed (portrait pages are colour plates, landscape are text spreads, in the pages probed)"
Crucifera maritima,Meerkohl,Band 6 (1902),icon 167,http://www.biolib.de/sturm/flora06/high/IMG_2735.jpg,http://www.biolib.de/sturm/flora06/high/IMG_2735.html,"page type not probed (portrait pages are colour plates, landscape are text spreads, in the pages probed)"
Crucifera matronalis,Gemeine Nachtviole,Band 6 (1902),icon 60,http://www.biolib.de/sturm/flora06/high/IMG_2628.jpg,http://www.biolib.de/sturm/flora06/high/IMG_2628.html,"page type not probed (portrait pages are colour plates, landscape are text spreads, in the pages probed)"
Crucifera montana,Berg-Täschelkraut,Band 6 (1902),icon 155,http://www.biolib.de/sturm/flora06/high/IMG_2723.jpg,http://www.biolib.de/sturm/flora06/high/IMG_2723.html,"page type not probed (portrait pages are colour plates, landscape are text spreads, in the pages probed)"
Crucifera nasturtium,Gartenkresse,Band 6 (1902),icon 76,http://www.biolib.de/sturm/flora06/high/IMG_2644.jpg,http://www.biolib.de/sturm/flora06/high/IMG_2644.html,page type by screen image 1201x867: text spread (landscape)
Crucifera neslia,Neles-Dotter,Band 6 (1902),icon 28,http://www.biolib.de/sturm/flora06/high/IMG_2596.jpg,http://www.biolib.de/sturm/flora06/high/IMG_2596.html,"page type not probed (portrait pages are colour plates, landscape are text spreads, in the pages probed)"
Crucifera palustris,,Band 6 (1902),icon 138,http://www.biolib.de/sturm/flora06/high/IMG_2706.jpg,http://www.biolib.de/sturm/flora06/high/IMG_2706.html,"composite: 2 Latin names indexed on this page; page type not probed (portrait pages are colour plates, landscape are text spreads, in the pages probed); German names indexed on this page: Schlechte Kresse; Sumpf-Kresse"
Crucifera parviflora,,Band 6 (1902),icon 139,http://www.biolib.de/sturm/flora06/high/IMG_2707.jpg,http://www.biolib.de/sturm/flora06/high/IMG_2707.html,"composite: 2 Latin names indexed on this page; page type not probed (portrait pages are colour plates, landscape are text spreads, in the pages probed); German names indexed on this page: Kleinblumiges Schaumkraut; Spring-Waldkresse"
Crucifera pentaphylla,Fünfblättrige Zahnwurz,Band 6 (1902),icon 141,http://www.biolib.de/sturm/flora06/high/IMG_2709.jpg,http://www.biolib.de/sturm/flora06/high/IMG_2709.html,page type by screen image 797x1273: colour plate page (portrait)
Crucifera perfoliata,,Band 6 (1902),icon 154,http://www.biolib.de/sturm/flora06/high/IMG_2722.jpg,http://www.biolib.de/sturm/flora06/high/IMG_2722.html,"composite: 2 Latin names indexed on this page; page type not probed (portrait pages are colour plates, landscape are text spreads, in the pages probed); German names indexed on this page: Durchwachsenes Täschelkraut; Pfennigkraut"
Crucifera pollichii,,Band 6 (1902),icon 163,http://www.biolib.de/sturm/flora06/high/IMG_2731.jpg,http://www.biolib.de/sturm/flora06/high/IMG_2731.html,"page type not probed (portrait pages are colour plates, landscape are text spreads, in the pages probed); German names indexed on this page: Echte Rauke; Pollick-Rauke"
Crucifera pratensis,,Band 6 (1902),icon 140,http://www.biolib.de/sturm/flora06/high/IMG_2708.jpg,http://www.biolib.de/sturm/flora06/high/IMG_2708.html,composite: 3 Latin names indexed on this page; page type by screen image 797x1273: colour plate page (portrait); German names indexed on this page: Bittere Brunnenkresse; Wiesen-Schaumkraut
Crucifera raphanistrum,Gemeiner Hederich,Band 6 (1902),icon 168,http://www.biolib.de/sturm/flora06/high/IMG_2736.jpg,http://www.biolib.de/sturm/flora06/high/IMG_2736.html,"page type not probed (portrait pages are colour plates, landscape are text spreads, in the pages probed)"
Crucifera rediviva,Staudige Mondviole,Band 6 (1902),icon 146,http://www.biolib.de/sturm/flora06/high/IMG_2714.jpg,http://www.biolib.de/sturm/flora06/high/IMG_2714.html,"page type not probed (portrait pages are colour plates, landscape are text spreads, in the pages probed)"
Crucifera repanda,Ausgeschweifter Hederich,Band 6 (1902),icon 130,http://www.biolib.de/sturm/flora06/high/IMG_2698.jpg,http://www.biolib.de/sturm/flora06/high/IMG_2698.html,"page type not probed (portrait pages are colour plates, landscape are text spreads, in the pages probed)"
Crucifera ruderalis,Stink-Kresse,Band 6 (1902),icon 149,http://www.biolib.de/sturm/flora06/high/IMG_2717.jpg,http://www.biolib.de/sturm/flora06/high/IMG_2717.html,"page type not probed (portrait pages are colour plates, landscape are text spreads, in the pages probed)"
Crucifera ruellii,Ruellius-Kresse,Band 6 (1902),icon 157,http://www.biolib.de/sturm/flora06/high/IMG_2725.jpg,http://www.biolib.de/sturm/flora06/high/IMG_2725.html,"page type not probed (portrait pages are colour plates, landscape are text spreads, in the pages probed)"
Crucifera rugosa,Runzliger Windsbock,Band 6 (1902),icon 62,http://www.biolib.de/sturm/flora06/high/IMG_2630.jpg,http://www.biolib.de/sturm/flora06/high/IMG_2630.html,"page type not probed (portrait pages are colour plates, landscape are text spreads, in the pages probed)"
Crucifera saxatilis,Felsen-Schildkraut,Band 6 (1902),icon 147,http://www.biolib.de/sturm/flora06/high/IMG_2715.jpg,http://www.biolib.de/sturm/flora06/high/IMG_2715.html,page type by screen image 797x1273: colour plate page (portrait)
Crucifera senebiera,Senebier-Kresse,Band 6 (1902),icon 80,http://www.biolib.de/sturm/flora06/high/IMG_2648.jpg,http://www.biolib.de/sturm/flora06/high/IMG_2648.html,"page type not probed (portrait pages are colour plates, landscape are text spreads, in the pages probed)"
Crucifera sinapis,Schwarzer Senf,Band 6 (1902),icon 166,http://www.biolib.de/sturm/flora06/high/IMG_2734.jpg,http://www.biolib.de/sturm/flora06/high/IMG_2734.html,"page type not probed (portrait pages are colour plates, landscape are text spreads, in the pages probed)"
Crucifera sisymbrium,Wegsenf,Band 6 (1902),icon 132,http://www.biolib.de/sturm/flora06/high/IMG_2700.jpg,http://www.biolib.de/sturm/flora06/high/IMG_2700.html,"page type not probed (portrait pages are colour plates, landscape are text spreads, in the pages probed)"
Crucifera sophia,,Band 6 (1902),icon 133,http://www.biolib.de/sturm/flora06/high/IMG_2701.jpg,http://www.biolib.de/sturm/flora06/high/IMG_2701.html,composite: 2 Latin names indexed on this page; page type by screen image 797x1273: colour plate page (portrait); German names indexed on this page: Ganz steife Rauke; Wellsame
Crucifera stricta,Steifes Barbarakraut,Band 6 (1902),icon 136,http://www.biolib.de/sturm/flora06/high/IMG_2704.jpg,http://www.biolib.de/sturm/flora06/high/IMG_2704.html,page type by screen image 797x1273: colour plate page (portrait)
Crucifera strictissima,,Band 6 (1902),icon 133,http://www.biolib.de/sturm/flora06/high/IMG_2701.jpg,http://www.biolib.de/sturm/flora06/high/IMG_2701.html,composite: 2 Latin names indexed on this page; page type by screen image 797x1273: colour plate page (portrait); German names indexed on this page: Ganz steife Rauke; Wellsame
Crucifera subularia,,Band 6 (1902),icon 158,http://www.biolib.de/sturm/flora06/high/IMG_2726.jpg,http://www.biolib.de/sturm/flora06/high/IMG_2726.html,"composite: 2 Latin names indexed on this page; page type not probed (portrait pages are colour plates, landscape are text spreads, in the pages probed); German names indexed on this page: Pfriemenkresse; Wilder Dotter"
Crucifera sylvestris,,Band 6 (1902),icon 138,http://www.biolib.de/sturm/flora06/high/IMG_2706.jpg,http://www.biolib.de/sturm/flora06/high/IMG_2706.html,"composite: 2 Latin names indexed on this page; page type not probed (portrait pages are colour plates, landscape are text spreads, in the pages probed); German names indexed on this page: Schlechte Kresse; Sumpf-Kresse"
Crucifera teesdalia,Teesdalie,Band 6 (1902),icon 153,http://www.biolib.de/sturm/flora06/high/IMG_2721.jpg,http://www.biolib.de/sturm/flora06/high/IMG_2721.html,"page type not probed (portrait pages are colour plates, landscape are text spreads, in the pages probed)"
Crucifera tenuifolia,Feine Rauke,Band 6 (1902),icon 160,http://www.biolib.de/sturm/flora06/high/IMG_2728.jpg,http://www.biolib.de/sturm/flora06/high/IMG_2728.html,"page type not probed (portrait pages are colour plates, landscape are text spreads, in the pages probed)"
Crucifera thaliana,,Band 6 (1902),icon 134,http://www.biolib.de/sturm/flora06/high/IMG_2702.jpg,http://www.biolib.de/sturm/flora06/high/IMG_2702.html,composite: 2 Latin names indexed on this page; page type by screen image 797x1273: colour plate page (portrait); German names indexed on this page: Ackerschmalwand; Thal-Kreuzblume
Crucifera thlaspi,,Band 6 (1902),icon 154,http://www.biolib.de/sturm/flora06/high/IMG_2722.jpg,http://www.biolib.de/sturm/flora06/high/IMG_2722.html,"composite: 2 Latin names indexed on this page; page type not probed (portrait pages are colour plates, landscape are text spreads, in the pages probed); German names indexed on this page: Durchwachsenes Täschelkraut; Pfennigkraut"
Crucifera turritis,,Band 6 (1902),icon 144,http://www.biolib.de/sturm/flora06/high/IMG_2712.jpg,http://www.biolib.de/sturm/flora06/high/IMG_2712.html,composite: 2 Latin names indexed on this page; page type by screen image 797x1273: colour plate page (portrait); German names indexed on this page: Echtes Turmkraut; Gänsekresse
Crucifera utriculata,Blasenschötchen,Band 6 (1902),icon 37,http://www.biolib.de/sturm/flora06/high/IMG_2605.jpg,http://www.biolib.de/sturm/flora06/high/IMG_2605.html,"page type not probed (portrait pages are colour plates, landscape are text spreads, in the pages probed)"
Crucifera viminea,Ruthen-Rauke,Band 6 (1902),icon 162,http://www.biolib.de/sturm/flora06/high/IMG_2730.jpg,http://www.biolib.de/sturm/flora06/high/IMG_2730.html,"page type not probed (portrait pages are colour plates, landscape are text spreads, in the pages probed)"
Drosera media,,Band 6 (1902),icon 180,http://www.biolib.de/sturm/flora06/high/IMG_2748.jpg,http://www.biolib.de/sturm/flora06/high/IMG_2748.html,composite: 2 Latin names indexed on this page; page type by screen image 797x1273: colour plate page (portrait); German names indexed on this page: Niedriger Sonnentau; Rundblättriger Sonnentau
Drosera rotundifolia,,Band 6 (1902),icon 180,http://www.biolib.de/sturm/flora06/high/IMG_2748.jpg,http://www.biolib.de/sturm/flora06/high/IMG_2748.html,composite: 2 Latin names indexed on this page; page type by screen image 797x1273: colour plate page (portrait); German names indexed on this page: Niedriger Sonnentau; Rundblättriger Sonnentau
Fumaria capreolata,Windender Erdrauch,Band 6 (1902),icon 177,http://www.biolib.de/sturm/flora06/high/IMG_2745.jpg,http://www.biolib.de/sturm/flora06/high/IMG_2745.html,"page type not probed (portrait pages are colour plates, landscape are text spreads, in the pages probed)"
Fumaria cava,Hohlwurz,Band 6 (1902),icon 170,http://www.biolib.de/sturm/flora06/high/IMG_2738.jpg,http://www.biolib.de/sturm/flora06/high/IMG_2738.html,page type by screen image 797x1273: colour plate page (portrait)
Fumaria fabacea,Mittlerer Lerchensporn,Band 6 (1902),icon 171,http://www.biolib.de/sturm/flora06/high/IMG_2739.jpg,http://www.biolib.de/sturm/flora06/high/IMG_2739.html,"page type not probed (portrait pages are colour plates, landscape are text spreads, in the pages probed)"
Fumaria lutea,Gelber Erdrauch,Band 6 (1902),icon 173,http://www.biolib.de/sturm/flora06/high/IMG_2741.jpg,http://www.biolib.de/sturm/flora06/high/IMG_2741.html,"page type not probed (portrait pages are colour plates, landscape are text spreads, in the pages probed)"
Fumaria officinalis,Gemeiner Erdrauch,Band 6 (1902),icon 174,http://www.biolib.de/sturm/flora06/high/IMG_2742.jpg,http://www.biolib.de/sturm/flora06/high/IMG_2742.html,"page type not probed (portrait pages are colour plates, landscape are text spreads, in the pages probed)"
Fumaria parviflora,Kleinblumiger Erdrauch,Band 6 (1902),icon 176,http://www.biolib.de/sturm/flora06/high/IMG_2744.jpg,http://www.biolib.de/sturm/flora06/high/IMG_2744.html,"page type not probed (portrait pages are colour plates, landscape are text spreads, in the pages probed)"
Fumaria vaillantii,Vaillant-Erdrauch,Band 6 (1902),icon 175,http://www.biolib.de/sturm/flora06/high/IMG_2743.jpg,http://www.biolib.de/sturm/flora06/high/IMG_2743.html,"page type not probed (portrait pages are colour plates, landscape are text spreads, in the pages probed)"
Grosser Lerchensporn,Fumaria solida,Band 6 (1902),icon 172,http://www.biolib.de/sturm/flora06/high/IMG_2740.jpg,http://www.biolib.de/sturm/flora06/high/IMG_2740.html,"page type not probed (portrait pages are colour plates, landscape are text spreads, in the pages probed)"
Hypericum humifusum,,Band 6 (1902),icon 187,http://www.biolib.de/sturm/flora06/high/IMG_2755.jpg,http://www.biolib.de/sturm/flora06/high/IMG_2755.html,"composite: 2 Latin names indexed on this page; page type not probed (portrait pages are colour plates, landscape are text spreads, in the pages probed); German names indexed on this page: Liegendes Johanniskraut; Vierflügeliges Johanniskraut"
Hypericum tetrapterum,,Band 6 (1902),icon 187,http://www.biolib.de/sturm/flora06/high/IMG_2755.jpg,http://www.biolib.de/sturm/flora06/high/IMG_2755.html,"composite: 2 Latin names indexed on this page; page type not probed (portrait pages are colour plates, landscape are text spreads, in the pages probed); German names indexed on this page: Liegendes Johanniskraut; Vierflügeliges Johanniskraut"
Malva neglecta,Gemeine Malve,Band 6 (1902),icon 190,http://www.biolib.de/sturm/flora06/high/IMG_2758.jpg,http://www.biolib.de/sturm/flora06/high/IMG_2758.html,"page type not probed (portrait pages are colour plates, landscape are text spreads, in the pages probed)"
Malva sylvestris,Ross-Malve,Band 6 (1902),icon 189,http://www.biolib.de/sturm/flora06/high/IMG_2757.jpg,http://www.biolib.de/sturm/flora06/high/IMG_2757.html,page type by screen image 797x1273: colour plate page (portrait)
Papaver rhoeas,Grosse Klatschrose,Band 6 (1902),icon 178,http://www.biolib.de/sturm/flora06/high/IMG_2746.jpg,http://www.biolib.de/sturm/flora06/high/IMG_2746.html,"page type not probed (portrait pages are colour plates, landscape are text spreads, in the pages probed)"
Reseda lutea,,Band 6 (1902),icon 169,http://www.biolib.de/sturm/flora06/high/IMG_2737.jpg,http://www.biolib.de/sturm/flora06/high/IMG_2737.html,"composite: 2 Latin names indexed on this page; page type not probed (portrait pages are colour plates, landscape are text spreads, in the pages probed); German names indexed on this page: Gelbe Reseda; Wau"
Reseda luteola,,Band 6 (1902),icon 169,http://www.biolib.de/sturm/flora06/high/IMG_2737.jpg,http://www.biolib.de/sturm/flora06/high/IMG_2737.html,"composite: 2 Latin names indexed on this page; page type not probed (portrait pages are colour plates, landscape are text spreads, in the pages probed); German names indexed on this page: Gelbe Reseda; Wau"
Tilia parvifolia,Winterlinde,Band 6 (1902),icon 188,http://www.biolib.de/sturm/flora06/high/IMG_2756.jpg,http://www.biolib.de/sturm/flora06/high/IMG_2756.html,"page type not probed (portrait pages are colour plates, landscape are text spreads, in the pages probed)"
Viola alba,Weisses Veilchen,Band 6 (1902),icon 185,http://www.biolib.de/sturm/flora06/high/IMG_2753.jpg,http://www.biolib.de/sturm/flora06/high/IMG_2753.html,page type by screen image 797x1273: colour plate page (portrait)
Viola ammotropha,Dünen-Stiefmütterchen,Band 6 (1902),icon 186,http://www.biolib.de/sturm/flora06/high/IMG_2754.jpg,http://www.biolib.de/sturm/flora06/high/IMG_2754.html,page type by screen image 797x1273: colour plate page (portrait)
Viola canina,,Band 6 (1902),icon 104,http://www.biolib.de/sturm/flora06/high/IMG_2672.jpg,http://www.biolib.de/sturm/flora06/high/IMG_2672.html,"composite: 2 Latin names indexed on this page; page type not probed (portrait pages are colour plates, landscape are text spreads, in the pages probed)"
Viola collina,Hügel-Veilchen,Band 6 (1902),icon 183,http://www.biolib.de/sturm/flora06/high/IMG_2751.jpg,http://www.biolib.de/sturm/flora06/high/IMG_2751.html,"page type not probed (portrait pages are colour plates, landscape are text spreads, in the pages probed)"
Viola flavicornis X sylvatica,,Band 6 (1902),icon 104,http://www.biolib.de/sturm/flora06/high/IMG_2672.jpg,http://www.biolib.de/sturm/flora06/high/IMG_2672.html,"composite: 2 Latin names indexed on this page; page type not probed (portrait pages are colour plates, landscape are text spreads, in the pages probed)"
Viola hirta,Rauhhaariges Veilchen,Band 6 (1902),icon 182,http://www.biolib.de/sturm/flora06/high/IMG_2750.jpg,http://www.biolib.de/sturm/flora06/high/IMG_2750.html,page type by screen image 797x1273: colour plate page (portrait)
Viola odorata,Echtes Veilchen,Band 6 (1902),icon 184,http://www.biolib.de/sturm/flora06/high/IMG_2752.jpg,http://www.biolib.de/sturm/flora06/high/IMG_2752.html,"page type not probed (portrait pages are colour plates, landscape are text spreads, in the pages probed)"
Viola uliginosa,Grosses Sumpfveilchen,Band 6 (1902),icon 181,http://www.biolib.de/sturm/flora06/high/IMG_2749.jpg,http://www.biolib.de/sturm/flora06/high/IMG_2749.html,"page type not probed (portrait pages are colour plates, landscape are text spreads, in the pages probed)"
Acer campestre,Massholder,Band 7 (1902),icon 131,http://www.biolib.de/sturm/flora07/high/IMG_9408.jpg,http://www.biolib.de/sturm/flora07/high/IMG_9408.html,"page type not probed (portrait pages are colour plates, landscape are text spreads, in the pages probed)"
Acer monspessulanum,Montpellier-Ahorn,Band 7 (1902),icon 41,http://www.biolib.de/sturm/flora07/high/IMG_9318.jpg,http://www.biolib.de/sturm/flora07/high/IMG_9318.html,"page type not probed (portrait pages are colour plates, landscape are text spreads, in the pages probed)"
Acer platanoides,Lenne,Band 7 (1902),icon 42,http://www.biolib.de/sturm/flora07/high/IMG_9319.jpg,http://www.biolib.de/sturm/flora07/high/IMG_9319.html,"page type not probed (portrait pages are colour plates, landscape are text spreads, in the pages probed)"
Acer pseudoplatanus,Berg-Ahorn,Band 7 (1902),icon 130,http://www.biolib.de/sturm/flora07/high/IMG_9407.jpg,http://www.biolib.de/sturm/flora07/high/IMG_9407.html,"page type not probed (portrait pages are colour plates, landscape are text spreads, in the pages probed)"
Aesculum hippocastanum,Rosskastanie,Band 7 (1902),icon 38,http://www.biolib.de/sturm/flora07/high/IMG_9315.jpg,http://www.biolib.de/sturm/flora07/high/IMG_9315.html,"page type not probed (portrait pages are colour plates, landscape are text spreads, in the pages probed)"
Buxus sempervirens,Buchsbaum,Band 7 (1902),icon 49,http://www.biolib.de/sturm/flora07/high/IMG_9326.jpg,http://www.biolib.de/sturm/flora07/high/IMG_9326.html,"page type not probed (portrait pages are colour plates, landscape are text spreads, in the pages probed)"
Callitriche autumnalis,,Band 7 (1902),icon 151,http://www.biolib.de/sturm/flora07/high/IMG_9428.jpg,http://www.biolib.de/sturm/flora07/high/IMG_9428.html,"composite: 2 Latin names indexed on this page; page type not probed (portrait pages are colour plates, landscape are text spreads, in the pages probed); German names indexed on this page: Haken-Wasserstern; Herbst-Wasserstern"
Callitriche hamulata,,Band 7 (1902),icon 151,http://www.biolib.de/sturm/flora07/high/IMG_9428.jpg,http://www.biolib.de/sturm/flora07/high/IMG_9428.html,"composite: 2 Latin names indexed on this page; page type not probed (portrait pages are colour plates, landscape are text spreads, in the pages probed); German names indexed on this page: Haken-Wasserstern; Herbst-Wasserstern"
Callitriche hybridus minima,,Band 7 (1902),icon 150,http://www.biolib.de/sturm/flora07/high/IMG_9427.jpg,http://www.biolib.de/sturm/flora07/high/IMG_9427.html,"composite: 3 Latin names indexed on this page; page type not probed (portrait pages are colour plates, landscape are text spreads, in the pages probed); German names indexed on this page: Sumpf-Wasserstern; Wasserstern-Bastarde"
Callitriche hybridus stellata,,Band 7 (1902),icon 150,http://www.biolib.de/sturm/flora07/high/IMG_9427.jpg,http://www.biolib.de/sturm/flora07/high/IMG_9427.html,"composite: 3 Latin names indexed on this page; page type not probed (portrait pages are colour plates, landscape are text spreads, in the pages probed); German names indexed on this page: Sumpf-Wasserstern; Wasserstern-Bastarde"
Callitriche stagnalis,,Band 7 (1902),icon 150,http://www.biolib.de/sturm/flora07/high/IMG_9427.jpg,http://www.biolib.de/sturm/flora07/high/IMG_9427.html,"composite: 3 Latin names indexed on this page; page type not probed (portrait pages are colour plates, landscape are text spreads, in the pages probed); German names indexed on this page: Sumpf-Wasserstern; Wasserstern-Bastarde"
Chrysosplenium alternifolium,Echtes Goldmilzkraut,Band 7 (1902),icon 175,http://www.biolib.de/sturm/flora07/high/IMG_9452.jpg,http://www.biolib.de/sturm/flora07/high/IMG_9452.html,"page type not probed (portrait pages are colour plates, landscape are text spreads, in the pages probed)"
Chrysosplenium oppositifolium,Paarblättriges Goldmilzkraut,Band 7 (1902),icon 176,http://www.biolib.de/sturm/flora07/high/IMG_9453.jpg,http://www.biolib.de/sturm/flora07/high/IMG_9453.html,"page type not probed (portrait pages are colour plates, landscape are text spreads, in the pages probed)"
Daphne cneorum,Gewöhnliches Heidenröschen,Band 7 (1902),icon 73,http://www.biolib.de/sturm/flora07/high/IMG_9350.jpg,http://www.biolib.de/sturm/flora07/high/IMG_9350.html,page type by screen image 1621x1200: text spread (landscape)
Daphne mezereum,Gemeiner Kellerhals,Band 7 (1902),icon 153,http://www.biolib.de/sturm/flora07/high/IMG_9430.jpg,http://www.biolib.de/sturm/flora07/high/IMG_9430.html,"page type not probed (portrait pages are colour plates, landscape are text spreads, in the pages probed)"
Daphne passerina,Spatzenzunge,Band 7 (1902),icon 152,http://www.biolib.de/sturm/flora07/high/IMG_9429.jpg,http://www.biolib.de/sturm/flora07/high/IMG_9429.html,page type by screen image 722x1200: colour plate page (portrait)
Dictamnus generalis,Weisser Diptam,Band 7 (1902),icon 129,http://www.biolib.de/sturm/flora07/high/IMG_9406.jpg,http://www.biolib.de/sturm/flora07/high/IMG_9406.html,page type by screen image 722x1200: colour plate page (portrait)
Elaeagnus angustifolia,Europäiche Oelweide,Band 7 (1902),icon 76,http://www.biolib.de/sturm/flora07/high/IMG_9353.jpg,http://www.biolib.de/sturm/flora07/high/IMG_9353.html,"page type not probed (portrait pages are colour plates, landscape are text spreads, in the pages probed)"
Empetrum migrum,Krähenbeere,Band 7 (1902),icon 135,http://www.biolib.de/sturm/flora07/high/IMG_9412.jpg,http://www.biolib.de/sturm/flora07/high/IMG_9412.html,"page type not probed (portrait pages are colour plates, landscape are text spreads, in the pages probed)"
Erodium cicutarium,Gemeiner Reiherschnabel,Band 7 (1902),icon 121,http://www.biolib.de/sturm/flora07/high/IMG_9398.jpg,http://www.biolib.de/sturm/flora07/high/IMG_9398.html,page type by screen image 722x1200: colour plate page (portrait)
Erodium moschatum,Moschus Reiherschnabel,Band 7 (1902),icon 122,http://www.biolib.de/sturm/flora07/high/IMG_9399.jpg,http://www.biolib.de/sturm/flora07/high/IMG_9399.html,"page type not probed (portrait pages are colour plates, landscape are text spreads, in the pages probed)"
Euphorbia amygdaloides,Mandel-Wolfsmilch,Band 7 (1902),icon 67,http://www.biolib.de/sturm/flora07/high/IMG_9344.jpg,http://www.biolib.de/sturm/flora07/high/IMG_9344.html,"page type not probed (portrait pages are colour plates, landscape are text spreads, in the pages probed)"
Euphorbia dulcis,Süsse Wolfsmilch,Band 7 (1902),icon 141,http://www.biolib.de/sturm/flora07/high/IMG_9418.jpg,http://www.biolib.de/sturm/flora07/high/IMG_9418.html,"page type not probed (portrait pages are colour plates, landscape are text spreads, in the pages probed)"
Euphorbia esula,Brachwurz,Band 7 (1902),icon 144,http://www.biolib.de/sturm/flora07/high/IMG_9421.jpg,http://www.biolib.de/sturm/flora07/high/IMG_9421.html,"page type not probed (portrait pages are colour plates, landscape are text spreads, in the pages probed)"
Euphorbia exigua,Kleine Wolfsmilch,Band 7 (1902),icon 147,http://www.biolib.de/sturm/flora07/high/IMG_9424.jpg,http://www.biolib.de/sturm/flora07/high/IMG_9424.html,page type by screen image 736x1200: colour plate page (portrait)
Euphorbia falcata,Sichel-Wolfsmilch,Band 7 (1902),icon 145,http://www.biolib.de/sturm/flora07/high/IMG_9422.jpg,http://www.biolib.de/sturm/flora07/high/IMG_9422.html,page type by screen image 731x1200: colour plate page (portrait)
Euphorbia gerardiana,,Band 7 (1902),icon 142,http://www.biolib.de/sturm/flora07/high/IMG_9419.jpg,http://www.biolib.de/sturm/flora07/high/IMG_9419.html,"composite: 2 Latin names indexed on this page; page type not probed (portrait pages are colour plates, landscape are text spreads, in the pages probed)"
Euphorbia helioscopia,Sonnen-Wolfsmilch,Band 7 (1902),icon 139,http://www.biolib.de/sturm/flora07/high/IMG_9416.jpg,http://www.biolib.de/sturm/flora07/high/IMG_9416.html,"page type not probed (portrait pages are colour plates, landscape are text spreads, in the pages probed)"
Euphorbia lathyris,Springwolfsmilch,Band 7 (1902),icon 146,http://www.biolib.de/sturm/flora07/high/IMG_9423.jpg,http://www.biolib.de/sturm/flora07/high/IMG_9423.html,"page type not probed (portrait pages are colour plates, landscape are text spreads, in the pages probed)"
Euphorbia palustris,Sumpf-Wolfsmilch,Band 7 (1902),icon 62,http://www.biolib.de/sturm/flora07/high/IMG_9339.jpg,http://www.biolib.de/sturm/flora07/high/IMG_9339.html,page type by screen image 1598x1200: text spread (landscape)
Euphorbia peplus,Runde Wolfsmilch,Band 7 (1902),icon 70,http://www.biolib.de/sturm/flora07/high/IMG_9347.jpg,http://www.biolib.de/sturm/flora07/high/IMG_9347.html,"page type not probed (portrait pages are colour plates, landscape are text spreads, in the pages probed)"
Euphorbia platyphylla,Breitblättrige Wolfsmilch,Band 7 (1902),icon 140,http://www.biolib.de/sturm/flora07/high/IMG_9417.jpg,http://www.biolib.de/sturm/flora07/high/IMG_9417.html,"page type not probed (portrait pages are colour plates, landscape are text spreads, in the pages probed)"
Euphorbia verrucosa,,Band 7 (1902),icon 142,http://www.biolib.de/sturm/flora07/high/IMG_9419.jpg,http://www.biolib.de/sturm/flora07/high/IMG_9419.html,"composite: 2 Latin names indexed on this page; page type not probed (portrait pages are colour plates, landscape are text spreads, in the pages probed)"
Euphorbial cyparissias,Cypressen-Wolfsmilch,Band 7 (1902),icon 143,http://www.biolib.de/sturm/flora07/high/IMG_9420.jpg,http://www.biolib.de/sturm/flora07/high/IMG_9420.html,"page type not probed (portrait pages are colour plates, landscape are text spreads, in the pages probed)"
Evonymus europaea,Gemeiner Spindelbaum,Band 7 (1902),icon 133,http://www.biolib.de/sturm/flora07/high/IMG_9410.jpg,http://www.biolib.de/sturm/flora07/high/IMG_9410.html,"page type not probed (portrait pages are colour plates, landscape are text spreads, in the pages probed)"
Evonymus latifolia,Breitblättriger Spindelbaum,Band 7 (1902),icon 134,http://www.biolib.de/sturm/flora07/high/IMG_9411.jpg,http://www.biolib.de/sturm/flora07/high/IMG_9411.html,"page type not probed (portrait pages are colour plates, landscape are text spreads, in the pages probed)"
Geranium columbinum,Tauben-Geranium,Band 7 (1902),icon 13,http://www.biolib.de/sturm/flora07/high/IMG_9290.jpg,http://www.biolib.de/sturm/flora07/high/IMG_9290.html,page type by screen image 1621x1200: text spread (landscape)
Geranium divaricatum,Spreizendes Geranium,Band 7 (1902),icon 118,http://www.biolib.de/sturm/flora07/high/IMG_9395.jpg,http://www.biolib.de/sturm/flora07/high/IMG_9395.html,"page type not probed (portrait pages are colour plates, landscape are text spreads, in the pages probed)"
Geranium lucidum,Glänzendes Geranium,Band 7 (1902),icon 119,http://www.biolib.de/sturm/flora07/high/IMG_9396.jpg,http://www.biolib.de/sturm/flora07/high/IMG_9396.html,"page type not probed (portrait pages are colour plates, landscape are text spreads, in the pages probed)"
Geranium molle,Weiches Geranium,Band 7 (1902),icon 117,http://www.biolib.de/sturm/flora07/high/IMG_9394.jpg,http://www.biolib.de/sturm/flora07/high/IMG_9394.html,page type by screen image 726x1200: colour plate page (portrait)
Geranium palustre,Sumpf-Geranium,Band 7 (1902),icon 8,http://www.biolib.de/sturm/flora07/high/IMG_9285.jpg,http://www.biolib.de/sturm/flora07/high/IMG_9285.html,"page type not probed (portrait pages are colour plates, landscape are text spreads, in the pages probed)"
Geranium phaeum,Dunkles Geranium,Band 7 (1902),icon 114,http://www.biolib.de/sturm/flora07/high/IMG_9391.jpg,http://www.biolib.de/sturm/flora07/high/IMG_9391.html,"page type not probed (portrait pages are colour plates, landscape are text spreads, in the pages probed)"
Geranium pusillum,Kleines Geranium,Band 7 (1902),icon 116,http://www.biolib.de/sturm/flora07/high/IMG_9393.jpg,http://www.biolib.de/sturm/flora07/high/IMG_9393.html,"page type not probed (portrait pages are colour plates, landscape are text spreads, in the pages probed)"
Geranium pyrenaicum,Pyrenäen-Geranium,Band 7 (1902),icon 115,http://www.biolib.de/sturm/flora07/high/IMG_9392.jpg,http://www.biolib.de/sturm/flora07/high/IMG_9392.html,"page type not probed (portrait pages are colour plates, landscape are text spreads, in the pages probed)"
Geranium robertianum,Ruprechtskraut,Band 7 (1902),icon 120,http://www.biolib.de/sturm/flora07/high/IMG_9397.jpg,http://www.biolib.de/sturm/flora07/high/IMG_9397.html,"page type not probed (portrait pages are colour plates, landscape are text spreads, in the pages probed)"
Geranium rotundifolium,Rundblättriges Geranium,Band 7 (1902),icon 12,http://www.biolib.de/sturm/flora07/high/IMG_9289.jpg,http://www.biolib.de/sturm/flora07/high/IMG_9289.html,page type by screen image 1621x1200: text spread (landscape)
Geranium silvaticum,Kleines Gottesgnadenkraut,Band 7 (1902),icon 10,http://www.biolib.de/sturm/flora07/high/IMG_9287.jpg,http://www.biolib.de/sturm/flora07/high/IMG_9287.html,"page type not probed (portrait pages are colour plates, landscape are text spreads, in the pages probed)"
Hippophaë rhamnoides,Sanddorn,Band 7 (1902),icon 154,http://www.biolib.de/sturm/flora07/high/IMG_9431.jpg,http://www.biolib.de/sturm/flora07/high/IMG_9431.html,"page type not probed (portrait pages are colour plates, landscape are text spreads, in the pages probed)"
Ilex aquifolium,Stechpalme,Band 7 (1902),icon 136,http://www.biolib.de/sturm/flora07/high/IMG_9413.jpg,http://www.biolib.de/sturm/flora07/high/IMG_9413.html,page type by screen image 735x1200: colour plate page (portrait)
Impatiens nolitangere,Gewöhnliches Springkraut,Band 7 (1902),icon 126,http://www.biolib.de/sturm/flora07/high/IMG_9403.jpg,http://www.biolib.de/sturm/flora07/high/IMG_9403.html,"page type not probed (portrait pages are colour plates, landscape are text spreads, in the pages probed)"
Linum flavum,Gelber Lein,Band 7 (1902),icon 125,http://www.biolib.de/sturm/flora07/high/IMG_9402.jpg,http://www.biolib.de/sturm/flora07/high/IMG_9402.html,page type by screen image 725x1200: colour plate page (portrait)
Linum radiola,Zwerg-Lein,Band 7 (1902),icon 22,http://www.biolib.de/sturm/flora07/high/IMG_9299.jpg,http://www.biolib.de/sturm/flora07/high/IMG_9299.html,"page type not probed (portrait pages are colour plates, landscape are text spreads, in the pages probed)"
Linum usitatissimum,Flachs,Band 7 (1902),icon 124,http://www.biolib.de/sturm/flora07/high/IMG_9401.jpg,http://www.biolib.de/sturm/flora07/high/IMG_9401.html,"page type not probed (portrait pages are colour plates, landscape are text spreads, in the pages probed)"
Mercurialis annua,Echtes Bingelkraut,Band 7 (1902),icon 149,http://www.biolib.de/sturm/flora07/high/IMG_9426.jpg,http://www.biolib.de/sturm/flora07/high/IMG_9426.html,"page type not probed (portrait pages are colour plates, landscape are text spreads, in the pages probed)"
Mercurialis perennis,Wald-Bingelkraut,Band 7 (1902),icon 148,http://www.biolib.de/sturm/flora07/high/IMG_9425.jpg,http://www.biolib.de/sturm/flora07/high/IMG_9425.html,"page type not probed (portrait pages are colour plates, landscape are text spreads, in the pages probed)"
Oxalis acetosella,Wald-Sauerklee,Band 7 (1902),icon 19,http://www.biolib.de/sturm/flora07/high/IMG_9296.jpg,http://www.biolib.de/sturm/flora07/high/IMG_9296.html,page type by screen image 1621x1200: text spread (landscape)
Oxalis corniculata,Gehörnter Sauerklee,Band 7 (1902),icon 123,http://www.biolib.de/sturm/flora07/high/IMG_9400.jpg,http://www.biolib.de/sturm/flora07/high/IMG_9400.html,page type by screen image 722x1200: colour plate page (portrait)
Parnassia palustris,Studentenröschen,Band 7 (1902),icon 177,http://www.biolib.de/sturm/flora07/high/IMG_9454.jpg,http://www.biolib.de/sturm/flora07/high/IMG_9454.html,"page type not probed (portrait pages are colour plates, landscape are text spreads, in the pages probed)"
Philadelphus coronarius,Gewöhnlicher Röhrenstrauch,Band 7 (1902),icon 103,http://www.biolib.de/sturm/flora07/high/IMG_9380.jpg,http://www.biolib.de/sturm/flora07/high/IMG_9380.html,"page type not probed (portrait pages are colour plates, landscape are text spreads, in the pages probed)"
Polygala chamaebuxus,Himmelsschlüssel,Band 7 (1902),icon 128,http://www.biolib.de/sturm/flora07/high/IMG_9405.jpg,http://www.biolib.de/sturm/flora07/high/IMG_9405.html,"page type not probed (portrait pages are colour plates, landscape are text spreads, in the pages probed)"
Polygala vulgaris,Gemeine Kreuzblume,Band 7 (1902),icon 127,http://www.biolib.de/sturm/flora07/high/IMG_9404.jpg,http://www.biolib.de/sturm/flora07/high/IMG_9404.html,"page type not probed (portrait pages are colour plates, landscape are text spreads, in the pages probed)"
Rhamnus cathartica,Echter Kreuzdorn,Band 7 (1902),icon 51,http://www.biolib.de/sturm/flora07/high/IMG_9328.jpg,http://www.biolib.de/sturm/flora07/high/IMG_9328.html,"page type not probed (portrait pages are colour plates, landscape are text spreads, in the pages probed)"
Rhamnus frangula,Echter Faulbaum,Band 7 (1902),icon 138,http://www.biolib.de/sturm/flora07/high/IMG_9415.jpg,http://www.biolib.de/sturm/flora07/high/IMG_9415.html,"page type not probed (portrait pages are colour plates, landscape are text spreads, in the pages probed)"
Rhus cotinus,Perückenbaum,Band 7 (1902),icon 35,http://www.biolib.de/sturm/flora07/high/IMG_9312.jpg,http://www.biolib.de/sturm/flora07/high/IMG_9312.html,"page type not probed (portrait pages are colour plates, landscape are text spreads, in the pages probed)"
Ribbes grossularia-uvacrispa,,Band 7 (1902),icon 161,http://www.biolib.de/sturm/flora07/high/IMG_9438.jpg,http://www.biolib.de/sturm/flora07/high/IMG_9438.html,"page type not probed (portrait pages are colour plates, landscape are text spreads, in the pages probed)"
Ribes alpinum,Alpen-Johannisbeere,Band 7 (1902),icon 162,http://www.biolib.de/sturm/flora07/high/IMG_9439.jpg,http://www.biolib.de/sturm/flora07/high/IMG_9439.html,page type by screen image 731x1200: colour plate page (portrait)
Ribes grossularia-sativum,Stachelbeere,Band 7 (1902),icon 160,http://www.biolib.de/sturm/flora07/high/IMG_9437.jpg,http://www.biolib.de/sturm/flora07/high/IMG_9437.html,"page type not probed (portrait pages are colour plates, landscape are text spreads, in the pages probed)"
Ribes petraeum,Berg-Johannisbeere,Band 7 (1902),icon 164,http://www.biolib.de/sturm/flora07/high/IMG_9441.jpg,http://www.biolib.de/sturm/flora07/high/IMG_9441.html,page type by screen image 722x1200: colour plate page (portrait)
Ribes rubrum,Gewöhnliche Johannisbeere,Band 7 (1902),icon 163,http://www.biolib.de/sturm/flora07/high/IMG_9440.jpg,http://www.biolib.de/sturm/flora07/high/IMG_9440.html,page type by screen image 728x1200: colour plate page (portrait)
Ruta graveolens,Echte Raute,Band 7 (1902),icon 33,http://www.biolib.de/sturm/flora07/high/IMG_9310.jpg,http://www.biolib.de/sturm/flora07/high/IMG_9310.html,"page type not probed (portrait pages are colour plates, landscape are text spreads, in the pages probed)"
Saxifraga aizoides,Tripmadam-Steinbrech,Band 7 (1902),icon 168,http://www.biolib.de/sturm/flora07/high/IMG_9445.jpg,http://www.biolib.de/sturm/flora07/high/IMG_9445.html,"page type not probed (portrait pages are colour plates, landscape are text spreads, in the pages probed)"
Saxifraga aizoon,Hauslauch-Steinbrech,Band 7 (1902),icon 165,http://www.biolib.de/sturm/flora07/high/IMG_9442.jpg,http://www.biolib.de/sturm/flora07/high/IMG_9442.html,"page type not probed (portrait pages are colour plates, landscape are text spreads, in the pages probed)"
Saxifraga caespitosa-decipiens,Täuschender Steinbrech,Band 7 (1902),icon 170,http://www.biolib.de/sturm/flora07/high/IMG_9447.jpg,http://www.biolib.de/sturm/flora07/high/IMG_9447.html,"page type not probed (portrait pages are colour plates, landscape are text spreads, in the pages probed)"
Saxifraga granulata,Körniger Steinbrech,Band 7 (1902),icon 173,http://www.biolib.de/sturm/flora07/high/IMG_9450.jpg,http://www.biolib.de/sturm/flora07/high/IMG_9450.html,"page type not probed (portrait pages are colour plates, landscape are text spreads, in the pages probed)"
Saxifraga hirculus,Moor-Steinbrech,Band 7 (1902),icon 171,http://www.biolib.de/sturm/flora07/high/IMG_9448.jpg,http://www.biolib.de/sturm/flora07/high/IMG_9448.html,"page type not probed (portrait pages are colour plates, landscape are text spreads, in the pages probed)"
Saxifraga moschata,Moschus-Steinbrech,Band 7 (1902),icon 169,http://www.biolib.de/sturm/flora07/high/IMG_9446.jpg,http://www.biolib.de/sturm/flora07/high/IMG_9446.html,"page type not probed (portrait pages are colour plates, landscape are text spreads, in the pages probed)"
Saxifraga mutata,Wandel-Steinbrech,Band 7 (1902),icon 166,http://www.biolib.de/sturm/flora07/high/IMG_9443.jpg,http://www.biolib.de/sturm/flora07/high/IMG_9443.html,"page type not probed (portrait pages are colour plates, landscape are text spreads, in the pages probed)"
Saxifraga oppositifolia,Paarblättriger Steinbrech,Band 7 (1902),icon 167,http://www.biolib.de/sturm/flora07/high/IMG_9444.jpg,http://www.biolib.de/sturm/flora07/high/IMG_9444.html,"page type not probed (portrait pages are colour plates, landscape are text spreads, in the pages probed)"
Saxifraga rotundifolia,Rundblättriger Steinbrech,Band 7 (1902),icon 174,http://www.biolib.de/sturm/flora07/high/IMG_9451.jpg,http://www.biolib.de/sturm/flora07/high/IMG_9451.html,"page type not probed (portrait pages are colour plates, landscape are text spreads, in the pages probed)"
Saxifraga stellaris,Stern-Steinbrech,Band 7 (1902),icon 172,http://www.biolib.de/sturm/flora07/high/IMG_9449.jpg,http://www.biolib.de/sturm/flora07/high/IMG_9449.html,page type by screen image 722x1200: colour plate page (portrait)
Saxifraga tridactylites,Einjähriger Steinbrech,Band 7 (1902),icon 95,http://www.biolib.de/sturm/flora07/high/IMG_9372.jpg,http://www.biolib.de/sturm/flora07/high/IMG_9372.html,page type by screen image 1651x1200: text spread (landscape)
Sedum bulliardi,Bulliarde,Band 7 (1902),icon 90,http://www.biolib.de/sturm/flora07/high/IMG_9367.jpg,http://www.biolib.de/sturm/flora07/high/IMG_9367.html,page type by screen image 1626x1200: text spread (landscape)
Sedum fabaria,Berg-Fetthenne,Band 7 (1902),icon 156,http://www.biolib.de/sturm/flora07/high/IMG_9433.jpg,http://www.biolib.de/sturm/flora07/high/IMG_9433.html,page type by screen image 722x1200: colour plate page (portrait)
Sedum maximum,Grosse Fetthenne,Band 7 (1902),icon 155,http://www.biolib.de/sturm/flora07/high/IMG_9432.jpg,http://www.biolib.de/sturm/flora07/high/IMG_9432.html,"page type not probed (portrait pages are colour plates, landscape are text spreads, in the pages probed)"
Sedum montanum,Berg-Hauslauch,Band 7 (1902),icon 159,http://www.biolib.de/sturm/flora07/high/IMG_9436.jpg,http://www.biolib.de/sturm/flora07/high/IMG_9436.html,"page type not probed (portrait pages are colour plates, landscape are text spreads, in the pages probed)"
Sedum reflexum-rupestre,,Band 7 (1902),icon 157,http://www.biolib.de/sturm/flora07/high/IMG_9434.jpg,http://www.biolib.de/sturm/flora07/high/IMG_9434.html,composite: 2 Latin names indexed on this page; page type by screen image 722x1200: colour plate page (portrait); German names indexed on this page: Tripmadam; Zottiges Katzenträublein
Sedum rhodiola,Rosenwurz,Band 7 (1902),icon 89,http://www.biolib.de/sturm/flora07/high/IMG_9366.jpg,http://www.biolib.de/sturm/flora07/high/IMG_9366.html,"page type not probed (portrait pages are colour plates, landscape are text spreads, in the pages probed)"
Sedum rubens,Dickblatt,Band 7 (1902),icon 87,http://www.biolib.de/sturm/flora07/high/IMG_9364.jpg,http://www.biolib.de/sturm/flora07/high/IMG_9364.html,page type by screen image 1641x1200: text spread (landscape)
Sedum tectorum,Echter Hauslauch,Band 7 (1902),icon 158,http://www.biolib.de/sturm/flora07/high/IMG_9435.jpg,http://www.biolib.de/sturm/flora07/high/IMG_9435.html,"page type not probed (portrait pages are colour plates, landscape are text spreads, in the pages probed)"
Sedum tillaei,Tillaee,Band 7 (1902),icon 91,http://www.biolib.de/sturm/flora07/high/IMG_9368.jpg,http://www.biolib.de/sturm/flora07/high/IMG_9368.html,"page type not probed (portrait pages are colour plates, landscape are text spreads, in the pages probed)"
Sedum villosum,,Band 7 (1902),icon 157,http://www.biolib.de/sturm/flora07/high/IMG_9434.jpg,http://www.biolib.de/sturm/flora07/high/IMG_9434.html,composite: 2 Latin names indexed on this page; page type by screen image 722x1200: colour plate page (portrait); German names indexed on this page: Tripmadam; Zottiges Katzenträublein
Staphylaea pinnata,Gemeine Pimpernuss,Band 7 (1902),icon 132,http://www.biolib.de/sturm/flora07/high/IMG_9409.jpg,http://www.biolib.de/sturm/flora07/high/IMG_9409.html,"page type not probed (portrait pages are colour plates, landscape are text spreads, in the pages probed)"
Trapaeolum majus,Kapuzinerkresse,Band 7 (1902),icon 20,http://www.biolib.de/sturm/flora07/high/IMG_9297.jpg,http://www.biolib.de/sturm/flora07/high/IMG_9297.html,page type by screen image 1621x1200: text spread (landscape)
Vitis vinifera,Weinstock,Band 7 (1902),icon 137,http://www.biolib.de/sturm/flora07/high/IMG_9414.jpg,http://www.biolib.de/sturm/flora07/high/IMG_9414.html,page type by screen image 734x1200: colour plate page (portrait)
Agrimonia Eupatoria,Echte Odermennig,Band 8 (1904),icon 150,http://www.biolib.de/sturm/flora08/high/IMG_9666.jpg,http://www.biolib.de/sturm/flora08/high/IMG_9666.html,"page type not probed (portrait pages are colour plates, landscape are text spreads, in the pages probed)"
Alchemilla alpina,Alpen-Sinau,Band 8 (1904),icon 149,http://www.biolib.de/sturm/flora08/high/IMG_9665.jpg,http://www.biolib.de/sturm/flora08/high/IMG_9665.html,"page type not probed (portrait pages are colour plates, landscape are text spreads, in the pages probed)"
Alchemilla fissa,Gespaltener Sinau,Band 8 (1904),icon 148,http://www.biolib.de/sturm/flora08/high/IMG_9664.jpg,http://www.biolib.de/sturm/flora08/high/IMG_9664.html,"page type not probed (portrait pages are colour plates, landscape are text spreads, in the pages probed)"
Alchemilla vulgaris,Echter Sinau,Band 8 (1904),icon 147,http://www.biolib.de/sturm/flora08/high/IMG_9663.jpg,http://www.biolib.de/sturm/flora08/high/IMG_9663.html,"page type not probed (portrait pages are colour plates, landscape are text spreads, in the pages probed)"
Amelanchier vulgaris,Gewöhnliche Flühbirne,Band 8 (1904),icon 105,http://www.biolib.de/sturm/flora08/high/IMG_9620.jpg,http://www.biolib.de/sturm/flora08/high/IMG_9620.html,page type by screen image 834x1200: colour plate page (portrait)
Cotoneaster integerrima,Echte Hirschbeere,Band 8 (1904),icon 95,http://www.biolib.de/sturm/flora08/high/IMG_9609.jpg,http://www.biolib.de/sturm/flora08/high/IMG_9609.html,page type by screen image 1681x1200: text spread (landscape)
Filipendula hexapetala,Filipendel,Band 8 (1904),icon 108,http://www.biolib.de/sturm/flora08/high/IMG_9624.jpg,http://www.biolib.de/sturm/flora08/high/IMG_9624.html,"page type not probed (portrait pages are colour plates, landscape are text spreads, in the pages probed)"
Filipendula ulmaria,Mädesüss,Band 8 (1904),icon 107,http://www.biolib.de/sturm/flora08/high/IMG_9623.jpg,http://www.biolib.de/sturm/flora08/high/IMG_9623.html,"page type not probed (portrait pages are colour plates, landscape are text spreads, in the pages probed)"
Geum montanum,Berg-Nelkenwurz,Band 8 (1904),icon 135,http://www.biolib.de/sturm/flora08/high/IMG_9651.jpg,http://www.biolib.de/sturm/flora08/high/IMG_9651.html,page type by screen image 779x1200: colour plate page (portrait)
Geum octopetalum,,Band 8 (1904),icon 136,http://www.biolib.de/sturm/flora08/high/IMG_9652.jpg,http://www.biolib.de/sturm/flora08/high/IMG_9652.html,page type by screen image 799x1200: colour plate page (portrait)
Geum reptans,Kriechende Nelkenwurz,Band 8 (1904),icon 134,http://www.biolib.de/sturm/flora08/high/IMG_9650.jpg,http://www.biolib.de/sturm/flora08/high/IMG_9650.html,"page type not probed (portrait pages are colour plates, landscape are text spreads, in the pages probed)"
Geum rivale,Wasser-Nelkenwurz,Band 8 (1904),icon 138,http://www.biolib.de/sturm/flora08/high/IMG_9654.jpg,http://www.biolib.de/sturm/flora08/high/IMG_9654.html,page type by screen image 812x1200: colour plate page (portrait)
Geum urbanum,Echte Nelkenwurz,Band 8 (1904),icon 137,http://www.biolib.de/sturm/flora08/high/IMG_9653.jpg,http://www.biolib.de/sturm/flora08/high/IMG_9653.html,"page type not probed (portrait pages are colour plates, landscape are text spreads, in the pages probed)"
Mespilus germanica,Mispel,Band 8 (1904),icon 97,http://www.biolib.de/sturm/flora08/high/IMG_9611.jpg,http://www.biolib.de/sturm/flora08/high/IMG_9611.html,"page type not probed (portrait pages are colour plates, landscape are text spreads, in the pages probed)"
Mespilus monogyna,Eingriffeliger Weissdorn,Band 8 (1904),icon 99,http://www.biolib.de/sturm/flora08/high/IMG_9614.jpg,http://www.biolib.de/sturm/flora08/high/IMG_9614.html,"page type not probed (portrait pages are colour plates, landscape are text spreads, in the pages probed)"
Mespilus oxyacantha,Zweigriffeliger Weissdorn,Band 8 (1904),icon 98,http://www.biolib.de/sturm/flora08/high/IMG_9612.jpg,http://www.biolib.de/sturm/flora08/high/IMG_9612.html,"page type not probed (portrait pages are colour plates, landscape are text spreads, in the pages probed)"
Pirus aria,Mehlbeere,Band 8 (1904),icon 104,http://www.biolib.de/sturm/flora08/high/IMG_9619.jpg,http://www.biolib.de/sturm/flora08/high/IMG_9619.html,page type by screen image 834x1200: colour plate page (portrait)
Pirus cydonia,Echte Quitte,Band 8 (1904),icon 100,http://www.biolib.de/sturm/flora08/high/IMG_9615.jpg,http://www.biolib.de/sturm/flora08/high/IMG_9615.html,page type by screen image 834x1200: colour plate page (portrait)
Pirus hybrida semipumila,Apfel,Band 8 (1904),icon 102,http://www.biolib.de/sturm/flora08/high/IMG_9617.jpg,http://www.biolib.de/sturm/flora08/high/IMG_9617.html,"page type not probed (portrait pages are colour plates, landscape are text spreads, in the pages probed)"
Pirus hybridus communis,Birne,Band 8 (1904),icon 101,http://www.biolib.de/sturm/flora08/high/IMG_9616.jpg,http://www.biolib.de/sturm/flora08/high/IMG_9616.html,page type by screen image 834x1200: colour plate page (portrait)
Pirus sorbus,Speierling,Band 8 (1904),icon 103,http://www.biolib.de/sturm/flora08/high/IMG_9618.jpg,http://www.biolib.de/sturm/flora08/high/IMG_9618.html,"page type not probed (portrait pages are colour plates, landscape are text spreads, in the pages probed)"
Potentilla alba-fragariastrum,,Band 8 (1904),icon 128,http://www.biolib.de/sturm/flora08/high/IMG_9644.jpg,http://www.biolib.de/sturm/flora08/high/IMG_9644.html,"page type not probed (portrait pages are colour plates, landscape are text spreads, in the pages probed)"
Potentilla anserina,Echtes Gänsekraut,Band 8 (1904),icon 113,http://www.biolib.de/sturm/flora08/high/IMG_9629.jpg,http://www.biolib.de/sturm/flora08/high/IMG_9629.html,"page type not probed (portrait pages are colour plates, landscape are text spreads, in the pages probed)"
Potentilla argentea,Grensing,Band 8 (1904),icon 124,http://www.biolib.de/sturm/flora08/high/IMG_9640.jpg,http://www.biolib.de/sturm/flora08/high/IMG_9640.html,page type by screen image 814x1200: colour plate page (portrait)
Potentilla aurea,Goldiges Fingerkraut,Band 8 (1904),icon 122,http://www.biolib.de/sturm/flora08/high/IMG_9638.jpg,http://www.biolib.de/sturm/flora08/high/IMG_9638.html,"page type not probed (portrait pages are colour plates, landscape are text spreads, in the pages probed)"
Potentilla cinerea,Graues Fingerkraut,Band 8 (1904),icon 118,http://www.biolib.de/sturm/flora08/high/IMG_9634.jpg,http://www.biolib.de/sturm/flora08/high/IMG_9634.html,"page type not probed (portrait pages are colour plates, landscape are text spreads, in the pages probed)"
Potentilla dubia-pilosa,Langhaariges Fingerkraut,Band 8 (1904),icon 131,http://www.biolib.de/sturm/flora08/high/IMG_9647.jpg,http://www.biolib.de/sturm/flora08/high/IMG_9647.html,"page type not probed (portrait pages are colour plates, landscape are text spreads, in the pages probed)"
Potentilla dubia-thuringiaca,Thüringisches Fingerkraut,Band 8 (1904),icon 132,http://www.biolib.de/sturm/flora08/high/IMG_9648.jpg,http://www.biolib.de/sturm/flora08/high/IMG_9648.html,"page type not probed (portrait pages are colour plates, landscape are text spreads, in the pages probed)"
Potentilla fragariastrum,Erdbeerähnliches Fingerkraut,Band 8 (1904),icon 116,http://www.biolib.de/sturm/flora08/high/IMG_9632.jpg,http://www.biolib.de/sturm/flora08/high/IMG_9632.html,"page type not probed (portrait pages are colour plates, landscape are text spreads, in the pages probed)"
Potentilla hybrida collina,Hügel-Fingerkraut,Band 8 (1904),icon 129,http://www.biolib.de/sturm/flora08/high/IMG_9645.jpg,http://www.biolib.de/sturm/flora08/high/IMG_9645.html,page type by screen image 767x1200: colour plate page (portrait)
Potentilla hybrida inclinata,,Band 8 (1904),icon 130,http://www.biolib.de/sturm/flora08/high/IMG_9646.jpg,http://www.biolib.de/sturm/flora08/high/IMG_9646.html,"page type not probed (portrait pages are colour plates, landscape are text spreads, in the pages probed)"
Potentilla micrantha,Kleinblumiges Fingerkraut,Band 8 (1904),icon 117,http://www.biolib.de/sturm/flora08/high/IMG_9633.jpg,http://www.biolib.de/sturm/flora08/high/IMG_9633.html,"page type not probed (portrait pages are colour plates, landscape are text spreads, in the pages probed)"
Potentilla norvegica,Nordisches Gänsekraut,Band 8 (1904),icon 112,http://www.biolib.de/sturm/flora08/high/IMG_9628.jpg,http://www.biolib.de/sturm/flora08/high/IMG_9628.html,"page type not probed (portrait pages are colour plates, landscape are text spreads, in the pages probed)"
Potentilla opaca,Mattes Fingerkraut,Band 8 (1904),icon 121,http://www.biolib.de/sturm/flora08/high/IMG_9637.jpg,http://www.biolib.de/sturm/flora08/high/IMG_9637.html,"page type not probed (portrait pages are colour plates, landscape are text spreads, in the pages probed)"
Potentilla procumbens,,Band 8 (1904),icon 127,http://www.biolib.de/sturm/flora08/high/IMG_9643.jpg,http://www.biolib.de/sturm/flora08/high/IMG_9643.html,"composite: 2 Latin names indexed on this page; page type not probed (portrait pages are colour plates, landscape are text spreads, in the pages probed); German names indexed on this page: Kriechendes Fingerkraut; Liegendes Fingerkraut"
Potentilla procumbens-reptans,,Band 8 (1904),icon 133,http://www.biolib.de/sturm/flora08/high/IMG_9649.jpg,http://www.biolib.de/sturm/flora08/high/IMG_9649.html,page type by screen image 777x1200: colour plate page (portrait)
Potentilla recta,Hohes Fingerkraut,Band 8 (1904),icon 125,http://www.biolib.de/sturm/flora08/high/IMG_9641.jpg,http://www.biolib.de/sturm/flora08/high/IMG_9641.html,page type by screen image 775x1200: colour plate page (portrait)
Potentilla reptans,,Band 8 (1904),icon 127,http://www.biolib.de/sturm/flora08/high/IMG_9643.jpg,http://www.biolib.de/sturm/flora08/high/IMG_9643.html,"composite: 2 Latin names indexed on this page; page type not probed (portrait pages are colour plates, landscape are text spreads, in the pages probed); German names indexed on this page: Kriechendes Fingerkraut; Liegendes Fingerkraut"
Potentilla rupestris,Erdbeerblumiges Gänsekraut,Band 8 (1904),icon 114,http://www.biolib.de/sturm/flora08/high/IMG_9630.jpg,http://www.biolib.de/sturm/flora08/high/IMG_9630.html,"page type not probed (portrait pages are colour plates, landscape are text spreads, in the pages probed)"
Potentilla salisburgensis,Salzburger Fingerkraut,Band 8 (1904),icon 120,http://www.biolib.de/sturm/flora08/high/IMG_9636.jpg,http://www.biolib.de/sturm/flora08/high/IMG_9636.html,"page type not probed (portrait pages are colour plates, landscape are text spreads, in the pages probed)"
Potentilla sibbaldia,Sibbaldie,Band 8 (1904),icon 123,http://www.biolib.de/sturm/flora08/high/IMG_9639.jpg,http://www.biolib.de/sturm/flora08/high/IMG_9639.html,"page type not probed (portrait pages are colour plates, landscape are text spreads, in the pages probed)"
Potentilla supina,Niedriges Gänsekraut,Band 8 (1904),icon 111,http://www.biolib.de/sturm/flora08/high/IMG_9627.jpg,http://www.biolib.de/sturm/flora08/high/IMG_9627.html,"page type not probed (portrait pages are colour plates, landscape are text spreads, in the pages probed)"
Potentilla tormentilla,Heideckern,Band 8 (1904),icon 126,http://www.biolib.de/sturm/flora08/high/IMG_9642.jpg,http://www.biolib.de/sturm/flora08/high/IMG_9642.html,"page type not probed (portrait pages are colour plates, landscape are text spreads, in the pages probed)"
Potentilla verna,Frühlings-Fingerkraut,Band 8 (1904),icon 119,http://www.biolib.de/sturm/flora08/high/IMG_9635.jpg,http://www.biolib.de/sturm/flora08/high/IMG_9635.html,page type by screen image 811x1200: colour plate page (portrait)
Potentilla vesca,Wald-Erdbeere,Band 8 (1904),icon 115,http://www.biolib.de/sturm/flora08/high/IMG_9631.jpg,http://www.biolib.de/sturm/flora08/high/IMG_9631.html,"page type not probed (portrait pages are colour plates, landscape are text spreads, in the pages probed)"
Prunus armeniaca,Aprikose,Band 8 (1904),icon 154,http://www.biolib.de/sturm/flora08/high/IMG_9670.jpg,http://www.biolib.de/sturm/flora08/high/IMG_9670.html,page type by screen image 834x1200: colour plate page (portrait)
Prunus confer-insitia,Pflaume,Band 8 (1904),icon 156,http://www.biolib.de/sturm/flora08/high/IMG_9672.jpg,http://www.biolib.de/sturm/flora08/high/IMG_9672.html,"page type not probed (portrait pages are colour plates, landscape are text spreads, in the pages probed)"
Prunus dubia-cerasus,Sauerkirsche,Band 8 (1904),icon 153,http://www.biolib.de/sturm/flora08/high/IMG_9669.jpg,http://www.biolib.de/sturm/flora08/high/IMG_9669.html,"page type not probed (portrait pages are colour plates, landscape are text spreads, in the pages probed)"
Prunus dubia-persica,Pfirsich,Band 8 (1904),icon 157,http://www.biolib.de/sturm/flora08/high/IMG_9673.jpg,http://www.biolib.de/sturm/flora08/high/IMG_9673.html,page type by screen image 772x1200: colour plate page (portrait)
Prunus padus,Ahlkirsche,Band 8 (1904),icon 152,http://www.biolib.de/sturm/flora08/high/IMG_9668.jpg,http://www.biolib.de/sturm/flora08/high/IMG_9668.html,"page type not probed (portrait pages are colour plates, landscape are text spreads, in the pages probed)"
Prunus spinosa,Schwarzdorn,Band 8 (1904),icon 155,http://www.biolib.de/sturm/flora08/high/IMG_9671.jpg,http://www.biolib.de/sturm/flora08/high/IMG_9671.html,page type by screen image 786x1200: colour plate page (portrait)
Rosa hybrida collina,Essigrosen-Bastard,Band 8 (1904),icon 146,http://www.biolib.de/sturm/flora08/high/IMG_9662.jpg,http://www.biolib.de/sturm/flora08/high/IMG_9662.html,page type by screen image 822x1200: colour plate page (portrait)
Rosa hybrida dumentorum,Haarige Hundsrose,Band 8 (1904),icon 144,http://www.biolib.de/sturm/flora08/high/IMG_9660.jpg,http://www.biolib.de/sturm/flora08/high/IMG_9660.html,"page type not probed (portrait pages are colour plates, landscape are text spreads, in the pages probed)"
Rosa hybrida mollis,Weiche Rose,Band 8 (1904),icon 143,http://www.biolib.de/sturm/flora08/high/IMG_9659.jpg,http://www.biolib.de/sturm/flora08/high/IMG_9659.html,"page type not probed (portrait pages are colour plates, landscape are text spreads, in the pages probed)"
Rosa pendulina,Nickende Rose,Band 8 (1904),icon 140,http://www.biolib.de/sturm/flora08/high/IMG_9656.jpg,http://www.biolib.de/sturm/flora08/high/IMG_9656.html,page type by screen image 820x1200: colour plate page (portrait)
Rosa pimpinellifolia,Schottische Rose,Band 8 (1904),icon 139,http://www.biolib.de/sturm/flora08/high/IMG_9655.jpg,http://www.biolib.de/sturm/flora08/high/IMG_9655.html,"page type not probed (portrait pages are colour plates, landscape are text spreads, in the pages probed)"
Rosa pomifera,Apfel-Rose,Band 8 (1904),icon 142,http://www.biolib.de/sturm/flora08/high/IMG_9658.jpg,http://www.biolib.de/sturm/flora08/high/IMG_9658.html,"page type not probed (portrait pages are colour plates, landscape are text spreads, in the pages probed)"
Rosa repens,Kriechende Rose,Band 8 (1904),icon 145,http://www.biolib.de/sturm/flora08/high/IMG_9661.jpg,http://www.biolib.de/sturm/flora08/high/IMG_9661.html,"page type not probed (portrait pages are colour plates, landscape are text spreads, in the pages probed)"
Rosa rubiginosa,Wein-Rose,Band 8 (1904),icon 141,http://www.biolib.de/sturm/flora08/high/IMG_9657.jpg,http://www.biolib.de/sturm/flora08/high/IMG_9657.html,page type by screen image 803x1200: colour plate page (portrait)
Rubi hybridi fortes,Starke Brombeere,Band 8 (1904),icon 45,http://www.biolib.de/sturm/flora08/high/IMG_9559.jpg,http://www.biolib.de/sturm/flora08/high/IMG_9559.html,page type by screen image 1582x1200: text spread (landscape)
Rubi hybridi macrophylli,Grossblättrige Brombeere,Band 8 (1904),icon 49,http://www.biolib.de/sturm/flora08/high/IMG_9563.jpg,http://www.biolib.de/sturm/flora08/high/IMG_9563.html,"page type not probed (portrait pages are colour plates, landscape are text spreads, in the pages probed)"
Rubi hybridi phaenocalyces,Kelch-Brombeere,Band 8 (1904),icon 41,http://www.biolib.de/sturm/flora08/high/IMG_9555.jpg,http://www.biolib.de/sturm/flora08/high/IMG_9555.html,page type by screen image 1580x1200: text spread (landscape)
Rubi hybridi thyrsoidei,,Band 8 (1904),icon 47,http://www.biolib.de/sturm/flora08/high/IMG_9561.jpg,http://www.biolib.de/sturm/flora08/high/IMG_9561.html,"page type not probed (portrait pages are colour plates, landscape are text spreads, in the pages probed)"
Rubus aestivus,Sommer-Brombeere,Band 8 (1904),icon 33,http://www.biolib.de/sturm/flora08/high/IMG_9547.jpg,http://www.biolib.de/sturm/flora08/high/IMG_9547.html,"page type not probed (portrait pages are colour plates, landscape are text spreads, in the pages probed)"
Rubus aestivus-caesius,Haselblättrige Brombeere,Band 8 (1904),icon 38,http://www.biolib.de/sturm/flora08/high/IMG_9552.jpg,http://www.biolib.de/sturm/flora08/high/IMG_9552.html,"page type not probed (portrait pages are colour plates, landscape are text spreads, in the pages probed)"
Rubus bellardii,Bellardi-Brombeere,Band 8 (1904),icon 31,http://www.biolib.de/sturm/flora08/high/IMG_9545.jpg,http://www.biolib.de/sturm/flora08/high/IMG_9545.html,page type by screen image 1606x1200: text spread (landscape)
Rubus caesius,Europäische Taubeere,Band 8 (1904),icon 32,http://www.biolib.de/sturm/flora08/high/IMG_9546.jpg,http://www.biolib.de/sturm/flora08/high/IMG_9546.html,"page type not probed (portrait pages are colour plates, landscape are text spreads, in the pages probed)"
Rubus discolor,Hecken-Brombeere,Band 8 (1904),icon 29,http://www.biolib.de/sturm/flora08/high/IMG_9543.jpg,http://www.biolib.de/sturm/flora08/high/IMG_9543.html,"page type not probed (portrait pages are colour plates, landscape are text spreads, in the pages probed)"
Rubus hybridus rudis,Rauhe Brombeere,Band 8 (1904),icon 43,http://www.biolib.de/sturm/flora08/high/IMG_9557.jpg,http://www.biolib.de/sturm/flora08/high/IMG_9557.html,"page type not probed (portrait pages are colour plates, landscape are text spreads, in the pages probed)"
Rubus hybridus sprengelii,Sprengel-Brombeere,Band 8 (1904),icon 39,http://www.biolib.de/sturm/flora08/high/IMG_9553.jpg,http://www.biolib.de/sturm/flora08/high/IMG_9553.html,"page type not probed (portrait pages are colour plates, landscape are text spreads, in the pages probed)"
Rubus idaeus,Himbeere,Band 8 (1904),icon 109,http://www.biolib.de/sturm/flora08/high/IMG_9625.jpg,http://www.biolib.de/sturm/flora08/high/IMG_9625.html,page type by screen image 834x1200: colour plate page (portrait)
Rubus microacanthus,Grosse Himbeerbrombeere,Band 8 (1904),icon 36,http://www.biolib.de/sturm/flora08/high/IMG_9550.jpg,http://www.biolib.de/sturm/flora08/high/IMG_9550.html,page type by screen image 1582x1200: text spread (landscape)
Rubus saxatilis,Steinbeere,Band 8 (1904),icon 110,http://www.biolib.de/sturm/flora08/high/IMG_9626.jpg,http://www.biolib.de/sturm/flora08/high/IMG_9626.html,"page type not probed (portrait pages are colour plates, landscape are text spreads, in the pages probed)"
Rubus tomentosus,Filzige Brombeere,Band 8 (1904),icon 28,http://www.biolib.de/sturm/flora08/high/IMG_9542.jpg,http://www.biolib.de/sturm/flora08/high/IMG_9542.html,page type by screen image 1583x1200: text spread (landscape)
Rubus vestitus,Zottige Brombeere,Band 8 (1904),icon 30,http://www.biolib.de/sturm/flora08/high/IMG_9544.jpg,http://www.biolib.de/sturm/flora08/high/IMG_9544.html,"page type not probed (portrait pages are colour plates, landscape are text spreads, in the pages probed)"
Sanguisorba officinalis,Wiesenknopf,Band 8 (1904),icon 151,http://www.biolib.de/sturm/flora08/high/IMG_9667.jpg,http://www.biolib.de/sturm/flora08/high/IMG_9667.html,"page type not probed (portrait pages are colour plates, landscape are text spreads, in the pages probed)"
Spiraea aruncus,Geissbart,Band 8 (1904),icon 106,http://www.biolib.de/sturm/flora08/high/IMG_9622.jpg,http://www.biolib.de/sturm/flora08/high/IMG_9622.html,"page type not probed (portrait pages are colour plates, landscape are text spreads, in the pages probed)"
Anagallis minima,,Band 9 (1901),icon 205,http://www.biolib.de/sturm/flora09/high/IMG_9882.jpg,http://www.biolib.de/sturm/flora09/high/IMG_9882.html,"composite: 2 Latin names indexed on this page; page type not probed (portrait pages are colour plates, landscape are text spreads, in the pages probed); German names indexed on this page: Echtes Gauchheil; Kleinling"
Anagallis phoenicae,,Band 9 (1901),icon 205,http://www.biolib.de/sturm/flora09/high/IMG_9882.jpg,http://www.biolib.de/sturm/flora09/high/IMG_9882.html,"composite: 2 Latin names indexed on this page; page type not probed (portrait pages are colour plates, landscape are text spreads, in the pages probed); German names indexed on this page: Echtes Gauchheil; Kleinling"
Anagallis tenella,Moor-Gauchheil,Band 9 (1901),icon 128,http://www.biolib.de/sturm/flora09/high/IMG_9803.jpg,http://www.biolib.de/sturm/flora09/high/IMG_9803.html,"page type not probed (portrait pages are colour plates, landscape are text spreads, in the pages probed)"
Andromeda calyculata,Oleanderheide,Band 9 (1901),icon 115,http://www.biolib.de/sturm/flora09/high/IMG_9790.jpg,http://www.biolib.de/sturm/flora09/high/IMG_9790.html,"page type not probed (portrait pages are colour plates, landscape are text spreads, in the pages probed)"
Andromeda poliifolia,Rosmarienheide,Band 9 (1901),icon 198,http://www.biolib.de/sturm/flora09/high/IMG_9875.jpg,http://www.biolib.de/sturm/flora09/high/IMG_9875.html,"page type not probed (portrait pages are colour plates, landscape are text spreads, in the pages probed)"
Anthyllis vulneraria,,Band 9 (1901),icon 175,http://www.biolib.de/sturm/flora09/high/IMG_9852.jpg,http://www.biolib.de/sturm/flora09/high/IMG_9852.html,composite: 2 Latin names indexed on this page; page type by screen image 760x1200: colour plate page (portrait); German names indexed on this page: Schotenklee; Wundklee
Arbutus ursina,Echte Bärentraube,Band 9 (1901),icon 199,http://www.biolib.de/sturm/flora09/high/IMG_9876.jpg,http://www.biolib.de/sturm/flora09/high/IMG_9876.html,"page type not probed (portrait pages are colour plates, landscape are text spreads, in the pages probed)"
Astragalus arenarius,Sand-Targant,Band 9 (1901),icon 35,http://www.biolib.de/sturm/flora09/high/IMG_9709.jpg,http://www.biolib.de/sturm/flora09/high/IMG_9709.html,"page type not probed (portrait pages are colour plates, landscape are text spreads, in the pages probed)"
Astragalus cicer,,Band 9 (1901),icon 167,http://www.biolib.de/sturm/flora09/high/IMG_9844.jpg,http://www.biolib.de/sturm/flora09/high/IMG_9844.html,"composite: 2 Latin names indexed on this page; page type not probed (portrait pages are colour plates, landscape are text spreads, in the pages probed); German names indexed on this page: Fahnenwicke; Kichertragant"
Astragalus glycyphyllus,,Band 9 (1901),icon 168,http://www.biolib.de/sturm/flora09/high/IMG_9845.jpg,http://www.biolib.de/sturm/flora09/high/IMG_9845.html,"page type not probed (portrait pages are colour plates, landscape are text spreads, in the pages probed); German names indexed on this page: Bärenschote; Sand-Tragant"
Astragalus pilosus,,Band 9 (1901),icon 167,http://www.biolib.de/sturm/flora09/high/IMG_9844.jpg,http://www.biolib.de/sturm/flora09/high/IMG_9844.html,"composite: 2 Latin names indexed on this page; page type not probed (portrait pages are colour plates, landscape are text spreads, in the pages probed); German names indexed on this page: Fahnenwicke; Kichertragant"
Circaea alpina,Kleines Hexenkraut,Band 9 (1901),icon 95,http://www.biolib.de/sturm/flora09/high/IMG_9770.jpg,http://www.biolib.de/sturm/flora09/high/IMG_9770.html,"page type not probed (portrait pages are colour plates, landscape are text spreads, in the pages probed)"
Circaea lutetiana,,Band 9 (1901),icon 188,http://www.biolib.de/sturm/flora09/high/IMG_9865.jpg,http://www.biolib.de/sturm/flora09/high/IMG_9865.html,"composite: 2 Latin names indexed on this page; page type not probed (portrait pages are colour plates, landscape are text spreads, in the pages probed); German names indexed on this page: Gewöhnliche Nachtkerze; Grosse Hexenkraut"
Coluta arborescens,,Band 9 (1901),icon 166,http://www.biolib.de/sturm/flora09/high/IMG_9843.jpg,http://www.biolib.de/sturm/flora09/high/IMG_9843.html,"composite: 2 Latin names indexed on this page; page type not probed (portrait pages are colour plates, landscape are text spreads, in the pages probed); German names indexed on this page: Blasenstrauch; Geissraute"
Coronilla comosa,Hufeisenklee,Band 9 (1901),icon 42,http://www.biolib.de/sturm/flora09/high/IMG_9717.jpg,http://www.biolib.de/sturm/flora09/high/IMG_9717.html,"page type not probed (portrait pages are colour plates, landscape are text spreads, in the pages probed)"
Coronilla emerus,Garten-Kronwicke,Band 9 (1901),icon 43,http://www.biolib.de/sturm/flora09/high/IMG_9718.jpg,http://www.biolib.de/sturm/flora09/high/IMG_9718.html,"page type not probed (portrait pages are colour plates, landscape are text spreads, in the pages probed)"
Coronilla montana,Berg-Kronwicke,Band 9 (1901),icon 169,http://www.biolib.de/sturm/flora09/high/IMG_9846.jpg,http://www.biolib.de/sturm/flora09/high/IMG_9846.html,"page type not probed (portrait pages are colour plates, landscape are text spreads, in the pages probed)"
Coronilla perpusilla,Wilde Serradella,Band 9 (1901),icon 46,http://www.biolib.de/sturm/flora09/high/IMG_9721.jpg,http://www.biolib.de/sturm/flora09/high/IMG_9721.html,"page type not probed (portrait pages are colour plates, landscape are text spreads, in the pages probed)"
Coronilla vaginalis,,Band 9 (1901),icon 170,http://www.biolib.de/sturm/flora09/high/IMG_9847.jpg,http://www.biolib.de/sturm/flora09/high/IMG_9847.html,"composite: 2 Latin names indexed on this page; page type not probed (portrait pages are colour plates, landscape are text spreads, in the pages probed); German names indexed on this page: Bunte Kronwicke; Scheiden-Kronwicke"
Coronilla varia,,Band 9 (1901),icon 170,http://www.biolib.de/sturm/flora09/high/IMG_9847.jpg,http://www.biolib.de/sturm/flora09/high/IMG_9847.html,"composite: 2 Latin names indexed on this page; page type not probed (portrait pages are colour plates, landscape are text spreads, in the pages probed); German names indexed on this page: Bunte Kronwicke; Scheiden-Kronwicke"
Cyclamen europaeum,Europäisches Alpenveilchen,Band 9 (1901),icon 129,http://www.biolib.de/sturm/flora09/high/IMG_9804.jpg,http://www.biolib.de/sturm/flora09/high/IMG_9804.html,"page type not probed (portrait pages are colour plates, landscape are text spreads, in the pages probed)"
Dorycnium suffruticosum,Backenklee,Band 9 (1901),icon 40,http://www.biolib.de/sturm/flora09/high/IMG_9715.jpg,http://www.biolib.de/sturm/flora09/high/IMG_9715.html,"page type not probed (portrait pages are colour plates, landscape are text spreads, in the pages probed)"
Epilobium adnatum,,Band 9 (1901),icon 185,http://www.biolib.de/sturm/flora09/high/IMG_9862.jpg,http://www.biolib.de/sturm/flora09/high/IMG_9862.html,"composite: 3 Latin names indexed on this page; page type not probed (portrait pages are colour plates, landscape are text spreads, in the pages probed); German names indexed on this page: Gauchheil-Röschen; Mieren-Röschen; Vierkantiges Weidenröschen"
Epilobium alsinifolium,,Band 9 (1901),icon 185,http://www.biolib.de/sturm/flora09/high/IMG_9862.jpg,http://www.biolib.de/sturm/flora09/high/IMG_9862.html,"composite: 3 Latin names indexed on this page; page type not probed (portrait pages are colour plates, landscape are text spreads, in the pages probed); German names indexed on this page: Gauchheil-Röschen; Mieren-Röschen; Vierkantiges Weidenröschen"
Epilobium anagallidifolium,,Band 9 (1901),icon 185,http://www.biolib.de/sturm/flora09/high/IMG_9862.jpg,http://www.biolib.de/sturm/flora09/high/IMG_9862.html,"composite: 3 Latin names indexed on this page; page type not probed (portrait pages are colour plates, landscape are text spreads, in the pages probed); German names indexed on this page: Gauchheil-Röschen; Mieren-Röschen; Vierkantiges Weidenröschen"
Epilobium angustifolium,,Band 9 (1901),icon 187,http://www.biolib.de/sturm/flora09/high/IMG_9864.jpg,http://www.biolib.de/sturm/flora09/high/IMG_9864.html,"composite: 2 Latin names indexed on this page; page type not probed (portrait pages are colour plates, landscape are text spreads, in the pages probed); German names indexed on this page: Dodonaeusröschen; Oleanderröschen"
Epilobium dodonaei,,Band 9 (1901),icon 187,http://www.biolib.de/sturm/flora09/high/IMG_9864.jpg,http://www.biolib.de/sturm/flora09/high/IMG_9864.html,"composite: 2 Latin names indexed on this page; page type not probed (portrait pages are colour plates, landscape are text spreads, in the pages probed); German names indexed on this page: Dodonaeusröschen; Oleanderröschen"
Epilobium fleischeri,,Band 9 (1901),icon 186,http://www.biolib.de/sturm/flora09/high/IMG_9863.jpg,http://www.biolib.de/sturm/flora09/high/IMG_9863.html,"composite: 3 Latin names indexed on this page; page type not probed (portrait pages are colour plates, landscape are text spreads, in the pages probed); German names indexed on this page: Dreikantiges Röschen; Fleischer-Röschen; Sumpfr&ounl;schen"
Epilobium grandiflorum,,Band 9 (1901),icon 182,http://www.biolib.de/sturm/flora09/high/IMG_9859.jpg,http://www.biolib.de/sturm/flora09/high/IMG_9859.html,"composite: 2 Latin names indexed on this page; page type not probed (portrait pages are colour plates, landscape are text spreads, in the pages probed); German names indexed on this page: Grossblumiges Weidenröschen; Kleinblumiges Weidenröschen"
Epilobium lanceolatum,Lanzettblättriges Weidenröschen,Band 9 (1901),icon 101,http://www.biolib.de/sturm/flora09/high/IMG_9776.jpg,http://www.biolib.de/sturm/flora09/high/IMG_9776.html,"page type not probed (portrait pages are colour plates, landscape are text spreads, in the pages probed)"
Epilobium montanum,,Band 9 (1901),icon 183,http://www.biolib.de/sturm/flora09/high/IMG_9860.jpg,http://www.biolib.de/sturm/flora09/high/IMG_9860.html,composite: 2 Latin names indexed on this page; page type by screen image 760x1200: colour plate page (portrait); German names indexed on this page: Berg-Weidenröschen; Hartheu-Röschen
Epilobium obscurum,,Band 9 (1901),icon 184,http://www.biolib.de/sturm/flora09/high/IMG_9861.jpg,http://www.biolib.de/sturm/flora09/high/IMG_9861.html,"composite: 2 Latin names indexed on this page; page type not probed (portrait pages are colour plates, landscape are text spreads, in the pages probed); German names indexed on this page: Dunkles Weidenröschen; Echtes Weidenröschen"
Epilobium palustre,,Band 9 (1901),icon 186,http://www.biolib.de/sturm/flora09/high/IMG_9863.jpg,http://www.biolib.de/sturm/flora09/high/IMG_9863.html,"composite: 3 Latin names indexed on this page; page type not probed (portrait pages are colour plates, landscape are text spreads, in the pages probed); German names indexed on this page: Dreikantiges Röschen; Fleischer-Röschen; Sumpfr&ounl;schen"
Epilobium parviflorum,,Band 9 (1901),icon 182,http://www.biolib.de/sturm/flora09/high/IMG_9859.jpg,http://www.biolib.de/sturm/flora09/high/IMG_9859.html,"composite: 2 Latin names indexed on this page; page type not probed (portrait pages are colour plates, landscape are text spreads, in the pages probed); German names indexed on this page: Grossblumiges Weidenröschen; Kleinblumiges Weidenröschen"
Epilobium roseum,,Band 9 (1901),icon 184,http://www.biolib.de/sturm/flora09/high/IMG_9861.jpg,http://www.biolib.de/sturm/flora09/high/IMG_9861.html,"composite: 2 Latin names indexed on this page; page type not probed (portrait pages are colour plates, landscape are text spreads, in the pages probed); German names indexed on this page: Dunkles Weidenröschen; Echtes Weidenröschen"
Epilobium trigonum,,Band 9 (1901),icon 186,http://www.biolib.de/sturm/flora09/high/IMG_9863.jpg,http://www.biolib.de/sturm/flora09/high/IMG_9863.html,"composite: 3 Latin names indexed on this page; page type not probed (portrait pages are colour plates, landscape are text spreads, in the pages probed); German names indexed on this page: Dreikantiges Röschen; Fleischer-Röschen; Sumpfr&ounl;schen"
Epilopium hypericifolium,,Band 9 (1901),icon 183,http://www.biolib.de/sturm/flora09/high/IMG_9860.jpg,http://www.biolib.de/sturm/flora09/high/IMG_9860.html,composite: 2 Latin names indexed on this page; page type by screen image 760x1200: colour plate page (portrait); German names indexed on this page: Berg-Weidenröschen; Hartheu-Röschen
Erica carnea,,Band 9 (1901),icon 193,http://www.biolib.de/sturm/flora09/high/IMG_9870.jpg,http://www.biolib.de/sturm/flora09/high/IMG_9870.html,"composite: 2 Latin names indexed on this page; page type not probed (portrait pages are colour plates, landscape are text spreads, in the pages probed); German names indexed on this page: Bergheide; Gemeine Heide"
Erica cinerea,,Band 9 (1901),icon 192,http://www.biolib.de/sturm/flora09/high/IMG_9869.jpg,http://www.biolib.de/sturm/flora09/high/IMG_9869.html,"composite: 2 Latin names indexed on this page; page type not probed (portrait pages are colour plates, landscape are text spreads, in the pages probed); German names indexed on this page: Glockenheide; Graue Heide"
Erica tetralix,,Band 9 (1901),icon 192,http://www.biolib.de/sturm/flora09/high/IMG_9869.jpg,http://www.biolib.de/sturm/flora09/high/IMG_9869.html,"composite: 2 Latin names indexed on this page; page type not probed (portrait pages are colour plates, landscape are text spreads, in the pages probed); German names indexed on this page: Glockenheide; Graue Heide"
Erica vulgaris,,Band 9 (1901),icon 193,http://www.biolib.de/sturm/flora09/high/IMG_9870.jpg,http://www.biolib.de/sturm/flora09/high/IMG_9870.html,"composite: 2 Latin names indexed on this page; page type not probed (portrait pages are colour plates, landscape are text spreads, in the pages probed); German names indexed on this page: Bergheide; Gemeine Heide"
Galega officinalis,,Band 9 (1901),icon 166,http://www.biolib.de/sturm/flora09/high/IMG_9843.jpg,http://www.biolib.de/sturm/flora09/high/IMG_9843.html,"composite: 2 Latin names indexed on this page; page type not probed (portrait pages are colour plates, landscape are text spreads, in the pages probed); German names indexed on this page: Blasenstrauch; Geissraute"
Genista anglica,,Band 9 (1901),icon 55,http://www.biolib.de/sturm/flora09/high/IMG_9730.jpg,http://www.biolib.de/sturm/flora09/high/IMG_9730.html,"composite: 2 Latin names indexed on this page; page type not probed (portrait pages are colour plates, landscape are text spreads, in the pages probed); German names indexed on this page: Behaarter Ginster; Englischer Ginster"
Genista europaea,Stech-Ginster,Band 9 (1901),icon 56,http://www.biolib.de/sturm/flora09/high/IMG_9731.jpg,http://www.biolib.de/sturm/flora09/high/IMG_9731.html,"page type not probed (portrait pages are colour plates, landscape are text spreads, in the pages probed)"
Genista nigricans,,Band 9 (1901),icon 172,http://www.biolib.de/sturm/flora09/high/IMG_9849.jpg,http://www.biolib.de/sturm/flora09/high/IMG_9849.html,"composite: 2 Latin names indexed on this page; page type not probed (portrait pages are colour plates, landscape are text spreads, in the pages probed); German names indexed on this page: Regensburger Geissklee; Schwarzer Geissklee"
Genista pilosa,,Band 9 (1901),icon 55,http://www.biolib.de/sturm/flora09/high/IMG_9730.jpg,http://www.biolib.de/sturm/flora09/high/IMG_9730.html,"composite: 2 Latin names indexed on this page; page type not probed (portrait pages are colour plates, landscape are text spreads, in the pages probed); German names indexed on this page: Behaarter Ginster; Englischer Ginster"
Genista ratisbonensis,,Band 9 (1901),icon 172,http://www.biolib.de/sturm/flora09/high/IMG_9849.jpg,http://www.biolib.de/sturm/flora09/high/IMG_9849.html,"composite: 2 Latin names indexed on this page; page type not probed (portrait pages are colour plates, landscape are text spreads, in the pages probed); German names indexed on this page: Regensburger Geissklee; Schwarzer Geissklee"
Genista scoparia,Besen-Ginster,Band 9 (1901),icon 53,http://www.biolib.de/sturm/flora09/high/IMG_9728.jpg,http://www.biolib.de/sturm/flora09/high/IMG_9728.html,"page type not probed (portrait pages are colour plates, landscape are text spreads, in the pages probed)"
Genista tinctoria,Färber-Ginster,Band 9 (1901),icon 54,http://www.biolib.de/sturm/flora09/high/IMG_9729.jpg,http://www.biolib.de/sturm/flora09/high/IMG_9729.html,"page type not probed (portrait pages are colour plates, landscape are text spreads, in the pages probed)"
Glaux generalis,,Band 9 (1901),icon 204,http://www.biolib.de/sturm/flora09/high/IMG_9881.jpg,http://www.biolib.de/sturm/flora09/high/IMG_9881.html,"composite: 2 Latin names indexed on this page; page type not probed (portrait pages are colour plates, landscape are text spreads, in the pages probed); German names indexed on this page: Kilchkraut; Siebenstern"
Hedysarum obscurum,,Band 9 (1901),icon 171,http://www.biolib.de/sturm/flora09/high/IMG_9848.jpg,http://www.biolib.de/sturm/flora09/high/IMG_9848.html,composite: 2 Latin names indexed on this page; page type by screen image 760x1200: colour plate page (portrait); German names indexed on this page: Esparsette; Süssklee
Hedysarum onobrychis,,Band 9 (1901),icon 171,http://www.biolib.de/sturm/flora09/high/IMG_9848.jpg,http://www.biolib.de/sturm/flora09/high/IMG_9848.html,composite: 2 Latin names indexed on this page; page type by screen image 760x1200: colour plate page (portrait); German names indexed on this page: Esparsette; Süssklee
Hippuris generalis,,Band 9 (1901),icon 190,http://www.biolib.de/sturm/flora09/high/IMG_9867.jpg,http://www.biolib.de/sturm/flora09/high/IMG_9867.html,"composite: 2 Latin names indexed on this page; page type not probed (portrait pages are colour plates, landscape are text spreads, in the pages probed); German names indexed on this page: Aehriges Tausendblatt; Tannenwedel"
Hottonia palustris,Hottonie,Band 9 (1901),icon 138,http://www.biolib.de/sturm/flora09/high/IMG_9813.jpg,http://www.biolib.de/sturm/flora09/high/IMG_9813.html,page type by screen image 1637x1200: text spread (landscape)
Jussioea isnardia,,Band 9 (1901),icon 189,http://www.biolib.de/sturm/flora09/high/IMG_9866.jpg,http://www.biolib.de/sturm/flora09/high/IMG_9866.html,"composite: 2 Latin names indexed on this page; page type not probed (portrait pages are colour plates, landscape are text spreads, in the pages probed); German names indexed on this page: Isnardie; Wassernuss"
Ledum palustre,Porst,Band 9 (1901),icon 107,http://www.biolib.de/sturm/flora09/high/IMG_9782.jpg,http://www.biolib.de/sturm/flora09/high/IMG_9782.html,page type by screen image 1637x1200: text spread (landscape)
Lotus corniculatus,,Band 9 (1901),icon 176,http://www.biolib.de/sturm/flora09/high/IMG_9853.jpg,http://www.biolib.de/sturm/flora09/high/IMG_9853.html,"composite: 2 Latin names indexed on this page; page type not probed (portrait pages are colour plates, landscape are text spreads, in the pages probed); German names indexed on this page: Echter Hornklee; Gezähnter Steinklee"
Lotus siliquosus,,Band 9 (1901),icon 175,http://www.biolib.de/sturm/flora09/high/IMG_9852.jpg,http://www.biolib.de/sturm/flora09/high/IMG_9852.html,composite: 2 Latin names indexed on this page; page type by screen image 760x1200: colour plate page (portrait); German names indexed on this page: Schotenklee; Wundklee
Lotus uliginosus,Sumpf-Hornklee,Band 9 (1901),icon 39,http://www.biolib.de/sturm/flora09/high/IMG_9714.jpg,http://www.biolib.de/sturm/flora09/high/IMG_9714.html,"page type not probed (portrait pages are colour plates, landscape are text spreads, in the pages probed)"
Lysimachia nemorum,Wald-Lysimachie,Band 9 (1901),icon 125,http://www.biolib.de/sturm/flora09/high/IMG_9800.jpg,http://www.biolib.de/sturm/flora09/high/IMG_9800.html,page type by screen image 1637x1200: text spread (landscape)
Lysimachia punctata,,Band 9 (1901),icon 124,http://www.biolib.de/sturm/flora09/high/IMG_9799.jpg,http://www.biolib.de/sturm/flora09/high/IMG_9799.html,"composite: 2 Latin names indexed on this page; page type not probed (portrait pages are colour plates, landscape are text spreads, in the pages probed); German names indexed on this page: Naumburgie; Punktierte Lysimachie"
Lysimachia thyrsiflora,,Band 9 (1901),icon 124,http://www.biolib.de/sturm/flora09/high/IMG_9799.jpg,http://www.biolib.de/sturm/flora09/high/IMG_9799.html,"composite: 2 Latin names indexed on this page; page type not probed (portrait pages are colour plates, landscape are text spreads, in the pages probed); German names indexed on this page: Naumburgie; Punktierte Lysimachie"
Lysimachia trientalis,,Band 9 (1901),icon 204,http://www.biolib.de/sturm/flora09/high/IMG_9881.jpg,http://www.biolib.de/sturm/flora09/high/IMG_9881.html,"composite: 2 Latin names indexed on this page; page type not probed (portrait pages are colour plates, landscape are text spreads, in the pages probed); German names indexed on this page: Kilchkraut; Siebenstern"
Lysimachia vulgaris,Friedlos,Band 9 (1901),icon 203,http://www.biolib.de/sturm/flora09/high/IMG_9880.jpg,http://www.biolib.de/sturm/flora09/high/IMG_9880.html,"page type not probed (portrait pages are colour plates, landscape are text spreads, in the pages probed)"
Lythrum salicaria,,Band 9 (1901),icon 191,http://www.biolib.de/sturm/flora09/high/IMG_9868.jpg,http://www.biolib.de/sturm/flora09/high/IMG_9868.html,"composite: 2 Latin names indexed on this page; page type not probed (portrait pages are colour plates, landscape are text spreads, in the pages probed); German names indexed on this page: Blutkraut; Portel"
Medicago alba,Weisser Steinklee,Band 9 (1901),icon 66,http://www.biolib.de/sturm/flora09/high/IMG_9741.jpg,http://www.biolib.de/sturm/flora09/high/IMG_9741.html,"page type not probed (portrait pages are colour plates, landscape are text spreads, in the pages probed)"
Medicago altissima,,Band 9 (1901),icon 65,http://www.biolib.de/sturm/flora09/high/IMG_9740.jpg,http://www.biolib.de/sturm/flora09/high/IMG_9740.html,"composite: 2 Latin names indexed on this page; page type not probed (portrait pages are colour plates, landscape are text spreads, in the pages probed); German names indexed on this page: Hoher Steinklee; Kleinblumiger Steinklee"
Medicago besseriana-coerulea,,Band 9 (1901),icon 177,http://www.biolib.de/sturm/flora09/high/IMG_9854.jpg,http://www.biolib.de/sturm/flora09/high/IMG_9854.html,composite: 2 Latin names indexed on this page; page type by screen image 760x1200: colour plate page (portrait); German names indexed on this page: Echter Steinklee; Echter Ziegerklee
Medicago dentata,,Band 9 (1901),icon 176,http://www.biolib.de/sturm/flora09/high/IMG_9853.jpg,http://www.biolib.de/sturm/flora09/high/IMG_9853.html,"composite: 2 Latin names indexed on this page; page type not probed (portrait pages are colour plates, landscape are text spreads, in the pages probed); German names indexed on this page: Echter Hornklee; Gezähnter Steinklee"
Medicago falcata,Sichelklee,Band 9 (1901),icon 68,http://www.biolib.de/sturm/flora09/high/IMG_9743.jpg,http://www.biolib.de/sturm/flora09/high/IMG_9743.html,"page type not probed (portrait pages are colour plates, landscape are text spreads, in the pages probed)"
Medicago foenucraeca,Bockshornklee,Band 9 (1901),icon 61,http://www.biolib.de/sturm/flora09/high/IMG_9736.jpg,http://www.biolib.de/sturm/flora09/high/IMG_9736.html,"page type not probed (portrait pages are colour plates, landscape are text spreads, in the pages probed)"
Medicago hybrida arenaria,Sand-Luzerne,Band 9 (1901),icon 73,http://www.biolib.de/sturm/flora09/high/IMG_9748.jpg,http://www.biolib.de/sturm/flora09/high/IMG_9748.html,"page type not probed (portrait pages are colour plates, landscape are text spreads, in the pages probed)"
Medicago lupolina,Hopfenluzerne,Band 9 (1901),icon 67,http://www.biolib.de/sturm/flora09/high/IMG_9742.jpg,http://www.biolib.de/sturm/flora09/high/IMG_9742.html,page type by screen image 1637x1200: text spread (landscape)
Medicago minima,Kleiner Schneckenklee,Band 9 (1901),icon 71,http://www.biolib.de/sturm/flora09/high/IMG_9746.jpg,http://www.biolib.de/sturm/flora09/high/IMG_9746.html,page type by screen image 1637x1200: text spread (landscape)
Medicago officinalis,,Band 9 (1901),icon 177,http://www.biolib.de/sturm/flora09/high/IMG_9854.jpg,http://www.biolib.de/sturm/flora09/high/IMG_9854.html,composite: 2 Latin names indexed on this page; page type by screen image 760x1200: colour plate page (portrait); German names indexed on this page: Echter Steinklee; Echter Ziegerklee
Medicago orbicularis,Scheiben-Schneckenklee,Band 9 (1901),icon 69,http://www.biolib.de/sturm/flora09/high/IMG_9744.jpg,http://www.biolib.de/sturm/flora09/high/IMG_9744.html,page type by screen image 1637x1200: text spread (landscape)
Medicago parviflora,,Band 9 (1901),icon 65,http://www.biolib.de/sturm/flora09/high/IMG_9740.jpg,http://www.biolib.de/sturm/flora09/high/IMG_9740.html,"composite: 2 Latin names indexed on this page; page type not probed (portrait pages are colour plates, landscape are text spreads, in the pages probed); German names indexed on this page: Hoher Steinklee; Kleinblumiger Steinklee"
Medicago polycarpa,Veränderlicher Schneckenklee,Band 9 (1901),icon 70,http://www.biolib.de/sturm/flora09/high/IMG_9745.jpg,http://www.biolib.de/sturm/flora09/high/IMG_9745.html,"page type not probed (portrait pages are colour plates, landscape are text spreads, in the pages probed)"
Monotropa hypopitys,Fichtenspargel,Band 9 (1901),icon 197,http://www.biolib.de/sturm/flora09/high/IMG_9874.jpg,http://www.biolib.de/sturm/flora09/high/IMG_9874.html,"page type not probed (portrait pages are colour plates, landscape are text spreads, in the pages probed)"
Myriophyllum spicatum,,Band 9 (1901),icon 190,http://www.biolib.de/sturm/flora09/high/IMG_9867.jpg,http://www.biolib.de/sturm/flora09/high/IMG_9867.html,"composite: 2 Latin names indexed on this page; page type not probed (portrait pages are colour plates, landscape are text spreads, in the pages probed); German names indexed on this page: Aehriges Tausendblatt; Tannenwedel"
Oenothera biennis,,Band 9 (1901),icon 188,http://www.biolib.de/sturm/flora09/high/IMG_9865.jpg,http://www.biolib.de/sturm/flora09/high/IMG_9865.html,"composite: 2 Latin names indexed on this page; page type not probed (portrait pages are colour plates, landscape are text spreads, in the pages probed); German names indexed on this page: Gewöhnliche Nachtkerze; Grosse Hexenkraut"
Ononis hircina,,Band 9 (1901),icon 173,http://www.biolib.de/sturm/flora09/high/IMG_9850.jpg,http://www.biolib.de/sturm/flora09/high/IMG_9850.html,"composite: 2 Latin names indexed on this page; page type not probed (portrait pages are colour plates, landscape are text spreads, in the pages probed); German names indexed on this page: Bockshechel; Echte Hauhechel"
Ononis natrix,,Band 9 (1901),icon 174,http://www.biolib.de/sturm/flora09/high/IMG_9851.jpg,http://www.biolib.de/sturm/flora09/high/IMG_9851.html,"composite: 2 Latin names indexed on this page; page type not probed (portrait pages are colour plates, landscape are text spreads, in the pages probed); German names indexed on this page: Gelbe Hauhechel; Kleine Hauhechel"
Ononis repens,,Band 9 (1901),icon 174,http://www.biolib.de/sturm/flora09/high/IMG_9851.jpg,http://www.biolib.de/sturm/flora09/high/IMG_9851.html,"composite: 2 Latin names indexed on this page; page type not probed (portrait pages are colour plates, landscape are text spreads, in the pages probed); German names indexed on this page: Gelbe Hauhechel; Kleine Hauhechel"
Ononis spinosa,,Band 9 (1901),icon 173,http://www.biolib.de/sturm/flora09/high/IMG_9850.jpg,http://www.biolib.de/sturm/flora09/high/IMG_9850.html,"composite: 2 Latin names indexed on this page; page type not probed (portrait pages are colour plates, landscape are text spreads, in the pages probed); German names indexed on this page: Bockshechel; Echte Hauhechel"
Peplis portula,,Band 9 (1901),icon 191,http://www.biolib.de/sturm/flora09/high/IMG_9868.jpg,http://www.biolib.de/sturm/flora09/high/IMG_9868.html,"composite: 2 Latin names indexed on this page; page type not probed (portrait pages are colour plates, landscape are text spreads, in the pages probed); German names indexed on this page: Blutkraut; Portel"
Pirola minor,,Band 9 (1901),icon 195,http://www.biolib.de/sturm/flora09/high/IMG_9872.jpg,http://www.biolib.de/sturm/flora09/high/IMG_9872.html,composite: 2 Latin names indexed on this page; page type by screen image 760x1200: colour plate page (portrait); German names indexed on this page: Kleines Wintergrün; Ramischie
Pirola rotundifolia,Rundblättriges Wintergrün,Band 9 (1901),icon 194,http://www.biolib.de/sturm/flora09/high/IMG_9871.jpg,http://www.biolib.de/sturm/flora09/high/IMG_9871.html,"page type not probed (portrait pages are colour plates, landscape are text spreads, in the pages probed)"
Pirola secunda,,Band 9 (1901),icon 195,http://www.biolib.de/sturm/flora09/high/IMG_9872.jpg,http://www.biolib.de/sturm/flora09/high/IMG_9872.html,composite: 2 Latin names indexed on this page; page type by screen image 760x1200: colour plate page (portrait); German names indexed on this page: Kleines Wintergrün; Ramischie
Pirola umbellata,Doldiges Wintergrün,Band 9 (1901),icon 196,http://www.biolib.de/sturm/flora09/high/IMG_9873.jpg,http://www.biolib.de/sturm/flora09/high/IMG_9873.html,"page type not probed (portrait pages are colour plates, landscape are text spreads, in the pages probed)"
Pirola uniflora,Einblümiges Wintergrün,Band 9 (1901),icon 112,http://www.biolib.de/sturm/flora09/high/IMG_9787.jpg,http://www.biolib.de/sturm/flora09/high/IMG_9787.html,"page type not probed (portrait pages are colour plates, landscape are text spreads, in the pages probed)"
Pisum aphaca,Schlangen-Erbse,Band 9 (1901),icon 23,http://www.biolib.de/sturm/flora09/high/IMG_9697.jpg,http://www.biolib.de/sturm/flora09/high/IMG_9697.html,"page type not probed (portrait pages are colour plates, landscape are text spreads, in the pages probed)"
Pisum heterophyllum,Veschiedenblättrige Platterbse,Band 9 (1901),icon 25,http://www.biolib.de/sturm/flora09/high/IMG_9699.jpg,http://www.biolib.de/sturm/flora09/high/IMG_9699.html,"page type not probed (portrait pages are colour plates, landscape are text spreads, in the pages probed)"
Pisum hirsutum,Behaarte Kichererbse,Band 9 (1901),icon 163,http://www.biolib.de/sturm/flora09/high/IMG_9840.jpg,http://www.biolib.de/sturm/flora09/high/IMG_9840.html,"page type not probed (portrait pages are colour plates, landscape are text spreads, in the pages probed)"
Pisum latifolium,Wolfs-Erbse,Band 9 (1901),icon 26,http://www.biolib.de/sturm/flora09/high/IMG_9700.jpg,http://www.biolib.de/sturm/flora09/high/IMG_9700.html,"page type not probed (portrait pages are colour plates, landscape are text spreads, in the pages probed)"
Pisum montanum,Berg-Erbse,Band 9 (1901),icon 164,http://www.biolib.de/sturm/flora09/high/IMG_9841.jpg,http://www.biolib.de/sturm/flora09/high/IMG_9841.html,page type by screen image 760x1200: colour plate page (portrait)
Pisum pratense,Wiesenerbse,Band 9 (1901),icon 162,http://www.biolib.de/sturm/flora09/high/IMG_9839.jpg,http://www.biolib.de/sturm/flora09/high/IMG_9839.html,"page type not probed (portrait pages are colour plates, landscape are text spreads, in the pages probed)"
Pisum sativum arvense,Graue Erbse,Band 9 (1901),icon 22,http://www.biolib.de/sturm/flora09/high/IMG_9696.jpg,http://www.biolib.de/sturm/flora09/high/IMG_9696.html,"page type not probed (portrait pages are colour plates, landscape are text spreads, in the pages probed)"
Pisum tuberosum,Knollen-Erbse,Band 9 (1901),icon 28,http://www.biolib.de/sturm/flora09/high/IMG_9702.jpg,http://www.biolib.de/sturm/flora09/high/IMG_9702.html,page type by screen image 1637x1200: text spread (landscape)
Pisum vernum,Frühlings-Walderbse,Band 9 (1901),icon 165,http://www.biolib.de/sturm/flora09/high/IMG_9842.jpg,http://www.biolib.de/sturm/flora09/high/IMG_9842.html,"page type not probed (portrait pages are colour plates, landscape are text spreads, in the pages probed)"
Primula acaulis,,Band 9 (1901),icon 206,http://www.biolib.de/sturm/flora09/high/IMG_9883.jpg,http://www.biolib.de/sturm/flora09/high/IMG_9883.html,"composite: 2 Latin names indexed on this page; page type not probed (portrait pages are colour plates, landscape are text spreads, in the pages probed); German names indexed on this page: Mehl-Primel; Stengellose Schlüsselblume"
Primula arvensis,,Band 9 (1901),icon 136,http://www.biolib.de/sturm/flora09/high/IMG_9811.jpg,http://www.biolib.de/sturm/flora09/high/IMG_9811.html,"composite: 2 Latin names indexed on this page; page type not probed (portrait pages are colour plates, landscape are text spreads, in the pages probed); German names indexed on this page: Grosse Ackerprimel; Lange Ackerprimel"
Primula auricula,,Band 9 (1901),icon 208,http://www.biolib.de/sturm/flora09/high/IMG_9886.jpg,http://www.biolib.de/sturm/flora09/high/IMG_9886.html,"composite: 2 Latin names indexed on this page; page type not probed (portrait pages are colour plates, landscape are text spreads, in the pages probed); German names indexed on this page: Echte Aurikel; Zwerg-Aurikel"
Primula carnea,,Band 9 (1901),icon 134,http://www.biolib.de/sturm/flora09/high/IMG_9809.jpg,http://www.biolib.de/sturm/flora09/high/IMG_9809.html,composite: 2 Latin names indexed on this page; page type by screen image 1637x1200: text spread (landscape); German names indexed on this page: Roter Mannsschild; Stumpfblättriger Mannsschild
Primula elatior,,Band 9 (1901),icon 207,http://www.biolib.de/sturm/flora09/high/IMG_9885.jpg,http://www.biolib.de/sturm/flora09/high/IMG_9885.html,composite: 2 Latin names indexed on this page; page type by screen image 760x1200: colour plate page (portrait); German names indexed on this page: Echte Schlüsselblume; Grosse Schlüsselblume
Primula elongata,,Band 9 (1901),icon 136,http://www.biolib.de/sturm/flora09/high/IMG_9811.jpg,http://www.biolib.de/sturm/flora09/high/IMG_9811.html,"composite: 2 Latin names indexed on this page; page type not probed (portrait pages are colour plates, landscape are text spreads, in the pages probed); German names indexed on this page: Grosse Ackerprimel; Lange Ackerprimel"
Primula farinosa,,Band 9 (1901),icon 206,http://www.biolib.de/sturm/flora09/high/IMG_9883.jpg,http://www.biolib.de/sturm/flora09/high/IMG_9883.html,"composite: 2 Latin names indexed on this page; page type not probed (portrait pages are colour plates, landscape are text spreads, in the pages probed); German names indexed on this page: Mehl-Primel; Stengellose Schlüsselblume"
Primula lactea,,Band 9 (1901),icon 135,http://www.biolib.de/sturm/flora09/high/IMG_9810.jpg,http://www.biolib.de/sturm/flora09/high/IMG_9810.html,"composite: 2 Latin names indexed on this page; page type not probed (portrait pages are colour plates, landscape are text spreads, in the pages probed); German names indexed on this page: Milchweisser Mannsschild; Nördliche Ackerprimel"
Primula minima,,Band 9 (1901),icon 208,http://www.biolib.de/sturm/flora09/high/IMG_9886.jpg,http://www.biolib.de/sturm/flora09/high/IMG_9886.html,"composite: 2 Latin names indexed on this page; page type not probed (portrait pages are colour plates, landscape are text spreads, in the pages probed); German names indexed on this page: Echte Aurikel; Zwerg-Aurikel"
Primula obtusifolia,,Band 9 (1901),icon 134,http://www.biolib.de/sturm/flora09/high/IMG_9809.jpg,http://www.biolib.de/sturm/flora09/high/IMG_9809.html,composite: 2 Latin names indexed on this page; page type by screen image 1637x1200: text spread (landscape); German names indexed on this page: Roter Mannsschild; Stumpfblättriger Mannsschild
Primula officinalis,,Band 9 (1901),icon 207,http://www.biolib.de/sturm/flora09/high/IMG_9885.jpg,http://www.biolib.de/sturm/flora09/high/IMG_9885.html,composite: 2 Latin names indexed on this page; page type by screen image 760x1200: colour plate page (portrait); German names indexed on this page: Echte Schlüsselblume; Grosse Schlüsselblume
Primula septentrionalis,,Band 9 (1901),icon 135,http://www.biolib.de/sturm/flora09/high/IMG_9810.jpg,http://www.biolib.de/sturm/flora09/high/IMG_9810.html,"composite: 2 Latin names indexed on this page; page type not probed (portrait pages are colour plates, landscape are text spreads, in the pages probed); German names indexed on this page: Milchweisser Mannsschild; Nördliche Ackerprimel"
Rhododendron ferrugineum,Rostige Alpenrose,Band 9 (1901),icon 108,http://www.biolib.de/sturm/flora09/high/IMG_9783.jpg,http://www.biolib.de/sturm/flora09/high/IMG_9783.html,"page type not probed (portrait pages are colour plates, landscape are text spreads, in the pages probed)"
Samolus valerandi,,Band 9 (1901),icon 209,http://www.biolib.de/sturm/flora09/high/IMG_9887.jpg,http://www.biolib.de/sturm/flora09/high/IMG_9887.html,"composite: 2 Latin names indexed on this page; page type not probed (portrait pages are colour plates, landscape are text spreads, in the pages probed); German names indexed on this page: Alpenglöckchen; Punge"
Soldanella alpina,,Band 9 (1901),icon 209,http://www.biolib.de/sturm/flora09/high/IMG_9887.jpg,http://www.biolib.de/sturm/flora09/high/IMG_9887.html,"composite: 2 Latin names indexed on this page; page type not probed (portrait pages are colour plates, landscape are text spreads, in the pages probed); German names indexed on this page: Alpenglöckchen; Punge"
Statice armeria-elongata,Hohe Grasnelke,Band 9 (1901),icon 202,http://www.biolib.de/sturm/flora09/high/IMG_9879.jpg,http://www.biolib.de/sturm/flora09/high/IMG_9879.html,page type by screen image 760x1200: colour plate page (portrait)
Statice limonium,Echter Widerstoss,Band 9 (1901),icon 120,http://www.biolib.de/sturm/flora09/high/IMG_9795.jpg,http://www.biolib.de/sturm/flora09/high/IMG_9795.html,"page type not probed (portrait pages are colour plates, landscape are text spreads, in the pages probed)"
Trapa natans,,Band 9 (1901),icon 189,http://www.biolib.de/sturm/flora09/high/IMG_9866.jpg,http://www.biolib.de/sturm/flora09/high/IMG_9866.html,"composite: 2 Latin names indexed on this page; page type not probed (portrait pages are colour plates, landscape are text spreads, in the pages probed); German names indexed on this page: Isnardie; Wassernuss"
Trifolium alpestre,,Band 9 (1901),icon 88,http://www.biolib.de/sturm/flora09/high/IMG_9763.jpg,http://www.biolib.de/sturm/flora09/high/IMG_9763.html,composite: 2 Latin names indexed on this page; page type by screen image 1637x1200: text spread (landscape); German names indexed on this page: Aehren-Klee; Roter Berg-Klee
Trifolium arvense,,Band 9 (1901),icon 181,http://www.biolib.de/sturm/flora09/high/IMG_9858.jpg,http://www.biolib.de/sturm/flora09/high/IMG_9858.html,"composite: 2 Latin names indexed on this page; page type not probed (portrait pages are colour plates, landscape are text spreads, in the pages probed); German names indexed on this page: Hasen-Klee; Isabellen-Klee"
Trifolium aureum,,Band 9 (1901),icon 178,http://www.biolib.de/sturm/flora09/high/IMG_9855.jpg,http://www.biolib.de/sturm/flora09/high/IMG_9855.html,"composite: 2 Latin names indexed on this page; page type not probed (portrait pages are colour plates, landscape are text spreads, in the pages probed); German names indexed on this page: Gelbklee; Goldklee"
Trifolium elegans suecicum,,Band 9 (1901),icon 179,http://www.biolib.de/sturm/flora09/high/IMG_9856.jpg,http://www.biolib.de/sturm/flora09/high/IMG_9856.html,"composite: 2 Latin names indexed on this page; page type not probed (portrait pages are colour plates, landscape are text spreads, in the pages probed); German names indexed on this page: Erdbeer-Klee; Schwedischer Klee"
Trifolium fragiferum,,Band 9 (1901),icon 179,http://www.biolib.de/sturm/flora09/high/IMG_9856.jpg,http://www.biolib.de/sturm/flora09/high/IMG_9856.html,"composite: 2 Latin names indexed on this page; page type not probed (portrait pages are colour plates, landscape are text spreads, in the pages probed); German names indexed on this page: Erdbeer-Klee; Schwedischer Klee"
Trifolium incarnatum,Inkarnat-Klee,Band 9 (1901),icon 89,http://www.biolib.de/sturm/flora09/high/IMG_9764.jpg,http://www.biolib.de/sturm/flora09/high/IMG_9764.html,"page type not probed (portrait pages are colour plates, landscape are text spreads, in the pages probed)"
Trifolium medium,Mittel-Klee,Band 9 (1901),icon 84,http://www.biolib.de/sturm/flora09/high/IMG_9759.jpg,http://www.biolib.de/sturm/flora09/high/IMG_9759.html,"page type not probed (portrait pages are colour plates, landscape are text spreads, in the pages probed)"
Trifolium minus,,Band 9 (1901),icon 76,http://www.biolib.de/sturm/flora09/high/IMG_9751.jpg,http://www.biolib.de/sturm/flora09/high/IMG_9751.html,"composite: 2 Latin names indexed on this page; page type not probed (portrait pages are colour plates, landscape are text spreads, in the pages probed); German names indexed on this page: Faden-Klee; Gelb-Klee"
Trifolium montanum,Weisser Berg-Klee,Band 9 (1901),icon 78,http://www.biolib.de/sturm/flora09/high/IMG_9753.jpg,http://www.biolib.de/sturm/flora09/high/IMG_9753.html,"page type not probed (portrait pages are colour plates, landscape are text spreads, in the pages probed)"
Trifolium ochroleucum,,Band 9 (1901),icon 181,http://www.biolib.de/sturm/flora09/high/IMG_9858.jpg,http://www.biolib.de/sturm/flora09/high/IMG_9858.html,"composite: 2 Latin names indexed on this page; page type not probed (portrait pages are colour plates, landscape are text spreads, in the pages probed); German names indexed on this page: Hasen-Klee; Isabellen-Klee"
Trifolium pratense,Rotklee,Band 9 (1901),icon 180,http://www.biolib.de/sturm/flora09/high/IMG_9857.jpg,http://www.biolib.de/sturm/flora09/high/IMG_9857.html,"page type not probed (portrait pages are colour plates, landscape are text spreads, in the pages probed)"
Trifolium procumbens-campestre,,Band 9 (1901),icon 178,http://www.biolib.de/sturm/flora09/high/IMG_9855.jpg,http://www.biolib.de/sturm/flora09/high/IMG_9855.html,"composite: 2 Latin names indexed on this page; page type not probed (portrait pages are colour plates, landscape are text spreads, in the pages probed); German names indexed on this page: Gelbklee; Goldklee"
Trifolium procumbens-minus,,Band 9 (1901),icon 76,http://www.biolib.de/sturm/flora09/high/IMG_9751.jpg,http://www.biolib.de/sturm/flora09/high/IMG_9751.html,"composite: 2 Latin names indexed on this page; page type not probed (portrait pages are colour plates, landscape are text spreads, in the pages probed); German names indexed on this page: Faden-Klee; Gelb-Klee"
Trifolium repens,Weiss-Klee,Band 9 (1901),icon 80,http://www.biolib.de/sturm/flora09/high/IMG_9755.jpg,http://www.biolib.de/sturm/flora09/high/IMG_9755.html,"page type not probed (portrait pages are colour plates, landscape are text spreads, in the pages probed)"
Trifolium rubens,,Band 9 (1901),icon 88,http://www.biolib.de/sturm/flora09/high/IMG_9763.jpg,http://www.biolib.de/sturm/flora09/high/IMG_9763.html,composite: 2 Latin names indexed on this page; page type by screen image 1637x1200: text spread (landscape); German names indexed on this page: Aehren-Klee; Roter Berg-Klee
Trifolium spadiceum,Dattel-Klee,Band 9 (1901),icon 77,http://www.biolib.de/sturm/flora09/high/IMG_9752.jpg,http://www.biolib.de/sturm/flora09/high/IMG_9752.html,page type by screen image 1637x1200: text spread (landscape)
Trifolium striatum,Streifen-Klee,Band 9 (1901),icon 82,http://www.biolib.de/sturm/flora09/high/IMG_9757.jpg,http://www.biolib.de/sturm/flora09/high/IMG_9757.html,"page type not probed (portrait pages are colour plates, landscape are text spreads, in the pages probed)"
Vaccinium idaeum,Kronsbeere,Band 9 (1901),icon 118,http://www.biolib.de/sturm/flora09/high/IMG_9793.jpg,http://www.biolib.de/sturm/flora09/high/IMG_9793.html,"page type not probed (portrait pages are colour plates, landscape are text spreads, in the pages probed)"
Vaccinium myrtillus,Heidelbeere,Band 9 (1901),icon 200,http://www.biolib.de/sturm/flora09/high/IMG_9877.jpg,http://www.biolib.de/sturm/flora09/high/IMG_9877.html,"page type not probed (portrait pages are colour plates, landscape are text spreads, in the pages probed)"
Vaccinium oxycocos,Moosbeere,Band 9 (1901),icon 117,http://www.biolib.de/sturm/flora09/high/IMG_9792.jpg,http://www.biolib.de/sturm/flora09/high/IMG_9792.html,"page type not probed (portrait pages are colour plates, landscape are text spreads, in the pages probed)"
Vaccinium uliginosum,Trunkelbeere,Band 9 (1901),icon 201,http://www.biolib.de/sturm/flora09/high/IMG_9878.jpg,http://www.biolib.de/sturm/flora09/high/IMG_9878.html,page type by screen image 760x1200: colour plate page (portrait)
Vicia angustifolia,,Band 9 (1901),icon 18,http://www.biolib.de/sturm/flora09/high/IMG_9692.jpg,http://www.biolib.de/sturm/flora09/high/IMG_9692.html,"composite: 2 Latin names indexed on this page; page type not probed (portrait pages are colour plates, landscape are text spreads, in the pages probed); German names indexed on this page: Futter-Wicke"
Vicia angustifolia sativa,,Band 9 (1901),icon 18,http://www.biolib.de/sturm/flora09/high/IMG_9692.jpg,http://www.biolib.de/sturm/flora09/high/IMG_9692.html,"composite: 2 Latin names indexed on this page; page type not probed (portrait pages are colour plates, landscape are text spreads, in the pages probed); German names indexed on this page: Futter-Wicke"
Vicia cassubia,Kaschubenwicke,Band 9 (1901),icon 149,http://www.biolib.de/sturm/flora09/high/IMG_9826.jpg,http://www.biolib.de/sturm/flora09/high/IMG_9826.html,page type by screen image 760x1200: colour plate page (portrait)
Vicia cracca,Vogelwicke,Band 9 (1901),icon 148,http://www.biolib.de/sturm/flora09/high/IMG_9825.jpg,http://www.biolib.de/sturm/flora09/high/IMG_9825.html,page type by screen image 760x1200: colour plate page (portrait)
Vicia dumetorum,,Band 9 (1901),icon 150,http://www.biolib.de/sturm/flora09/high/IMG_9827.jpg,http://www.biolib.de/sturm/flora09/high/IMG_9827.html,"composite: 2 Latin names indexed on this page; page type not probed (portrait pages are colour plates, landscape are text spreads, in the pages probed); German names indexed on this page: Feinblättrige Wicke; Hainwicke"
Vicia ervlia,Erwenlinse,Band 9 (1901),icon 153,http://www.biolib.de/sturm/flora09/high/IMG_9830.jpg,http://www.biolib.de/sturm/flora09/high/IMG_9830.html,page type by screen image 760x1200: colour plate page (portrait)
Vicia faba,Grosse Bohne,Band 9 (1901),icon 16,http://www.biolib.de/sturm/flora09/high/IMG_9690.jpg,http://www.biolib.de/sturm/flora09/high/IMG_9690.html,"page type not probed (portrait pages are colour plates, landscape are text spreads, in the pages probed)"
Vicia hirsuta,Behaarte Linse,Band 9 (1901),icon 157,http://www.biolib.de/sturm/flora09/high/IMG_9834.jpg,http://www.biolib.de/sturm/flora09/high/IMG_9834.html,"page type not probed (portrait pages are colour plates, landscape are text spreads, in the pages probed)"
Vicia lathyroides,Zwergwicke,Band 9 (1901),icon 161,http://www.biolib.de/sturm/flora09/high/IMG_9838.jpg,http://www.biolib.de/sturm/flora09/high/IMG_9838.html,"page type not probed (portrait pages are colour plates, landscape are text spreads, in the pages probed)"
Vicia lens,Linse,Band 9 (1901),icon 154,http://www.biolib.de/sturm/flora09/high/IMG_9831.jpg,http://www.biolib.de/sturm/flora09/high/IMG_9831.html,"page type not probed (portrait pages are colour plates, landscape are text spreads, in the pages probed)"
Vicia lutea,,Band 9 (1901),icon 159,http://www.biolib.de/sturm/flora09/high/IMG_9836.jpg,http://www.biolib.de/sturm/flora09/high/IMG_9836.html,"composite: 2 Latin names indexed on this page; page type not probed (portrait pages are colour plates, landscape are text spreads, in the pages probed); German names indexed on this page: Gelbe Wicke; Ungarische Wicke"
Vicia monantha,Einzelblütige Linse,Band 9 (1901),icon 155,http://www.biolib.de/sturm/flora09/high/IMG_9832.jpg,http://www.biolib.de/sturm/flora09/high/IMG_9832.html,page type by screen image 760x1200: colour plate page (portrait)
Vicia pannonica,,Band 9 (1901),icon 159,http://www.biolib.de/sturm/flora09/high/IMG_9836.jpg,http://www.biolib.de/sturm/flora09/high/IMG_9836.html,"composite: 2 Latin names indexed on this page; page type not probed (portrait pages are colour plates, landscape are text spreads, in the pages probed); German names indexed on this page: Gelbe Wicke; Ungarische Wicke"
Vicia pisiformis,Erbsenblatt-Wicke,Band 9 (1901),icon 152,http://www.biolib.de/sturm/flora09/high/IMG_9829.jpg,http://www.biolib.de/sturm/flora09/high/IMG_9829.html,"page type not probed (portrait pages are colour plates, landscape are text spreads, in the pages probed)"
Vicia sepium,Zaunwicke,Band 9 (1901),icon 158,http://www.biolib.de/sturm/flora09/high/IMG_9835.jpg,http://www.biolib.de/sturm/flora09/high/IMG_9835.html,page type by screen image 760x1200: colour plate page (portrait)
Vicia silvatica,Waldwicke,Band 9 (1901),icon 151,http://www.biolib.de/sturm/flora09/high/IMG_9828.jpg,http://www.biolib.de/sturm/flora09/high/IMG_9828.html,"page type not probed (portrait pages are colour plates, landscape are text spreads, in the pages probed)"
Vicia tenuifolia,,Band 9 (1901),icon 150,http://www.biolib.de/sturm/flora09/high/IMG_9827.jpg,http://www.biolib.de/sturm/flora09/high/IMG_9827.html,"composite: 2 Latin names indexed on this page; page type not probed (portrait pages are colour plates, landscape are text spreads, in the pages probed); German names indexed on this page: Feinblättrige Wicke; Hainwicke"
Vicia tetrasperma,Viersamige Linse,Band 9 (1901),icon 156,http://www.biolib.de/sturm/flora09/high/IMG_9833.jpg,http://www.biolib.de/sturm/flora09/high/IMG_9833.html,page type by screen image 760x1200: colour plate page (portrait)
Vicia villosa,Sandwicke,Band 9 (1901),icon 146,http://www.biolib.de/sturm/flora09/high/IMG_9821.jpg,http://www.biolib.de/sturm/flora09/high/IMG_9821.html,"page type not probed (portrait pages are colour plates, landscape are text spreads, in the pages probed)"
Antirrhinum alpinum,Alpen-Leinkraut,Band 10 (1903),icon 137,http://www.biolib.de/sturm/flora10/high/IMG_10028.jpg,http://www.biolib.de/sturm/flora10/high/IMG_10028.html,"page type not probed (portrait pages are colour plates, landscape are text spreads, in the pages probed)"
Antirrhinum arvense,Acker-Leinkraut,Band 10 (1903),icon 138,http://www.biolib.de/sturm/flora10/high/IMG_10029.jpg,http://www.biolib.de/sturm/flora10/high/IMG_10029.html,"page type not probed (portrait pages are colour plates, landscape are text spreads, in the pages probed)"
Antirrhinum cymbalaria,Zimbelkraut,Band 10 (1903),icon 134,http://www.biolib.de/sturm/flora10/high/IMG_10025.jpg,http://www.biolib.de/sturm/flora10/high/IMG_10025.html,"page type not probed (portrait pages are colour plates, landscape are text spreads, in the pages probed)"
Antirrhinum elatine,Spiessblättriges Leinkraut,Band 10 (1903),icon 135,http://www.biolib.de/sturm/flora10/high/IMG_10026.jpg,http://www.biolib.de/sturm/flora10/high/IMG_10026.html,"page type not probed (portrait pages are colour plates, landscape are text spreads, in the pages probed)"
Antirrhinum linaria,Frauenflachs,Band 10 (1903),icon 61,http://www.biolib.de/sturm/flora10/high/IMG_9950.jpg,http://www.biolib.de/sturm/flora10/high/IMG_9950.html,"page type not probed (portrait pages are colour plates, landscape are text spreads, in the pages probed)"
Antirrhinum majus,Grosses Löwenmaul,Band 10 (1903),icon 57,http://www.biolib.de/sturm/flora10/high/IMG_9946.jpg,http://www.biolib.de/sturm/flora10/high/IMG_9946.html,page type by screen image 1532x1200: text spread (landscape)
Antirrhinum minus,Kleines Löwenmaul,Band 10 (1903),icon 133,http://www.biolib.de/sturm/flora10/high/IMG_10024.jpg,http://www.biolib.de/sturm/flora10/high/IMG_10024.html,"page type not probed (portrait pages are colour plates, landscape are text spreads, in the pages probed)"
Antirrhinum orontium,Wildes Löwenmaul,Band 10 (1903),icon 132,http://www.biolib.de/sturm/flora10/high/IMG_10023.jpg,http://www.biolib.de/sturm/flora10/high/IMG_10023.html,"page type not probed (portrait pages are colour plates, landscape are text spreads, in the pages probed)"
Antirrhinum simplex,Einfaches Leinkraut,Band 10 (1903),icon 139,http://www.biolib.de/sturm/flora10/high/IMG_10030.jpg,http://www.biolib.de/sturm/flora10/high/IMG_10030.html,page type by screen image 765x1200: colour plate page (portrait)
Antirrhinum spurium,Eiblättriges Leinkraut,Band 10 (1903),icon 136,http://www.biolib.de/sturm/flora10/high/IMG_10027.jpg,http://www.biolib.de/sturm/flora10/high/IMG_10027.html,"page type not probed (portrait pages are colour plates, landscape are text spreads, in the pages probed)"
Asclepias vincetoxium,Weisse Schwalbenwurz,Band 10 (1903),icon 126,http://www.biolib.de/sturm/flora10/high/IMG_10017.jpg,http://www.biolib.de/sturm/flora10/high/IMG_10017.html,"page type not probed (portrait pages are colour plates, landscape are text spreads, in the pages probed)"
Atropa belladonna,Toollkirsche,Band 10 (1903),icon 127,http://www.biolib.de/sturm/flora10/high/IMG_10018.jpg,http://www.biolib.de/sturm/flora10/high/IMG_10018.html,page type by screen image 765x1200: colour plate page (portrait)
Bartsia alpina,Bartschie,Band 10 (1903),icon 170,http://www.biolib.de/sturm/flora10/high/IMG_10061.jpg,http://www.biolib.de/sturm/flora10/high/IMG_10061.html,"page type not probed (portrait pages are colour plates, landscape are text spreads, in the pages probed)"
Datura stramonium,Stechapfel,Band 10 (1903),icon 34,http://www.biolib.de/sturm/flora10/high/IMG_9923.jpg,http://www.biolib.de/sturm/flora10/high/IMG_9923.html,"page type not probed (portrait pages are colour plates, landscape are text spreads, in the pages probed)"
Digitalis grandiflora,Grosser gelber Fingerhut,Band 10 (1903),icon 147,http://www.biolib.de/sturm/flora10/high/IMG_10038.jpg,http://www.biolib.de/sturm/flora10/high/IMG_10038.html,page type by screen image 765x1200: colour plate page (portrait)
Digitalis parviflora,Kleiner gelber Fingerhut,Band 10 (1903),icon 65,http://www.biolib.de/sturm/flora10/high/IMG_9954.jpg,http://www.biolib.de/sturm/flora10/high/IMG_9954.html,"page type not probed (portrait pages are colour plates, landscape are text spreads, in the pages probed)"
Digitalis purpurea,Roter Fingerhut,Band 10 (1903),icon 146,http://www.biolib.de/sturm/flora10/high/IMG_10037.jpg,http://www.biolib.de/sturm/flora10/high/IMG_10037.html,"page type not probed (portrait pages are colour plates, landscape are text spreads, in the pages probed)"
Erythraea centaurium,Echtes Tausendgüldenkraut,Band 10 (1903),icon 119,http://www.biolib.de/sturm/flora10/high/IMG_10010.jpg,http://www.biolib.de/sturm/flora10/high/IMG_10010.html,"page type not probed (portrait pages are colour plates, landscape are text spreads, in the pages probed)"
Euphrasis nemorosa,Wald-Augentrost,Band 10 (1903),icon 171,http://www.biolib.de/sturm/flora10/high/IMG_10062.jpg,http://www.biolib.de/sturm/flora10/high/IMG_10062.html,"page type not probed (portrait pages are colour plates, landscape are text spreads, in the pages probed)"
Fraxinus excelsior,Gemeine Esche,Band 10 (1903),icon 116,http://www.biolib.de/sturm/flora10/high/IMG_10007.jpg,http://www.biolib.de/sturm/flora10/high/IMG_10007.html,page type by screen image 765x1200: colour plate page (portrait)
Gentiana asclepiadea,Schwalbenwurzblättriger Enzian,Band 10 (1903),icon 121,http://www.biolib.de/sturm/flora10/high/IMG_10012.jpg,http://www.biolib.de/sturm/flora10/high/IMG_10012.html,page type by screen image 765x1200: colour plate page (portrait)
Gentiana bavarica,,Band 10 (1903),icon 124,http://www.biolib.de/sturm/flora10/high/IMG_10015.jpg,http://www.biolib.de/sturm/flora10/high/IMG_10015.html,"composite: 2 Latin names indexed on this page; page type not probed (portrait pages are colour plates, landscape are text spreads, in the pages probed); German names indexed on this page: Bayerischer Enzian; Frühlings-Enzian"
Gentiana ciliata,Gefranster Enzian,Band 10 (1903),icon 120,http://www.biolib.de/sturm/flora10/high/IMG_10011.jpg,http://www.biolib.de/sturm/flora10/high/IMG_10011.html,"page type not probed (portrait pages are colour plates, landscape are text spreads, in the pages probed)"
Gentiana excisa,Ausgeschnittener Enzian,Band 10 (1903),icon 123,http://www.biolib.de/sturm/flora10/high/IMG_10014.jpg,http://www.biolib.de/sturm/flora10/high/IMG_10014.html,"page type not probed (portrait pages are colour plates, landscape are text spreads, in the pages probed)"
Gentiana obtusifolia,Stumpfblättriger Enzian,Band 10 (1903),icon 125,http://www.biolib.de/sturm/flora10/high/IMG_10016.jpg,http://www.biolib.de/sturm/flora10/high/IMG_10016.html,"page type not probed (portrait pages are colour plates, landscape are text spreads, in the pages probed)"
Gentiana pneumananthe,Lungen-Enzian,Band 10 (1903),icon 122,http://www.biolib.de/sturm/flora10/high/IMG_10013.jpg,http://www.biolib.de/sturm/flora10/high/IMG_10013.html,"page type not probed (portrait pages are colour plates, landscape are text spreads, in the pages probed)"
Gentiana utriculosa,Aufgeblasener Enzian,Band 10 (1903),icon 14,http://www.biolib.de/sturm/flora10/high/IMG_9903.jpg,http://www.biolib.de/sturm/flora10/high/IMG_9903.html,"page type not probed (portrait pages are colour plates, landscape are text spreads, in the pages probed)"
Gentiana verna,,Band 10 (1903),icon 124,http://www.biolib.de/sturm/flora10/high/IMG_10015.jpg,http://www.biolib.de/sturm/flora10/high/IMG_10015.html,"composite: 2 Latin names indexed on this page; page type not probed (portrait pages are colour plates, landscape are text spreads, in the pages probed); German names indexed on this page: Bayerischer Enzian; Frühlings-Enzian"
Globularia vulgaris,Gemeine Kugelblume,Band 10 (1903),icon 174,http://www.biolib.de/sturm/flora10/high/IMG_10065.jpg,http://www.biolib.de/sturm/flora10/high/IMG_10065.html,"page type not probed (portrait pages are colour plates, landscape are text spreads, in the pages probed)"
Gratiola officinalis,Echtes Gnadenkraut,Band 10 (1903),icon 52,http://www.biolib.de/sturm/flora10/high/IMG_9941.jpg,http://www.biolib.de/sturm/flora10/high/IMG_9941.html,page type by screen image 1532x1200: text spread (landscape)
Hyoscyamus niger,Echtes Bilsenkraut,Band 10 (1903),icon 128,http://www.biolib.de/sturm/flora10/high/IMG_10019.jpg,http://www.biolib.de/sturm/flora10/high/IMG_10019.html,"page type not probed (portrait pages are colour plates, landscape are text spreads, in the pages probed)"
Lathraea squamaria,Schuppenwurz,Band 10 (1903),icon 172,http://www.biolib.de/sturm/flora10/high/IMG_10063.jpg,http://www.biolib.de/sturm/flora10/high/IMG_10063.html,"page type not probed (portrait pages are colour plates, landscape are text spreads, in the pages probed)"
Ligustrum vulgare,Liguster,Band 10 (1903),icon 113,http://www.biolib.de/sturm/flora10/high/IMG_10003.jpg,http://www.biolib.de/sturm/flora10/high/IMG_10003.html,"page type not probed (portrait pages are colour plates, landscape are text spreads, in the pages probed)"
Limosella aquatica,Schlämmling,Band 10 (1903),icon 145,http://www.biolib.de/sturm/flora10/high/IMG_10036.jpg,http://www.biolib.de/sturm/flora10/high/IMG_10036.html,"page type not probed (portrait pages are colour plates, landscape are text spreads, in the pages probed)"
Lindernia pyxidaria,Lindernie,Band 10 (1903),icon 144,http://www.biolib.de/sturm/flora10/high/IMG_10035.jpg,http://www.biolib.de/sturm/flora10/high/IMG_10035.html,"page type not probed (portrait pages are colour plates, landscape are text spreads, in the pages probed)"
Lycium halimifolium,Schwalblättriger Bocksdorn,Band 10 (1903),icon 30,http://www.biolib.de/sturm/flora10/high/IMG_9919.jpg,http://www.biolib.de/sturm/flora10/high/IMG_9919.html,"page type not probed (portrait pages are colour plates, landscape are text spreads, in the pages probed)"
Melampyrum arvense,Echter Wachtelweizen,Band 10 (1903),icon 93,http://www.biolib.de/sturm/flora10/high/IMG_9982.jpg,http://www.biolib.de/sturm/flora10/high/IMG_9982.html,"page type not probed (portrait pages are colour plates, landscape are text spreads, in the pages probed)"
Melampyrum nemorosum,Blauer Wachtelweizen,Band 10 (1903),icon 165,http://www.biolib.de/sturm/flora10/high/IMG_10056.jpg,http://www.biolib.de/sturm/flora10/high/IMG_10056.html,"page type not probed (portrait pages are colour plates, landscape are text spreads, in the pages probed)"
Melampyrum silvaticum,Gebirgs-Wachtelweizen,Band 10 (1903),icon 166,http://www.biolib.de/sturm/flora10/high/IMG_10057.jpg,http://www.biolib.de/sturm/flora10/high/IMG_10057.html,page type by screen image 765x1200: colour plate page (portrait)
Melampyrum vulgatum,Gemeiner Wachtelweizen,Band 10 (1903),icon 95,http://www.biolib.de/sturm/flora10/high/IMG_9984.jpg,http://www.biolib.de/sturm/flora10/high/IMG_9984.html,"page type not probed (portrait pages are colour plates, landscape are text spreads, in the pages probed)"
Menyanthes nymphoides,Enzian-Kandel,Band 10 (1903),icon 118,http://www.biolib.de/sturm/flora10/high/IMG_10009.jpg,http://www.biolib.de/sturm/flora10/high/IMG_10009.html,"page type not probed (portrait pages are colour plates, landscape are text spreads, in the pages probed)"
Menyanthes trifoliata,Biberklee,Band 10 (1903),icon 117,http://www.biolib.de/sturm/flora10/high/IMG_10008.jpg,http://www.biolib.de/sturm/flora10/high/IMG_10008.html,page type by screen image 765x1200: colour plate page (portrait)
Orobanche cervariae,,Band 10 (1903),icon 106,http://www.biolib.de/sturm/flora10/high/IMG_9995.jpg,http://www.biolib.de/sturm/flora10/high/IMG_9995.html,"composite: 2 Latin names indexed on this page; page type not probed (portrait pages are colour plates, landscape are text spreads, in the pages probed); German names indexed on this page: Hirschwurz-Würger; Salbei-Würger"
Orobanche epithymum,Quendel-Würger,Band 10 (1903),icon 102,http://www.biolib.de/sturm/flora10/high/IMG_9991.jpg,http://www.biolib.de/sturm/flora10/high/IMG_9991.html,page type by screen image 1568x1200: text spread (landscape)
Orobanche flava,Pestwurz-Würger,Band 10 (1903),icon 104,http://www.biolib.de/sturm/flora10/high/IMG_9993.jpg,http://www.biolib.de/sturm/flora10/high/IMG_9993.html,page type by screen image 1559x1200: text spread (landscape)
Orobanche galii,,Band 10 (1903),icon 173,http://www.biolib.de/sturm/flora10/high/IMG_10064.jpg,http://www.biolib.de/sturm/flora10/high/IMG_10064.html,"composite: 2 Latin names indexed on this page; page type not probed (portrait pages are colour plates, landscape are text spreads, in the pages probed); German names indexed on this page: Labkraut-Würger; Luzerne-Würger"
Orobanche medicaginis,,Band 10 (1903),icon 173,http://www.biolib.de/sturm/flora10/high/IMG_10064.jpg,http://www.biolib.de/sturm/flora10/high/IMG_10064.html,"composite: 2 Latin names indexed on this page; page type not probed (portrait pages are colour plates, landscape are text spreads, in the pages probed); German names indexed on this page: Labkraut-Würger; Luzerne-Würger"
Orobanche minor,Kleewürger,Band 10 (1903),icon 101,http://www.biolib.de/sturm/flora10/high/IMG_9990.jpg,http://www.biolib.de/sturm/flora10/high/IMG_9990.html,"page type not probed (portrait pages are colour plates, landscape are text spreads, in the pages probed)"
Orobanche picridis,Bitterich-Würger,Band 10 (1903),icon 105,http://www.biolib.de/sturm/flora10/high/IMG_9994.jpg,http://www.biolib.de/sturm/flora10/high/IMG_9994.html,"page type not probed (portrait pages are colour plates, landscape are text spreads, in the pages probed)"
Orobanche salviae,,Band 10 (1903),icon 106,http://www.biolib.de/sturm/flora10/high/IMG_9995.jpg,http://www.biolib.de/sturm/flora10/high/IMG_9995.html,"composite: 2 Latin names indexed on this page; page type not probed (portrait pages are colour plates, landscape are text spreads, in the pages probed); German names indexed on this page: Hirschwurz-Würger; Salbei-Würger"
Orobanche teucrii,Gamander-Würger,Band 10 (1903),icon 100,http://www.biolib.de/sturm/flora10/high/IMG_9989.jpg,http://www.biolib.de/sturm/flora10/high/IMG_9989.html,"page type not probed (portrait pages are colour plates, landscape are text spreads, in the pages probed)"
Pedicularis palustris,Echtes Läusekraut,Band 10 (1903),icon 88,http://www.biolib.de/sturm/flora10/high/IMG_9977.jpg,http://www.biolib.de/sturm/flora10/high/IMG_9977.html,"page type not probed (portrait pages are colour plates, landscape are text spreads, in the pages probed)"
Pedicularis sceptrum,Scepter Karls XII,Band 10 (1903),icon 168,http://www.biolib.de/sturm/flora10/high/IMG_10059.jpg,http://www.biolib.de/sturm/flora10/high/IMG_10059.html,page type by screen image 765x1200: colour plate page (portrait)
Pedicularis silvatica,Wald-Läusekraut,Band 10 (1903),icon 167,http://www.biolib.de/sturm/flora10/high/IMG_10058.jpg,http://www.biolib.de/sturm/flora10/high/IMG_10058.html,page type by screen image 765x1200: colour plate page (portrait)
Physalis alkekengi,Gewöhnliche Schlutte,Band 10 (1903),icon 32,http://www.biolib.de/sturm/flora10/high/IMG_9921.jpg,http://www.biolib.de/sturm/flora10/high/IMG_9921.html,"page type not probed (portrait pages are colour plates, landscape are text spreads, in the pages probed)"
Pinguicula alpina,Alpen-Fettkraut,Band 10 (1903),icon 109,http://www.biolib.de/sturm/flora10/high/IMG_9998.jpg,http://www.biolib.de/sturm/flora10/high/IMG_9998.html,"page type not probed (portrait pages are colour plates, landscape are text spreads, in the pages probed)"
Pinguicula vulgaris,Blaues Fettkraut,Band 10 (1903),icon 175,http://www.biolib.de/sturm/flora10/high/IMG_10066.jpg,http://www.biolib.de/sturm/flora10/high/IMG_10066.html,page type by screen image 765x1200: colour plate page (portrait)
Rhinanthus alpinus,Gebirgs-Klapper,Band 10 (1903),icon 92,http://www.biolib.de/sturm/flora10/high/IMG_9981.jpg,http://www.biolib.de/sturm/flora10/high/IMG_9981.html,"page type not probed (portrait pages are colour plates, landscape are text spreads, in the pages probed)"
Rhinanthus angustifolius,Schmalblättrige Klapper,Band 10 (1903),icon 91,http://www.biolib.de/sturm/flora10/high/IMG_9980.jpg,http://www.biolib.de/sturm/flora10/high/IMG_9980.html,"page type not probed (portrait pages are colour plates, landscape are text spreads, in the pages probed)"
Rhinanthus minor,Kleine Klapper,Band 10 (1903),icon 169,http://www.biolib.de/sturm/flora10/high/IMG_10060.jpg,http://www.biolib.de/sturm/flora10/high/IMG_10060.html,"page type not probed (portrait pages are colour plates, landscape are text spreads, in the pages probed)"
Scrofularia ehrharti,Ehrhart-Braunwurz,Band 10 (1903),icon 142,http://www.biolib.de/sturm/flora10/high/IMG_10033.jpg,http://www.biolib.de/sturm/flora10/high/IMG_10033.html,page type by screen image 759x1200: colour plate page (portrait)
Scrofularia nodosa,Echte Braunwurz,Band 10 (1903),icon 141,http://www.biolib.de/sturm/flora10/high/IMG_10032.jpg,http://www.biolib.de/sturm/flora10/high/IMG_10032.html,page type by screen image 765x1200: colour plate page (portrait)
Scrofularia vernalis,Frühlings-Braunwurz,Band 10 (1903),icon 143,http://www.biolib.de/sturm/flora10/high/IMG_10034.jpg,http://www.biolib.de/sturm/flora10/high/IMG_10034.html,page type by screen image 765x1200: colour plate page (portrait)
Solanum dulcamara,Bittersüss,Band 10 (1903),icon 130,http://www.biolib.de/sturm/flora10/high/IMG_10021.jpg,http://www.biolib.de/sturm/flora10/high/IMG_10021.html,"page type not probed (portrait pages are colour plates, landscape are text spreads, in the pages probed)"
Solanum nigrum,Schwarzer Nachtschatten,Band 10 (1903),icon 129,http://www.biolib.de/sturm/flora10/high/IMG_10020.jpg,http://www.biolib.de/sturm/flora10/high/IMG_10020.html,"page type not probed (portrait pages are colour plates, landscape are text spreads, in the pages probed)"
Syringa vulgaris,Spanischer Flieder,Band 10 (1903),icon 115,http://www.biolib.de/sturm/flora10/high/IMG_10006.jpg,http://www.biolib.de/sturm/flora10/high/IMG_10006.html,"page type not probed (portrait pages are colour plates, landscape are text spreads, in the pages probed)"
Utricularia media,Mittlerer Wasserschlauch,Band 10 (1903),icon 177,http://www.biolib.de/sturm/flora10/high/IMG_10068.jpg,http://www.biolib.de/sturm/flora10/high/IMG_10068.html,"page type not probed (portrait pages are colour plates, landscape are text spreads, in the pages probed)"
Utricularia minor,Kleiner Wasserschlauch,Band 10 (1903),icon 112,http://www.biolib.de/sturm/flora10/high/IMG_10002.jpg,http://www.biolib.de/sturm/flora10/high/IMG_10002.html,"page type not probed (portrait pages are colour plates, landscape are text spreads, in the pages probed)"
Utricularia vulgaris,Gewöhnlicher Wasserschlauch,Band 10 (1903),icon 176,http://www.biolib.de/sturm/flora10/high/IMG_10067.jpg,http://www.biolib.de/sturm/flora10/high/IMG_10067.html,"page type not probed (portrait pages are colour plates, landscape are text spreads, in the pages probed)"
Verbascum lychnitis,Falsche Königskerze,Band 10 (1903),icon 44,http://www.biolib.de/sturm/flora10/high/IMG_9933.jpg,http://www.biolib.de/sturm/flora10/high/IMG_9933.html,"page type not probed (portrait pages are colour plates, landscape are text spreads, in the pages probed)"
Verbascum phoeniceum,Violette Königskerze,Band 10 (1903),icon 46,http://www.biolib.de/sturm/flora10/high/IMG_9935.jpg,http://www.biolib.de/sturm/flora10/high/IMG_9935.html,"page type not probed (portrait pages are colour plates, landscape are text spreads, in the pages probed)"
Verbascum thapsiforme,Grossblumige Königskerze,Band 10 (1903),icon 131,http://www.biolib.de/sturm/flora10/high/IMG_10022.jpg,http://www.biolib.de/sturm/flora10/high/IMG_10022.html,"page type not probed (portrait pages are colour plates, landscape are text spreads, in the pages probed)"
Veronica agrestis,Acker-Ehrenpreis,Band 10 (1903),icon 161,http://www.biolib.de/sturm/flora10/high/IMG_10052.jpg,http://www.biolib.de/sturm/flora10/high/IMG_10052.html,page type by screen image 765x1200: colour plate page (portrait)
Veronica arvensis,Feld-Ehrenpreis,Band 10 (1903),icon 158,http://www.biolib.de/sturm/flora10/high/IMG_10049.jpg,http://www.biolib.de/sturm/flora10/high/IMG_10049.html,"page type not probed (portrait pages are colour plates, landscape are text spreads, in the pages probed)"
Veronica beccabunga,Bachbunge,Band 10 (1903),icon 149,http://www.biolib.de/sturm/flora10/high/IMG_10040.jpg,http://www.biolib.de/sturm/flora10/high/IMG_10040.html,"page type not probed (portrait pages are colour plates, landscape are text spreads, in the pages probed)"
Veronica chamaedrys,Gamanda-Ehrenpreis,Band 10 (1903),icon 150,http://www.biolib.de/sturm/flora10/high/IMG_10041.jpg,http://www.biolib.de/sturm/flora10/high/IMG_10041.html,"page type not probed (portrait pages are colour plates, landscape are text spreads, in the pages probed)"
Veronica dubia-dentata,Gezähnter Ehrenpreis,Band 10 (1903),icon 155,http://www.biolib.de/sturm/flora10/high/IMG_10046.jpg,http://www.biolib.de/sturm/flora10/high/IMG_10046.html,"page type not probed (portrait pages are colour plates, landscape are text spreads, in the pages probed)"
Veronica hederifolia,Efeublättriger Ehrenpreis,Band 10 (1903),icon 164,http://www.biolib.de/sturm/flora10/high/IMG_10055.jpg,http://www.biolib.de/sturm/flora10/high/IMG_10055.html,page type by screen image 765x1200: colour plate page (portrait)
Veronica montana,Berg-Ehrenpreis,Band 10 (1903),icon 152,http://www.biolib.de/sturm/flora10/high/IMG_10043.jpg,http://www.biolib.de/sturm/flora10/high/IMG_10043.html,"page type not probed (portrait pages are colour plates, landscape are text spreads, in the pages probed)"
Veronica officinalis,Echter Ehrenpreis,Band 10 (1903),icon 153,http://www.biolib.de/sturm/flora10/high/IMG_10044.jpg,http://www.biolib.de/sturm/flora10/high/IMG_10044.html,"page type not probed (portrait pages are colour plates, landscape are text spreads, in the pages probed)"
Veronica opaca,Matter Ehrenpreis,Band 10 (1903),icon 162,http://www.biolib.de/sturm/flora10/high/IMG_10053.jpg,http://www.biolib.de/sturm/flora10/high/IMG_10053.html,"page type not probed (portrait pages are colour plates, landscape are text spreads, in the pages probed)"
Veronica polita,Blanker Ehrenpreis,Band 10 (1903),icon 163,http://www.biolib.de/sturm/flora10/high/IMG_10054.jpg,http://www.biolib.de/sturm/flora10/high/IMG_10054.html,page type by screen image 765x1200: colour plate page (portrait)
Veronica praecox,Frühzeitiger Ehrenpreis,Band 10 (1903),icon 76,http://www.biolib.de/sturm/flora10/high/IMG_9965.jpg,http://www.biolib.de/sturm/flora10/high/IMG_9965.html,page type by screen image 1532x1200: text spread (landscape)
Veronica prostrata,Niedergestreckter Ehrenpreis,Band 10 (1903),icon 154,http://www.biolib.de/sturm/flora10/high/IMG_10045.jpg,http://www.biolib.de/sturm/flora10/high/IMG_10045.html,page type by screen image 765x1200: colour plate page (portrait)
Veronica saxatilis,Fels-Ehrenpreis,Band 10 (1903),icon 156,http://www.biolib.de/sturm/flora10/high/IMG_10047.jpg,http://www.biolib.de/sturm/flora10/high/IMG_10047.html,page type by screen image 765x1200: colour plate page (portrait)
Veronica scutellata,Schild-Ehrenpreis,Band 10 (1903),icon 148,http://www.biolib.de/sturm/flora10/high/IMG_10039.jpg,http://www.biolib.de/sturm/flora10/high/IMG_10039.html,"page type not probed (portrait pages are colour plates, landscape are text spreads, in the pages probed)"
Veronica serpyllifolia,Quendelblättriger Ehrenpreis,Band 10 (1903),icon 157,http://www.biolib.de/sturm/flora10/high/IMG_10048.jpg,http://www.biolib.de/sturm/flora10/high/IMG_10048.html,page type by screen image 765x1200: colour plate page (portrait)
Veronica tournefortii,Tournefort-Ehrenpreis,Band 10 (1903),icon 160,http://www.biolib.de/sturm/flora10/high/IMG_10051.jpg,http://www.biolib.de/sturm/flora10/high/IMG_10051.html,page type by screen image 765x1200: colour plate page (portrait)
Veronica triphyllos,Dreiblättriger Ehrenpreis,Band 10 (1903),icon 159,http://www.biolib.de/sturm/flora10/high/IMG_10050.jpg,http://www.biolib.de/sturm/flora10/high/IMG_10050.html,"page type not probed (portrait pages are colour plates, landscape are text spreads, in the pages probed)"
Veronica urticifolia,Nesselblättriger Ehrenpreis,Band 10 (1903),icon 151,http://www.biolib.de/sturm/flora10/high/IMG_10042.jpg,http://www.biolib.de/sturm/flora10/high/IMG_10042.html,"page type not probed (portrait pages are colour plates, landscape are text spreads, in the pages probed)"
Veronica verna,Frühlings-Ehrenpreis,Band 10 (1903),icon 75,http://www.biolib.de/sturm/flora10/high/IMG_9964.jpg,http://www.biolib.de/sturm/flora10/high/IMG_9964.html,"page type not probed (portrait pages are colour plates, landscape are text spreads, in the pages probed)"
Ajuga genevensis,,Band 11 (1903),icon 48,http://www.biolib.de/sturm/flora11/high/IMG_0118.jpg,http://www.biolib.de/sturm/flora11/high/IMG_0118.html,composite: 2 Latin names indexed on this page; page type by screen image 1626x1200: text spread (landscape); German names indexed on this page: Haariger Günsel; Kriechender Günsel
Ajuga reptans,,Band 11 (1903),icon 48,http://www.biolib.de/sturm/flora11/high/IMG_0118.jpg,http://www.biolib.de/sturm/flora11/high/IMG_0118.html,composite: 2 Latin names indexed on this page; page type by screen image 1626x1200: text spread (landscape); German names indexed on this page: Haariger Günsel; Kriechender Günsel
Anchusa arvensis,Gemeiner Krummhals,Band 11 (1903),icon 34,http://www.biolib.de/sturm/flora11/high/IMG_0104.jpg,http://www.biolib.de/sturm/flora11/high/IMG_0104.html,"page type not probed (portrait pages are colour plates, landscape are text spreads, in the pages probed)"
Anchusa officinalis,Echte Ochsenzunge,Band 11 (1903),icon 124,http://www.biolib.de/sturm/flora11/high/IMG_0195.jpg,http://www.biolib.de/sturm/flora11/high/IMG_0195.html,"page type not probed (portrait pages are colour plates, landscape are text spreads, in the pages probed)"
Anchusa pulla,Braune Nonnee,Band 11 (1903),icon 37,http://www.biolib.de/sturm/flora11/high/IMG_0107.jpg,http://www.biolib.de/sturm/flora11/high/IMG_0107.html,"page type not probed (portrait pages are colour plates, landscape are text spreads, in the pages probed)"
Asperugo procumbens,Schlangenäuglein,Band 11 (1903),icon 23,http://www.biolib.de/sturm/flora11/high/IMG_0093.jpg,http://www.biolib.de/sturm/flora11/high/IMG_0093.html,"page type not probed (portrait pages are colour plates, landscape are text spreads, in the pages probed)"
Borago officinalis,Echter Boretsch,Band 11 (1903),icon 123,http://www.biolib.de/sturm/flora11/high/IMG_0194.jpg,http://www.biolib.de/sturm/flora11/high/IMG_0194.html,"page type not probed (portrait pages are colour plates, landscape are text spreads, in the pages probed)"
Brunella grandiflora,Grosse Braunelle,Band 11 (1903),icon 94,http://www.biolib.de/sturm/flora11/high/IMG_0164.jpg,http://www.biolib.de/sturm/flora11/high/IMG_0164.html,page type by screen image 1626x1200: text spread (landscape)
Brunella vulgaris,Gemeine Brunelle,Band 11 (1903),icon 146,http://www.biolib.de/sturm/flora11/high/IMG_0217.jpg,http://www.biolib.de/sturm/flora11/high/IMG_0217.html,"page type not probed (portrait pages are colour plates, landscape are text spreads, in the pages probed)"
Cerinthe alpina,Alpen-Wachsblume,Band 11 (1903),icon 128,http://www.biolib.de/sturm/flora11/high/IMG_0199.jpg,http://www.biolib.de/sturm/flora11/high/IMG_0199.html,page type by screen image 788x1200: colour plate page (portrait)
Cerinthe minor,Kleine Wachsblume,Band 11 (1903),icon 127,http://www.biolib.de/sturm/flora11/high/IMG_0198.jpg,http://www.biolib.de/sturm/flora11/high/IMG_0198.html,"page type not probed (portrait pages are colour plates, landscape are text spreads, in the pages probed)"
Convolvulus arvensis,Acker-Winde,Band 11 (1903),icon 6,http://www.biolib.de/sturm/flora11/high/IMG_0076.jpg,http://www.biolib.de/sturm/flora11/high/IMG_0076.html,"page type not probed (portrait pages are colour plates, landscape are text spreads, in the pages probed)"
Convolvulus sepium,Zaun-Winde,Band 11 (1903),icon 116,http://www.biolib.de/sturm/flora11/high/IMG_0186.jpg,http://www.biolib.de/sturm/flora11/high/IMG_0186.html,"page type not probed (portrait pages are colour plates, landscape are text spreads, in the pages probed)"
Cuscuta europaea,Nessel-Seide,Band 11 (1903),icon 118,http://www.biolib.de/sturm/flora11/high/IMG_0189.jpg,http://www.biolib.de/sturm/flora11/high/IMG_0189.html,page type by screen image 788x1200: colour plate page (portrait)
Cynoglossum deflexum,Nickendes Klettenvergissmeinnicht,Band 11 (1903),icon 20,http://www.biolib.de/sturm/flora11/high/IMG_0090.jpg,http://www.biolib.de/sturm/flora11/high/IMG_0090.html,"page type not probed (portrait pages are colour plates, landscape are text spreads, in the pages probed)"
Cynoglossum lappula,Gemeines Klettenvergissmeinnicht,Band 11 (1903),icon 122,http://www.biolib.de/sturm/flora11/high/IMG_0193.jpg,http://www.biolib.de/sturm/flora11/high/IMG_0193.html,"page type not probed (portrait pages are colour plates, landscape are text spreads, in the pages probed)"
Cynoglossum officinale,Echte Hundszunge,Band 11 (1903),icon 119,http://www.biolib.de/sturm/flora11/high/IMG_0190.jpg,http://www.biolib.de/sturm/flora11/high/IMG_0190.html,"page type not probed (portrait pages are colour plates, landscape are text spreads, in the pages probed)"
Cynoglossum omphalodes,Grosses Vergissmeinnicht,Band 11 (1903),icon 121,http://www.biolib.de/sturm/flora11/high/IMG_0192.jpg,http://www.biolib.de/sturm/flora11/high/IMG_0192.html,page type by screen image 788x1200: colour plate page (portrait)
Cynoglossum scorpioides,Skorpions-Vergissmeinnicht,Band 11 (1903),icon 120,http://www.biolib.de/sturm/flora11/high/IMG_0191.jpg,http://www.biolib.de/sturm/flora11/high/IMG_0191.html,"page type not probed (portrait pages are colour plates, landscape are text spreads, in the pages probed)"
Dracocephalum moldavica,Türkische Melisse,Band 11 (1903),icon 144,http://www.biolib.de/sturm/flora11/high/IMG_0215.jpg,http://www.biolib.de/sturm/flora11/high/IMG_0215.html,"page type not probed (portrait pages are colour plates, landscape are text spreads, in the pages probed)"
Dracocephalum ruyschiana,Ruysch-Drachenkopf,Band 11 (1903),icon 145,http://www.biolib.de/sturm/flora11/high/IMG_0216.jpg,http://www.biolib.de/sturm/flora11/high/IMG_0216.html,page type by screen image 788x1200: colour plate page (portrait)
Echium vulgare,Gemeiner Natternkopf,Band 11 (1903),icon 137,http://www.biolib.de/sturm/flora11/high/IMG_0208.jpg,http://www.biolib.de/sturm/flora11/high/IMG_0208.html,"page type not probed (portrait pages are colour plates, landscape are text spreads, in the pages probed)"
Elsholzia patrini,Kamminze,Band 11 (1903),icon 97,http://www.biolib.de/sturm/flora11/high/IMG_0167.jpg,http://www.biolib.de/sturm/flora11/high/IMG_0167.html,page type by screen image 1626x1200: text spread (landscape)
Galeopsis angustifolia,Schmalblättrige Kornwut,Band 11 (1903),icon 149,http://www.biolib.de/sturm/flora11/high/IMG_0220.jpg,http://www.biolib.de/sturm/flora11/high/IMG_0220.html,"page type not probed (portrait pages are colour plates, landscape are text spreads, in the pages probed)"
Galeopsis bifida,Boenninghausens Hanfnessel,Band 11 (1903),icon 152,http://www.biolib.de/sturm/flora11/high/IMG_0224.jpg,http://www.biolib.de/sturm/flora11/high/IMG_0224.html,"page type not probed (portrait pages are colour plates, landscape are text spreads, in the pages probed)"
Galeopsis latifolia,Breitblättrige Kornwut,Band 11 (1903),icon 148,http://www.biolib.de/sturm/flora11/high/IMG_0219.jpg,http://www.biolib.de/sturm/flora11/high/IMG_0219.html,"page type not probed (portrait pages are colour plates, landscape are text spreads, in the pages probed)"
Galeopsis ochroleuca,Tannessel,Band 11 (1903),icon 150,http://www.biolib.de/sturm/flora11/high/IMG_0222.jpg,http://www.biolib.de/sturm/flora11/high/IMG_0222.html,"page type not probed (portrait pages are colour plates, landscape are text spreads, in the pages probed)"
Galeopsis pubescens,Weichhaarige Hanfnessel,Band 11 (1903),icon 154,http://www.biolib.de/sturm/flora11/high/IMG_0226.jpg,http://www.biolib.de/sturm/flora11/high/IMG_0226.html,page type by screen image 788x1200: colour plate page (portrait)
Galeopsis speciosa,Stattliche Hanfnessel,Band 11 (1903),icon 153,http://www.biolib.de/sturm/flora11/high/IMG_0225.jpg,http://www.biolib.de/sturm/flora11/high/IMG_0225.html,"page type not probed (portrait pages are colour plates, landscape are text spreads, in the pages probed)"
Galeopsis tetrahit,Gemeine Hanfnessel,Band 11 (1903),icon 151,http://www.biolib.de/sturm/flora11/high/IMG_0223.jpg,http://www.biolib.de/sturm/flora11/high/IMG_0223.html,"page type not probed (portrait pages are colour plates, landscape are text spreads, in the pages probed)"
Lamium album,Weisse Bienensaug,Band 11 (1903),icon 155,http://www.biolib.de/sturm/flora11/high/IMG_0227.jpg,http://www.biolib.de/sturm/flora11/high/IMG_0227.html,"page type not probed (portrait pages are colour plates, landscape are text spreads, in the pages probed)"
Lamium amplexicaule,Stengelumfassende Bienensaug,Band 11 (1903),icon 71,http://www.biolib.de/sturm/flora11/high/IMG_0141.jpg,http://www.biolib.de/sturm/flora11/high/IMG_0141.html,"page type not probed (portrait pages are colour plates, landscape are text spreads, in the pages probed)"
Lamium galeobdolon,Goldnessel,Band 11 (1903),icon 156,http://www.biolib.de/sturm/flora11/high/IMG_0228.jpg,http://www.biolib.de/sturm/flora11/high/IMG_0228.html,"page type not probed (portrait pages are colour plates, landscape are text spreads, in the pages probed)"
Lamium purpureum,Kleine Bienensaug,Band 11 (1903),icon 72,http://www.biolib.de/sturm/flora11/high/IMG_0142.jpg,http://www.biolib.de/sturm/flora11/high/IMG_0142.html,"page type not probed (portrait pages are colour plates, landscape are text spreads, in the pages probed)"
Leonurus cardiaca,Herzgespann,Band 11 (1903),icon 157,http://www.biolib.de/sturm/flora11/high/IMG_0229.jpg,http://www.biolib.de/sturm/flora11/high/IMG_0229.html,"page type not probed (portrait pages are colour plates, landscape are text spreads, in the pages probed)"
Leonurus marrubiastrum,Falscher Andorn,Band 11 (1903),icon 158,http://www.biolib.de/sturm/flora11/high/IMG_0230.jpg,http://www.biolib.de/sturm/flora11/high/IMG_0230.html,"page type not probed (portrait pages are colour plates, landscape are text spreads, in the pages probed)"
Lithospermum officinale,Echter Steinsamen,Band 11 (1903),icon 129,http://www.biolib.de/sturm/flora11/high/IMG_0200.jpg,http://www.biolib.de/sturm/flora11/high/IMG_0200.html,page type by screen image 788x1200: colour plate page (portrait)
Litorella lacustris,Litorelle,Band 11 (1903),icon 174,http://www.biolib.de/sturm/flora11/high/IMG_0246.jpg,http://www.biolib.de/sturm/flora11/high/IMG_0246.html,page type by screen image 788x1200: colour plate page (portrait)
Lycopus europaeus,Gemeiner Wolfstrapp,Band 11 (1903),icon 85,http://www.biolib.de/sturm/flora11/high/IMG_0155.jpg,http://www.biolib.de/sturm/flora11/high/IMG_0155.html,"page type not probed (portrait pages are colour plates, landscape are text spreads, in the pages probed)"
Marrubium nigrum,Gemeiner schwarzer Andorn,Band 11 (1903),icon 67,http://www.biolib.de/sturm/flora11/high/IMG_0137.jpg,http://www.biolib.de/sturm/flora11/high/IMG_0137.html,"page type not probed (portrait pages are colour plates, landscape are text spreads, in the pages probed)"
Marrubium vulgare,Weisser Andorn,Band 11 (1903),icon 68,http://www.biolib.de/sturm/flora11/high/IMG_0138.jpg,http://www.biolib.de/sturm/flora11/high/IMG_0138.html,"page type not probed (portrait pages are colour plates, landscape are text spreads, in the pages probed)"
Melittis melissophyllum,Bergmelisse,Band 11 (1903),icon 147,http://www.biolib.de/sturm/flora11/high/IMG_0218.jpg,http://www.biolib.de/sturm/flora11/high/IMG_0218.html,page type by screen image 788x1200: colour plate page (portrait)
Mentha arvensis,Feld-Minze,Band 11 (1903),icon 81,http://www.biolib.de/sturm/flora11/high/IMG_0151.jpg,http://www.biolib.de/sturm/flora11/high/IMG_0151.html,page type by screen image 1626x1200: text spread (landscape)
Mentha paenelongifolia,Gekreuzte langblättrige Minze,Band 11 (1903),icon 83,http://www.biolib.de/sturm/flora11/high/IMG_0153.jpg,http://www.biolib.de/sturm/flora11/high/IMG_0153.html,"page type not probed (portrait pages are colour plates, landscape are text spreads, in the pages probed)"
Myosotis caespitosa,Rasen-Vergissmeinnicht,Band 11 (1903),icon 131,http://www.biolib.de/sturm/flora11/high/IMG_0202.jpg,http://www.biolib.de/sturm/flora11/high/IMG_0202.html,"page type not probed (portrait pages are colour plates, landscape are text spreads, in the pages probed)"
Myosotis hispida,Borstiges Vergissmeinnicht,Band 11 (1903),icon 134,http://www.biolib.de/sturm/flora11/high/IMG_0205.jpg,http://www.biolib.de/sturm/flora11/high/IMG_0205.html,page type by screen image 788x1200: colour plate page (portrait)
Myosotis media,Mittleres Vergissmeinnicht,Band 11 (1903),icon 135,http://www.biolib.de/sturm/flora11/high/IMG_0206.jpg,http://www.biolib.de/sturm/flora11/high/IMG_0206.html,"page type not probed (portrait pages are colour plates, landscape are text spreads, in the pages probed)"
Myosotis palustris,Sumpf-Vergissmeinnicht,Band 11 (1903),icon 130,http://www.biolib.de/sturm/flora11/high/IMG_0201.jpg,http://www.biolib.de/sturm/flora11/high/IMG_0201.html,"page type not probed (portrait pages are colour plates, landscape are text spreads, in the pages probed)"
Myosotis silvatica,Wald-Vergissmeinnicht,Band 11 (1903),icon 133,http://www.biolib.de/sturm/flora11/high/IMG_0204.jpg,http://www.biolib.de/sturm/flora11/high/IMG_0204.html,"page type not probed (portrait pages are colour plates, landscape are text spreads, in the pages probed)"
Myosotis sparsiflora,Zerstreutblütiges Vergissmeinnicht,Band 11 (1903),icon 136,http://www.biolib.de/sturm/flora11/high/IMG_0207.jpg,http://www.biolib.de/sturm/flora11/high/IMG_0207.html,page type by screen image 788x1200: colour plate page (portrait)
Myosotis versicolor,Farbewechselndes Vergissmeinnicht,Band 11 (1903),icon 132,http://www.biolib.de/sturm/flora11/high/IMG_0203.jpg,http://www.biolib.de/sturm/flora11/high/IMG_0203.html,"page type not probed (portrait pages are colour plates, landscape are text spreads, in the pages probed)"
Nepeta cataria,Katzenminze,Band 11 (1903),icon 140,http://www.biolib.de/sturm/flora11/high/IMG_0211.jpg,http://www.biolib.de/sturm/flora11/high/IMG_0211.html,page type by screen image 788x1200: colour plate page (portrait)
Nepeta hederacea,Echte Gundelrebe,Band 11 (1903),icon 143,http://www.biolib.de/sturm/flora11/high/IMG_0214.jpg,http://www.biolib.de/sturm/flora11/high/IMG_0214.html,page type by screen image 788x1200: colour plate page (portrait)
Nepeta macrantha,Sibirischer Drachenkopf,Band 11 (1903),icon 142,http://www.biolib.de/sturm/flora11/high/IMG_0213.jpg,http://www.biolib.de/sturm/flora11/high/IMG_0213.html,"page type not probed (portrait pages are colour plates, landscape are text spreads, in the pages probed)"
Nepeta nuda,Nackte Nepete,Band 11 (1903),icon 141,http://www.biolib.de/sturm/flora11/high/IMG_0212.jpg,http://www.biolib.de/sturm/flora11/high/IMG_0212.html,"page type not probed (portrait pages are colour plates, landscape are text spreads, in the pages probed)"
Onosma arenaria,Lotwurz,Band 11 (1903),icon 42,http://www.biolib.de/sturm/flora11/high/IMG_0112.jpg,http://www.biolib.de/sturm/flora11/high/IMG_0112.html,"page type not probed (portrait pages are colour plates, landscape are text spreads, in the pages probed)"
Plantago alpina,Alpen-Wegerich,Band 11 (1903),icon 106,http://www.biolib.de/sturm/flora11/high/IMG_0176.jpg,http://www.biolib.de/sturm/flora11/high/IMG_0176.html,"page type not probed (portrait pages are colour plates, landscape are text spreads, in the pages probed)"
Plantago coronopus,Krähenfuss-Wegerich,Band 11 (1903),icon 180,http://www.biolib.de/sturm/flora11/high/IMG_0252.jpg,http://www.biolib.de/sturm/flora11/high/IMG_0252.html,page type by screen image 788x1200: colour plate page (portrait)
Plantago cynops,Genfer Flohsamen,Band 11 (1903),icon 100,http://www.biolib.de/sturm/flora11/high/IMG_0170.jpg,http://www.biolib.de/sturm/flora11/high/IMG_0170.html,page type by screen image 1626x1200: text spread (landscape)
Plantago lagopus,Hasenpfoten-Wegerich,Band 11 (1903),icon 103,http://www.biolib.de/sturm/flora11/high/IMG_0173.jpg,http://www.biolib.de/sturm/flora11/high/IMG_0173.html,"page type not probed (portrait pages are colour plates, landscape are text spreads, in the pages probed)"
Plantago lanceolata,,Band 11 (1903),icon 102,http://www.biolib.de/sturm/flora11/high/IMG_0172.jpg,http://www.biolib.de/sturm/flora11/high/IMG_0172.html,"composite: 2 Latin names indexed on this page; page type not probed (portrait pages are colour plates, landscape are text spreads, in the pages probed); German names indexed on this page: Hoher Spitz-Wegerich; Spitz-Wegerich"
Plantago lanceolata-altissima,,Band 11 (1903),icon 102,http://www.biolib.de/sturm/flora11/high/IMG_0172.jpg,http://www.biolib.de/sturm/flora11/high/IMG_0172.html,"composite: 2 Latin names indexed on this page; page type not probed (portrait pages are colour plates, landscape are text spreads, in the pages probed); German names indexed on this page: Hoher Spitz-Wegerich; Spitz-Wegerich"
Plantago major,Breiter Wegerich,Band 11 (1903),icon 175,http://www.biolib.de/sturm/flora11/high/IMG_0247.jpg,http://www.biolib.de/sturm/flora11/high/IMG_0247.html,"page type not probed (portrait pages are colour plates, landscape are text spreads, in the pages probed)"
Plantago maritima,Küsten-Wegerich,Band 11 (1903),icon 179,http://www.biolib.de/sturm/flora11/high/IMG_0251.jpg,http://www.biolib.de/sturm/flora11/high/IMG_0251.html,"page type not probed (portrait pages are colour plates, landscape are text spreads, in the pages probed)"
Plantago media,Mittlerer Wegerich,Band 11 (1903),icon 176,http://www.biolib.de/sturm/flora11/high/IMG_0248.jpg,http://www.biolib.de/sturm/flora11/high/IMG_0248.html,"page type not probed (portrait pages are colour plates, landscape are text spreads, in the pages probed)"
Plantago montana,Berg-Wegerich,Band 11 (1903),icon 178,http://www.biolib.de/sturm/flora11/high/IMG_0250.jpg,http://www.biolib.de/sturm/flora11/high/IMG_0250.html,page type by screen image 788x1200: colour plate page (portrait)
Plantago psylium,Echter Flohsamen,Band 11 (1903),icon 101,http://www.biolib.de/sturm/flora11/high/IMG_0171.jpg,http://www.biolib.de/sturm/flora11/high/IMG_0171.html,"page type not probed (portrait pages are colour plates, landscape are text spreads, in the pages probed)"
Polemonium coeruleum,Echte Himmelsleiter,Band 11 (1903),icon 12,http://www.biolib.de/sturm/flora11/high/IMG_0082.jpg,http://www.biolib.de/sturm/flora11/high/IMG_0082.html,page type by screen image 1626x1200: text spread (landscape)
Pulmonaria officinalis,Echtes Lungenkraut,Band 11 (1903),icon 126,http://www.biolib.de/sturm/flora11/high/IMG_0197.jpg,http://www.biolib.de/sturm/flora11/high/IMG_0197.html,"page type not probed (portrait pages are colour plates, landscape are text spreads, in the pages probed)"
Salvia glutinosa,Gelbe Salbei,Band 11 (1903),icon 165,http://www.biolib.de/sturm/flora11/high/IMG_0237.jpg,http://www.biolib.de/sturm/flora11/high/IMG_0237.html,"page type not probed (portrait pages are colour plates, landscape are text spreads, in the pages probed)"
Salvia officinalis,Echte Salbei,Band 11 (1903),icon 53,http://www.biolib.de/sturm/flora11/high/IMG_0123.jpg,http://www.biolib.de/sturm/flora11/high/IMG_0123.html,"page type not probed (portrait pages are colour plates, landscape are text spreads, in the pages probed)"
Salvia pratensis,Wiesen-Salbei,Band 11 (1903),icon 55,http://www.biolib.de/sturm/flora11/high/IMG_0125.jpg,http://www.biolib.de/sturm/flora11/high/IMG_0125.html,"page type not probed (portrait pages are colour plates, landscape are text spreads, in the pages probed)"
Salvia sclarea,Muskateller-Salbei,Band 11 (1903),icon 166,http://www.biolib.de/sturm/flora11/high/IMG_0238.jpg,http://www.biolib.de/sturm/flora11/high/IMG_0238.html,"page type not probed (portrait pages are colour plates, landscape are text spreads, in the pages probed)"
Salvia silvestris,Wilde Salbei,Band 11 (1903),icon 54,http://www.biolib.de/sturm/flora11/high/IMG_0124.jpg,http://www.biolib.de/sturm/flora11/high/IMG_0124.html,"page type not probed (portrait pages are colour plates, landscape are text spreads, in the pages probed)"
Scutellaria galericulata,Gemeines Helmkraut,Band 11 (1903),icon 95,http://www.biolib.de/sturm/flora11/high/IMG_0165.jpg,http://www.biolib.de/sturm/flora11/high/IMG_0165.html,"page type not probed (portrait pages are colour plates, landscape are text spreads, in the pages probed)"
Stachys alpina,Alpen-Ziest,Band 11 (1903),icon 63,http://www.biolib.de/sturm/flora11/high/IMG_0133.jpg,http://www.biolib.de/sturm/flora11/high/IMG_0133.html,"page type not probed (portrait pages are colour plates, landscape are text spreads, in the pages probed)"
Stachys annua,Einjähriger Ziest,Band 11 (1903),icon 163,http://www.biolib.de/sturm/flora11/high/IMG_0235.jpg,http://www.biolib.de/sturm/flora11/high/IMG_0235.html,page type by screen image 788x1200: colour plate page (portrait)
Stachys arvensis,Roter Ziest,Band 11 (1903),icon 162,http://www.biolib.de/sturm/flora11/high/IMG_0234.jpg,http://www.biolib.de/sturm/flora11/high/IMG_0234.html,"page type not probed (portrait pages are colour plates, landscape are text spreads, in the pages probed)"
Stachys betonica,Echte Betonie,Band 11 (1903),icon 61,http://www.biolib.de/sturm/flora11/high/IMG_0131.jpg,http://www.biolib.de/sturm/flora11/high/IMG_0131.html,"page type not probed (portrait pages are colour plates, landscape are text spreads, in the pages probed)"
Stachys bicolor,Zweifarbiger Ziest,Band 11 (1903),icon 139,http://www.biolib.de/sturm/flora11/high/IMG_0210.jpg,http://www.biolib.de/sturm/flora11/high/IMG_0210.html,"page type not probed (portrait pages are colour plates, landscape are text spreads, in the pages probed)"
Stachys germanica,Feldandorn,Band 11 (1903),icon 159,http://www.biolib.de/sturm/flora11/high/IMG_0231.jpg,http://www.biolib.de/sturm/flora11/high/IMG_0231.html,"page type not probed (portrait pages are colour plates, landscape are text spreads, in the pages probed)"
Stachys palustris,,Band 11 (1903),icon 66,http://www.biolib.de/sturm/flora11/high/IMG_0136.jpg,http://www.biolib.de/sturm/flora11/high/IMG_0136.html,"composite: 2 Latin names indexed on this page; page type not probed (portrait pages are colour plates, landscape are text spreads, in the pages probed)"
Stachys palustris-silvatica,,Band 11 (1903),icon 66,http://www.biolib.de/sturm/flora11/high/IMG_0136.jpg,http://www.biolib.de/sturm/flora11/high/IMG_0136.html,"composite: 2 Latin names indexed on this page; page type not probed (portrait pages are colour plates, landscape are text spreads, in the pages probed)"
Stachys recta,Echter Ziest,Band 11 (1903),icon 164,http://www.biolib.de/sturm/flora11/high/IMG_0236.jpg,http://www.biolib.de/sturm/flora11/high/IMG_0236.html,"page type not probed (portrait pages are colour plates, landscape are text spreads, in the pages probed)"
Stachys silvatica,Wald-Ziest,Band 11 (1903),icon 160,http://www.biolib.de/sturm/flora11/high/IMG_0232.jpg,http://www.biolib.de/sturm/flora11/high/IMG_0232.html,"page type not probed (portrait pages are colour plates, landscape are text spreads, in the pages probed)"
Symphytum officinale,Echter Beinwell,Band 11 (1903),icon 125,http://www.biolib.de/sturm/flora11/high/IMG_0196.jpg,http://www.biolib.de/sturm/flora11/high/IMG_0196.html,"page type not probed (portrait pages are colour plates, landscape are text spreads, in the pages probed)"
Teucrium botrys,,Band 11 (1903),icon 50,http://www.biolib.de/sturm/flora11/high/IMG_0120.jpg,http://www.biolib.de/sturm/flora11/high/IMG_0120.html,"composite: 2 Latin names indexed on this page; page type not probed (portrait pages are colour plates, landscape are text spreads, in the pages probed); German names indexed on this page: Feldcypresse; Schurjan"
Teucrium chamandrys,,Band 11 (1903),icon 51,http://www.biolib.de/sturm/flora11/high/IMG_0121.jpg,http://www.biolib.de/sturm/flora11/high/IMG_0121.html,"composite: 2 Latin names indexed on this page; page type not probed (portrait pages are colour plates, landscape are text spreads, in the pages probed); German names indexed on this page: Berg-Polei; Echter Gamander"
Teucrium montanum,,Band 11 (1903),icon 51,http://www.biolib.de/sturm/flora11/high/IMG_0121.jpg,http://www.biolib.de/sturm/flora11/high/IMG_0121.html,"composite: 2 Latin names indexed on this page; page type not probed (portrait pages are colour plates, landscape are text spreads, in the pages probed); German names indexed on this page: Berg-Polei; Echter Gamander"
Teucrium scordium,,Band 11 (1903),icon 50,http://www.biolib.de/sturm/flora11/high/IMG_0120.jpg,http://www.biolib.de/sturm/flora11/high/IMG_0120.html,"composite: 2 Latin names indexed on this page; page type not probed (portrait pages are colour plates, landscape are text spreads, in the pages probed); German names indexed on this page: Feldcypresse; Schurjan"
Thymus acinos,Wilde Basilie,Band 11 (1903),icon 168,http://www.biolib.de/sturm/flora11/high/IMG_0240.jpg,http://www.biolib.de/sturm/flora11/high/IMG_0240.html,"page type not probed (portrait pages are colour plates, landscape are text spreads, in the pages probed)"
Thymus calamintha,Gemeine Kalaminthe,Band 11 (1903),icon 169,http://www.biolib.de/sturm/flora11/high/IMG_0241.jpg,http://www.biolib.de/sturm/flora11/high/IMG_0241.html,"page type not probed (portrait pages are colour plates, landscape are text spreads, in the pages probed)"
Thymus chamaedrys,Gamander-Quendel,Band 11 (1903),icon 173,http://www.biolib.de/sturm/flora11/high/IMG_0245.jpg,http://www.biolib.de/sturm/flora11/high/IMG_0245.html,page type by screen image 788x1200: colour plate page (portrait)
Thymus clinopodium,Wirbeldosten,Band 11 (1903),icon 92,http://www.biolib.de/sturm/flora11/high/IMG_0162.jpg,http://www.biolib.de/sturm/flora11/high/IMG_0162.html,"page type not probed (portrait pages are colour plates, landscape are text spreads, in the pages probed)"
Thymus cunila,Bohnenkraut,Band 11 (1903),icon 167,http://www.biolib.de/sturm/flora11/high/IMG_0239.jpg,http://www.biolib.de/sturm/flora11/high/IMG_0239.html,"page type not probed (portrait pages are colour plates, landscape are text spreads, in the pages probed)"
Thymus hyssopus,Ysop,Band 11 (1903),icon 89,http://www.biolib.de/sturm/flora11/high/IMG_0159.jpg,http://www.biolib.de/sturm/flora11/high/IMG_0159.html,page type by screen image 1626x1200: text spread (landscape)
Thymus melissa,Citronenmelisse,Band 11 (1903),icon 171,http://www.biolib.de/sturm/flora11/high/IMG_0243.jpg,http://www.biolib.de/sturm/flora11/high/IMG_0243.html,"page type not probed (portrait pages are colour plates, landscape are text spreads, in the pages probed)"
Thymus nepeta,Polei-Kalaminthe,Band 11 (1903),icon 170,http://www.biolib.de/sturm/flora11/high/IMG_0242.jpg,http://www.biolib.de/sturm/flora11/high/IMG_0242.html,page type by screen image 788x1200: colour plate page (portrait)
Thymus origanum,Brauner Dosten,Band 11 (1903),icon 172,http://www.biolib.de/sturm/flora11/high/IMG_0244.jpg,http://www.biolib.de/sturm/flora11/high/IMG_0244.html,page type by screen image 770x1200: colour plate page (portrait)
Verbena officinalis,Eisenkraut,Band 11 (1903),icon 138,http://www.biolib.de/sturm/flora11/high/IMG_0209.jpg,http://www.biolib.de/sturm/flora11/high/IMG_0209.html,"page type not probed (portrait pages are colour plates, landscape are text spreads, in the pages probed)"
Aegopodium podagraria,Giersch,Band 12 (1904),icon 155,http://www.biolib.de/sturm/flora12/high/IMG_0421.jpg,http://www.biolib.de/sturm/flora12/high/IMG_0421.html,"page type not probed (portrait pages are colour plates, landscape are text spreads, in the pages probed)"
Aethusa cynapium,Hundspetersilie,Band 12 (1904),icon 162,http://www.biolib.de/sturm/flora12/high/IMG_0428.jpg,http://www.biolib.de/sturm/flora12/high/IMG_0428.html,"page type not probed (portrait pages are colour plates, landscape are text spreads, in the pages probed)"
Ammi majus,Grosses Ammei,Band 12 (1904),icon 154,http://www.biolib.de/sturm/flora12/high/IMG_0420.jpg,http://www.biolib.de/sturm/flora12/high/IMG_0420.html,"page type not probed (portrait pages are colour plates, landscape are text spreads, in the pages probed)"
Anethum graveolens,Dill,Band 12 (1904),icon 169,http://www.biolib.de/sturm/flora12/high/IMG_0435.jpg,http://www.biolib.de/sturm/flora12/high/IMG_0435.html,"page type not probed (portrait pages are colour plates, landscape are text spreads, in the pages probed)"
Angelica sylvestris,Wilde Angelika,Band 12 (1904),icon 171,http://www.biolib.de/sturm/flora12/high/IMG_0437.jpg,http://www.biolib.de/sturm/flora12/high/IMG_0437.html,"page type not probed (portrait pages are colour plates, landscape are text spreads, in the pages probed)"
Anthriscus sylvestris,Echter Kälberkropf,Band 12 (1904),icon 37,http://www.biolib.de/sturm/flora12/high/IMG_0298.jpg,http://www.biolib.de/sturm/flora12/high/IMG_0298.html,page type by screen image 1590x1200: text spread (landscape)
Apium graveolens,Sellerie,Band 12 (1904),icon 20,http://www.biolib.de/sturm/flora12/high/IMG_0281.jpg,http://www.biolib.de/sturm/flora12/high/IMG_0281.html,"page type not probed (portrait pages are colour plates, landscape are text spreads, in the pages probed)"
Archangelica officinalis,Echte Angelica,Band 12 (1904),icon 172,http://www.biolib.de/sturm/flora12/high/IMG_0438.jpg,http://www.biolib.de/sturm/flora12/high/IMG_0438.html,"page type not probed (portrait pages are colour plates, landscape are text spreads, in the pages probed)"
Astrantia major,Grosse Strenze,Band 12 (1904),icon 150,http://www.biolib.de/sturm/flora12/high/IMG_0416.jpg,http://www.biolib.de/sturm/flora12/high/IMG_0416.html,"page type not probed (portrait pages are colour plates, landscape are text spreads, in the pages probed)"
Athamanta cretensis,Mohrenkümmel,Band 12 (1904),icon 54,http://www.biolib.de/sturm/flora12/high/IMG_0315.jpg,http://www.biolib.de/sturm/flora12/high/IMG_0315.html,"page type not probed (portrait pages are colour plates, landscape are text spreads, in the pages probed)"
Bryonia dioeca,Rotfrüchtige Zaunrübe,Band 12 (1904),icon 210,http://www.biolib.de/sturm/flora12/high/IMG_0476.jpg,http://www.biolib.de/sturm/flora12/high/IMG_0476.html,"page type not probed (portrait pages are colour plates, landscape are text spreads, in the pages probed)"
Bryonia monoeca,Schwarzfrüchtige Zaunrübe,Band 12 (1904),icon 209,http://www.biolib.de/sturm/flora12/high/IMG_0475.jpg,http://www.biolib.de/sturm/flora12/high/IMG_0475.html,"page type not probed (portrait pages are colour plates, landscape are text spreads, in the pages probed)"
Bunium bulbocastanum,Echte Erdkastanie,Band 12 (1904),icon 26,http://www.biolib.de/sturm/flora12/high/IMG_0287.jpg,http://www.biolib.de/sturm/flora12/high/IMG_0287.html,page type by screen image 1590x1200: text spread (landscape)
Bupleurum falcatum,Echtes Hasenohr,Band 12 (1904),icon 45,http://www.biolib.de/sturm/flora12/high/IMG_0306.jpg,http://www.biolib.de/sturm/flora12/high/IMG_0306.html,page type by screen image 1590x1200: text spread (landscape)
Bupleurum longifolium,Grosses Hasenohr,Band 12 (1904),icon 44,http://www.biolib.de/sturm/flora12/high/IMG_0305.jpg,http://www.biolib.de/sturm/flora12/high/IMG_0305.html,page type by screen image 1590x1200: text spread (landscape)
Bupleurum nodiflorum,Spirriges Hasenohr,Band 12 (1904),icon 46,http://www.biolib.de/sturm/flora12/high/IMG_0307.jpg,http://www.biolib.de/sturm/flora12/high/IMG_0307.html,"page type not probed (portrait pages are colour plates, landscape are text spreads, in the pages probed)"
Bupleurum rotundifolium,Echter Durchwachs,Band 12 (1904),icon 160,http://www.biolib.de/sturm/flora12/high/IMG_0426.jpg,http://www.biolib.de/sturm/flora12/high/IMG_0426.html,"page type not probed (portrait pages are colour plates, landscape are text spreads, in the pages probed)"
Bupleurum tenuissimum,Salz-Hasenohr,Band 12 (1904),icon 47,http://www.biolib.de/sturm/flora12/high/IMG_0308.jpg,http://www.biolib.de/sturm/flora12/high/IMG_0308.html,page type by screen image 1624x1200: text spread (landscape)
Campanula bononiensis,Bologneser Glockenblume,Band 12 (1904),icon 205,http://www.biolib.de/sturm/flora12/high/IMG_0471.jpg,http://www.biolib.de/sturm/flora12/high/IMG_0471.html,"page type not probed (portrait pages are colour plates, landscape are text spreads, in the pages probed)"
Campanula latifolia,Breitblättrige Glockenblume,Band 12 (1904),icon 207,http://www.biolib.de/sturm/flora12/high/IMG_0473.jpg,http://www.biolib.de/sturm/flora12/high/IMG_0473.html,"page type not probed (portrait pages are colour plates, landscape are text spreads, in the pages probed)"
Campanula liliifolia,,Band 12 (1904),icon 142,http://www.biolib.de/sturm/flora12/high/IMG_0403.jpg,http://www.biolib.de/sturm/flora12/high/IMG_0403.html,"composite: 2 Latin names indexed on this page; page type not probed (portrait pages are colour plates, landscape are text spreads, in the pages probed); German names indexed on this page: Europäische Lobelie; Lilienblättrige Glockenblume; Wasserlobelie"
Campanula persicifolia,,Band 12 (1904),icon 129,http://www.biolib.de/sturm/flora12/high/IMG_0390.jpg,http://www.biolib.de/sturm/flora12/high/IMG_0390.html,"composite: 2 Latin names indexed on this page; page type not probed (portrait pages are colour plates, landscape are text spreads, in the pages probed); German names indexed on this page: Glockenblumiger Rapunzel; Grosse Waldglockenblume"
Campanula pusilla,Blasse Glockenblume,Band 12 (1904),icon 133,http://www.biolib.de/sturm/flora12/high/IMG_0394.jpg,http://www.biolib.de/sturm/flora12/high/IMG_0394.html,"page type not probed (portrait pages are colour plates, landscape are text spreads, in the pages probed)"
Campanula rapunculoides,,Band 12 (1904),icon 206,http://www.biolib.de/sturm/flora12/high/IMG_0472.jpg,http://www.biolib.de/sturm/flora12/high/IMG_0472.html,"composite: 2 Latin names indexed on this page; page type not probed (portrait pages are colour plates, landscape are text spreads, in the pages probed); German names indexed on this page: Nesselblättrige Glockenblume; Queckende Glockenblume"
Campanula rapunculus,,Band 12 (1904),icon 129,http://www.biolib.de/sturm/flora12/high/IMG_0390.jpg,http://www.biolib.de/sturm/flora12/high/IMG_0390.html,"composite: 2 Latin names indexed on this page; page type not probed (portrait pages are colour plates, landscape are text spreads, in the pages probed); German names indexed on this page: Glockenblumiger Rapunzel; Grosse Waldglockenblume"
Campanula rhomboidalis,Rautenblättrige Glockenblume,Band 12 (1904),icon 204,http://www.biolib.de/sturm/flora12/high/IMG_0470.jpg,http://www.biolib.de/sturm/flora12/high/IMG_0470.html,page type by screen image 740x1200: colour plate page (portrait)
Campanula rotundifolia,Gemeine Glockenblume,Band 12 (1904),icon 203,http://www.biolib.de/sturm/flora12/high/IMG_0469.jpg,http://www.biolib.de/sturm/flora12/high/IMG_0469.html,"page type not probed (portrait pages are colour plates, landscape are text spreads, in the pages probed)"
Campanula trachelium,,Band 12 (1904),icon 206,http://www.biolib.de/sturm/flora12/high/IMG_0472.jpg,http://www.biolib.de/sturm/flora12/high/IMG_0472.html,"composite: 2 Latin names indexed on this page; page type not probed (portrait pages are colour plates, landscape are text spreads, in the pages probed); German names indexed on this page: Nesselblättrige Glockenblume; Queckende Glockenblume"
Carum carvi,Kümmel,Band 12 (1904),icon 156,http://www.biolib.de/sturm/flora12/high/IMG_0422.jpg,http://www.biolib.de/sturm/flora12/high/IMG_0422.html,"page type not probed (portrait pages are colour plates, landscape are text spreads, in the pages probed)"
Caucalis daucoides,Gemeine Ackerklette,Band 12 (1904),icon 181,http://www.biolib.de/sturm/flora12/high/IMG_0447.jpg,http://www.biolib.de/sturm/flora12/high/IMG_0447.html,"page type not probed (portrait pages are colour plates, landscape are text spreads, in the pages probed)"
Caucalis helvetica,Starke Hundsklette,Band 12 (1904),icon 182,http://www.biolib.de/sturm/flora12/high/IMG_0448.jpg,http://www.biolib.de/sturm/flora12/high/IMG_0448.html,"page type not probed (portrait pages are colour plates, landscape are text spreads, in the pages probed)"
Chaerophyllum temulum,Betäubender Kälberkropf,Band 12 (1904),icon 183,http://www.biolib.de/sturm/flora12/high/IMG_0449.jpg,http://www.biolib.de/sturm/flora12/high/IMG_0449.html,page type by screen image 753x1200: colour plate page (portrait)
Cicuta virosa,Wasserschierling,Band 12 (1904),icon 152,http://www.biolib.de/sturm/flora12/high/IMG_0418.jpg,http://www.biolib.de/sturm/flora12/high/IMG_0418.html,"page type not probed (portrait pages are colour plates, landscape are text spreads, in the pages probed)"
Cnidium venosum,Brennsaat,Band 12 (1904),icon 165,http://www.biolib.de/sturm/flora12/high/IMG_0431.jpg,http://www.biolib.de/sturm/flora12/high/IMG_0431.html,"page type not probed (portrait pages are colour plates, landscape are text spreads, in the pages probed)"
Conium maculatum,Gefleckter Schierling,Band 12 (1904),icon 184,http://www.biolib.de/sturm/flora12/high/IMG_0450.jpg,http://www.biolib.de/sturm/flora12/high/IMG_0450.html,page type by screen image 753x1200: colour plate page (portrait)
Coriandrum sativum,Koriander,Band 12 (1904),icon 84,http://www.biolib.de/sturm/flora12/high/IMG_0345.jpg,http://www.biolib.de/sturm/flora12/high/IMG_0345.html,"page type not probed (portrait pages are colour plates, landscape are text spreads, in the pages probed)"
Cornus femina,Echter Hartriegel,Band 12 (1904),icon 185,http://www.biolib.de/sturm/flora12/high/IMG_0451.jpg,http://www.biolib.de/sturm/flora12/high/IMG_0451.html,"page type not probed (portrait pages are colour plates, landscape are text spreads, in the pages probed)"
Cornus mas,Echte Kornelkirsche,Band 12 (1904),icon 186,http://www.biolib.de/sturm/flora12/high/IMG_0452.jpg,http://www.biolib.de/sturm/flora12/high/IMG_0452.html,"page type not probed (portrait pages are colour plates, landscape are text spreads, in the pages probed)"
Daucus carota,Echte Möhre,Band 12 (1904),icon 179,http://www.biolib.de/sturm/flora12/high/IMG_0445.jpg,http://www.biolib.de/sturm/flora12/high/IMG_0445.html,"page type not probed (portrait pages are colour plates, landscape are text spreads, in the pages probed)"
Eryngium campestre,Eigentliche Mannstreu,Band 12 (1904),icon 151,http://www.biolib.de/sturm/flora12/high/IMG_0417.jpg,http://www.biolib.de/sturm/flora12/high/IMG_0417.html,"page type not probed (portrait pages are colour plates, landscape are text spreads, in the pages probed)"
Falcaria rivini,Sichelmöhre,Band 12 (1904),icon 153,http://www.biolib.de/sturm/flora12/high/IMG_0419.jpg,http://www.biolib.de/sturm/flora12/high/IMG_0419.html,page type by screen image 753x1200: colour plate page (portrait)
Galium agreste,,Band 12 (1904),icon 107,http://www.biolib.de/sturm/flora12/high/IMG_0368.jpg,http://www.biolib.de/sturm/flora12/high/IMG_0368.html,composite: 3 Latin names indexed on this page; page type by screen image 1630x1200: text spread (landscape); German names indexed on this page: Gemeines Klebkraut; Wallroths Klebkraut; Zartes Klebkraut
Galium aparine,,Band 12 (1904),icon 107,http://www.biolib.de/sturm/flora12/high/IMG_0368.jpg,http://www.biolib.de/sturm/flora12/high/IMG_0368.html,composite: 3 Latin names indexed on this page; page type by screen image 1630x1200: text spread (landscape); German names indexed on this page: Gemeines Klebkraut; Wallroths Klebkraut; Zartes Klebkraut
Galium cruciata,Kreuz-Labkraut,Band 12 (1904),icon 195,http://www.biolib.de/sturm/flora12/high/IMG_0461.jpg,http://www.biolib.de/sturm/flora12/high/IMG_0461.html,"page type not probed (portrait pages are colour plates, landscape are text spreads, in the pages probed)"
Galium cynanchicum,Schwalbenwurzblumiges Megerkraut,Band 12 (1904),icon 103,http://www.biolib.de/sturm/flora12/high/IMG_0364.jpg,http://www.biolib.de/sturm/flora12/high/IMG_0364.html,"page type not probed (portrait pages are colour plates, landscape are text spreads, in the pages probed)"
Galium elatum,,Band 12 (1904),icon 100,http://www.biolib.de/sturm/flora12/high/IMG_0361.jpg,http://www.biolib.de/sturm/flora12/high/IMG_0361.html,"composite: 2 Latin names indexed on this page; page type not probed (portrait pages are colour plates, landscape are text spreads, in the pages probed); German names indexed on this page: Grosses Labkraut; Wald-Labkraut"
Galium erectum,,Band 12 (1904),icon 196,http://www.biolib.de/sturm/flora12/high/IMG_0462.jpg,http://www.biolib.de/sturm/flora12/high/IMG_0462.html,"composite: 2 Latin names indexed on this page; page type not probed (portrait pages are colour plates, landscape are text spreads, in the pages probed); German names indexed on this page: Echtes Labkraut; Weisses Labkraut"
Galium matrisilva,Echter Waldmeister,Band 12 (1904),icon 193,http://www.biolib.de/sturm/flora12/high/IMG_0459.jpg,http://www.biolib.de/sturm/flora12/high/IMG_0459.html,"page type not probed (portrait pages are colour plates, landscape are text spreads, in the pages probed)"
Galium rotundifolium,,Band 12 (1904),icon 96,http://www.biolib.de/sturm/flora12/high/IMG_0357.jpg,http://www.biolib.de/sturm/flora12/high/IMG_0357.html,composite: 2 Latin names indexed on this page; page type by screen image 1617x1200: text spread (landscape); German names indexed on this page: Rundblätteriges Labkraut; Sherardie
Galium rubia,Röte,Band 12 (1904),icon 194,http://www.biolib.de/sturm/flora12/high/IMG_0460.jpg,http://www.biolib.de/sturm/flora12/high/IMG_0460.html,"page type not probed (portrait pages are colour plates, landscape are text spreads, in the pages probed)"
Galium scherardia,,Band 12 (1904),icon 96,http://www.biolib.de/sturm/flora12/high/IMG_0357.jpg,http://www.biolib.de/sturm/flora12/high/IMG_0357.html,composite: 2 Latin names indexed on this page; page type by screen image 1617x1200: text spread (landscape); German names indexed on this page: Rundblätteriges Labkraut; Sherardie
Galium sherardiiflorum,Falsche Sherardie,Band 12 (1904),icon 105,http://www.biolib.de/sturm/flora12/high/IMG_0366.jpg,http://www.biolib.de/sturm/flora12/high/IMG_0366.html,"page type not probed (portrait pages are colour plates, landscape are text spreads, in the pages probed)"
Galium sylvaticum,,Band 12 (1904),icon 100,http://www.biolib.de/sturm/flora12/high/IMG_0361.jpg,http://www.biolib.de/sturm/flora12/high/IMG_0361.html,"composite: 2 Latin names indexed on this page; page type not probed (portrait pages are colour plates, landscape are text spreads, in the pages probed); German names indexed on this page: Grosses Labkraut; Wald-Labkraut"
Galium tenerum,,Band 12 (1904),icon 107,http://www.biolib.de/sturm/flora12/high/IMG_0368.jpg,http://www.biolib.de/sturm/flora12/high/IMG_0368.html,composite: 3 Latin names indexed on this page; page type by screen image 1630x1200: text spread (landscape); German names indexed on this page: Gemeines Klebkraut; Wallroths Klebkraut; Zartes Klebkraut
Galium tricorne,Kleines Klebkraut,Band 12 (1904),icon 108,http://www.biolib.de/sturm/flora12/high/IMG_0369.jpg,http://www.biolib.de/sturm/flora12/high/IMG_0369.html,"page type not probed (portrait pages are colour plates, landscape are text spreads, in the pages probed)"
Galium verum,,Band 12 (1904),icon 196,http://www.biolib.de/sturm/flora12/high/IMG_0462.jpg,http://www.biolib.de/sturm/flora12/high/IMG_0462.html,"composite: 2 Latin names indexed on this page; page type not probed (portrait pages are colour plates, landscape are text spreads, in the pages probed); German names indexed on this page: Echtes Labkraut; Weisses Labkraut"
Hacquetia epipacis,Hacquetie,Band 12 (1904),icon 149,http://www.biolib.de/sturm/flora12/high/IMG_0415.jpg,http://www.biolib.de/sturm/flora12/high/IMG_0415.html,"page type not probed (portrait pages are colour plates, landscape are text spreads, in the pages probed)"
Hedera helix,Gemeiner Efeu,Band 12 (1904),icon 147,http://www.biolib.de/sturm/flora12/high/IMG_0412.jpg,http://www.biolib.de/sturm/flora12/high/IMG_0412.html,"page type not probed (portrait pages are colour plates, landscape are text spreads, in the pages probed)"
Helosciadium inundatum,Flutende Berle,Band 12 (1904),icon 19,http://www.biolib.de/sturm/flora12/high/IMG_0280.jpg,http://www.biolib.de/sturm/flora12/high/IMG_0280.html,page type by screen image 1590x1200: text spread (landscape)
Helosciadium repens,Kriechende Berle,Band 12 (1904),icon 18,http://www.biolib.de/sturm/flora12/high/IMG_0279.jpg,http://www.biolib.de/sturm/flora12/high/IMG_0279.html,page type by screen image 1590x1200: text spread (landscape)
Heracleum sphondylium,Echte Bärenklau,Band 12 (1904),icon 175,http://www.biolib.de/sturm/flora12/high/IMG_0441.jpg,http://www.biolib.de/sturm/flora12/high/IMG_0441.html,"page type not probed (portrait pages are colour plates, landscape are text spreads, in the pages probed)"
Hydrocotyle vulgaris,Wassernabel,Band 12 (1904),icon 9,http://www.biolib.de/sturm/flora12/high/IMG_0270.jpg,http://www.biolib.de/sturm/flora12/high/IMG_0270.html,"page type not probed (portrait pages are colour plates, landscape are text spreads, in the pages probed)"
Jasione montana,Kleine Schafskabiose,Band 12 (1904),icon 201,http://www.biolib.de/sturm/flora12/high/IMG_0467.jpg,http://www.biolib.de/sturm/flora12/high/IMG_0467.html,page type by screen image 756x1200: colour plate page (portrait)
Laserpicium latifolium,Weisse Hirschwurz,Band 12 (1904),icon 178,http://www.biolib.de/sturm/flora12/high/IMG_0444.jpg,http://www.biolib.de/sturm/flora12/high/IMG_0444.html,"page type not probed (portrait pages are colour plates, landscape are text spreads, in the pages probed)"
Libanotis montana,Falsche Hirschwurz,Band 12 (1904),icon 164,http://www.biolib.de/sturm/flora12/high/IMG_0430.jpg,http://www.biolib.de/sturm/flora12/high/IMG_0430.html,"page type not probed (portrait pages are colour plates, landscape are text spreads, in the pages probed)"
Linnaea borealis,Linnaee,Band 12 (1904),icon 192,http://www.biolib.de/sturm/flora12/high/IMG_0458.jpg,http://www.biolib.de/sturm/flora12/high/IMG_0458.html,"page type not probed (portrait pages are colour plates, landscape are text spreads, in the pages probed)"
Lobelia dortmanna,,Band 12 (1904),icon 142,http://www.biolib.de/sturm/flora12/high/IMG_0403.jpg,http://www.biolib.de/sturm/flora12/high/IMG_0403.html,"composite: 2 Latin names indexed on this page; page type not probed (portrait pages are colour plates, landscape are text spreads, in the pages probed); German names indexed on this page: Europäische Lobelie; Lilienblättrige Glockenblume; Wasserlobelie"
Lonicera caprifolium,,Band 12 (1904),icon 190,http://www.biolib.de/sturm/flora12/high/IMG_0456.jpg,http://www.biolib.de/sturm/flora12/high/IMG_0456.html,"composite: 2 Latin names indexed on this page; page type not probed (portrait pages are colour plates, landscape are text spreads, in the pages probed); German names indexed on this page: Echtes Geissblatt; Wildes Geissblatt"
Lonicera nigra,Schwarze Heckenkirsche,Band 12 (1904),icon 91,http://www.biolib.de/sturm/flora12/high/IMG_0352.jpg,http://www.biolib.de/sturm/flora12/high/IMG_0352.html,page type by screen image 1625x1200: text spread (landscape)
Lonicera periclymenum,,Band 12 (1904),icon 190,http://www.biolib.de/sturm/flora12/high/IMG_0456.jpg,http://www.biolib.de/sturm/flora12/high/IMG_0456.html,"composite: 2 Latin names indexed on this page; page type not probed (portrait pages are colour plates, landscape are text spreads, in the pages probed); German names indexed on this page: Echtes Geissblatt; Wildes Geissblatt"
Lonicera tatarica,Tatarische Heckenkirsche,Band 12 (1904),icon 90,http://www.biolib.de/sturm/flora12/high/IMG_0351.jpg,http://www.biolib.de/sturm/flora12/high/IMG_0351.html,"page type not probed (portrait pages are colour plates, landscape are text spreads, in the pages probed)"
Lonicera xylosteum,Gemeine Heckenkirsche,Band 12 (1904),icon 191,http://www.biolib.de/sturm/flora12/high/IMG_0457.jpg,http://www.biolib.de/sturm/flora12/high/IMG_0457.html,"page type not probed (portrait pages are colour plates, landscape are text spreads, in the pages probed)"
Meum athamenticum,Bärwurz,Band 12 (1904),icon 167,http://www.biolib.de/sturm/flora12/high/IMG_0433.jpg,http://www.biolib.de/sturm/flora12/high/IMG_0433.html,"page type not probed (portrait pages are colour plates, landscape are text spreads, in the pages probed)"
Moschatelina generalis,Moschuskraut,Band 12 (1904),icon 187,http://www.biolib.de/sturm/flora12/high/IMG_0453.jpg,http://www.biolib.de/sturm/flora12/high/IMG_0453.html,"page type not probed (portrait pages are colour plates, landscape are text spreads, in the pages probed)"
Oenanthe fistulosa,Wasserraute,Band 12 (1904),icon 50,http://www.biolib.de/sturm/flora12/high/IMG_0311.jpg,http://www.biolib.de/sturm/flora12/high/IMG_0311.html,"page type not probed (portrait pages are colour plates, landscape are text spreads, in the pages probed)"
Oenanthe phellandrium,Gemeiner Wasserfenchel,Band 12 (1904),icon 161,http://www.biolib.de/sturm/flora12/high/IMG_0427.jpg,http://www.biolib.de/sturm/flora12/high/IMG_0427.html,"page type not probed (portrait pages are colour plates, landscape are text spreads, in the pages probed)"
Orlaya grandiflora,Grossblumige Ackerklette,Band 12 (1904),icon 180,http://www.biolib.de/sturm/flora12/high/IMG_0446.jpg,http://www.biolib.de/sturm/flora12/high/IMG_0446.html,"page type not probed (portrait pages are colour plates, landscape are text spreads, in the pages probed)"
Ostericum palustre,Kantige Angelika,Band 12 (1904),icon 170,http://www.biolib.de/sturm/flora12/high/IMG_0436.jpg,http://www.biolib.de/sturm/flora12/high/IMG_0436.html,"page type not probed (portrait pages are colour plates, landscape are text spreads, in the pages probed)"
Pastinaca sativa,Echte Pastinake,Band 12 (1904),icon 174,http://www.biolib.de/sturm/flora12/high/IMG_0440.jpg,http://www.biolib.de/sturm/flora12/high/IMG_0440.html,"page type not probed (portrait pages are colour plates, landscape are text spreads, in the pages probed)"
Petroselinum sativum,Petersilie,Band 12 (1904),icon 22,http://www.biolib.de/sturm/flora12/high/IMG_0283.jpg,http://www.biolib.de/sturm/flora12/high/IMG_0283.html,"page type not probed (portrait pages are colour plates, landscape are text spreads, in the pages probed)"
Peucedanum cervaria,Echte Hirschwurz,Band 12 (1904),icon 173,http://www.biolib.de/sturm/flora12/high/IMG_0439.jpg,http://www.biolib.de/sturm/flora12/high/IMG_0439.html,"page type not probed (portrait pages are colour plates, landscape are text spreads, in the pages probed)"
Phyteuma nigrum,,Band 12 (1904),icon 202,http://www.biolib.de/sturm/flora12/high/IMG_0468.jpg,http://www.biolib.de/sturm/flora12/high/IMG_0468.html,composite: 2 Latin names indexed on this page; page type by screen image 706x1200: colour plate page (portrait); German names indexed on this page: Blauer Waldrapunzel; Weisser Waldrapunzel
Phyteuma orbiculare,Gemeine Teufelskrallen,Band 12 (1904),icon 139,http://www.biolib.de/sturm/flora12/high/IMG_0400.jpg,http://www.biolib.de/sturm/flora12/high/IMG_0400.html,page type by screen image 1657x1200: text spread (landscape)
Phyteuma spicatum,,Band 12 (1904),icon 202,http://www.biolib.de/sturm/flora12/high/IMG_0468.jpg,http://www.biolib.de/sturm/flora12/high/IMG_0468.html,composite: 2 Latin names indexed on this page; page type by screen image 706x1200: colour plate page (portrait); German names indexed on this page: Blauer Waldrapunzel; Weisser Waldrapunzel
Pimpinella magna,Grosser Bibernelle,Band 12 (1904),icon 157,http://www.biolib.de/sturm/flora12/high/IMG_0423.jpg,http://www.biolib.de/sturm/flora12/high/IMG_0423.html,"page type not probed (portrait pages are colour plates, landscape are text spreads, in the pages probed)"
Pimpinella saxifraga,Echte Bibernelle,Band 12 (1904),icon 28,http://www.biolib.de/sturm/flora12/high/IMG_0289.jpg,http://www.biolib.de/sturm/flora12/high/IMG_0289.html,"page type not probed (portrait pages are colour plates, landscape are text spreads, in the pages probed)"
Sambucus nigra,Echter Holunder,Band 12 (1904),icon 188,http://www.biolib.de/sturm/flora12/high/IMG_0454.jpg,http://www.biolib.de/sturm/flora12/high/IMG_0454.html,page type by screen image 753x1200: colour plate page (portrait)
Sanicula europaea,Echter Sanikel,Band 12 (1904),icon 148,http://www.biolib.de/sturm/flora12/high/IMG_0414.jpg,http://www.biolib.de/sturm/flora12/high/IMG_0414.html,"page type not probed (portrait pages are colour plates, landscape are text spreads, in the pages probed)"
Scandix pecten-veneris,Gemeiner Schnabelkerbel,Band 12 (1904),icon 39,http://www.biolib.de/sturm/flora12/high/IMG_0300.jpg,http://www.biolib.de/sturm/flora12/high/IMG_0300.html,"page type not probed (portrait pages are colour plates, landscape are text spreads, in the pages probed)"
Selinum carvifolia,Linnés Kümmelblatt,Band 12 (1904),icon 168,http://www.biolib.de/sturm/flora12/high/IMG_0434.jpg,http://www.biolib.de/sturm/flora12/high/IMG_0434.html,page type by screen image 753x1200: colour plate page (portrait)
Seseli annuum,Gemeines Sesel,Band 12 (1904),icon 163,http://www.biolib.de/sturm/flora12/high/IMG_0429.jpg,http://www.biolib.de/sturm/flora12/high/IMG_0429.html,page type by screen image 753x1200: colour plate page (portrait)
Seseli hippomarathrum,Rossfenchel,Band 12 (1904),icon 56,http://www.biolib.de/sturm/flora12/high/IMG_0317.jpg,http://www.biolib.de/sturm/flora12/high/IMG_0317.html,"page type not probed (portrait pages are colour plates, landscape are text spreads, in the pages probed)"
Silaus pratensis,Silau,Band 12 (1904),icon 166,http://www.biolib.de/sturm/flora12/high/IMG_0432.jpg,http://www.biolib.de/sturm/flora12/high/IMG_0432.html,"page type not probed (portrait pages are colour plates, landscape are text spreads, in the pages probed)"
Siler trilobum,Akeleiblättrige Hirschwurz,Band 12 (1904),icon 177,http://www.biolib.de/sturm/flora12/high/IMG_0443.jpg,http://www.biolib.de/sturm/flora12/high/IMG_0443.html,"page type not probed (portrait pages are colour plates, landscape are text spreads, in the pages probed)"
Sium angustifolium,Gemeine Berle,Band 12 (1904),icon 158,http://www.biolib.de/sturm/flora12/high/IMG_0424.jpg,http://www.biolib.de/sturm/flora12/high/IMG_0424.html,"page type not probed (portrait pages are colour plates, landscape are text spreads, in the pages probed)"
Sium latifolium,Merk,Band 12 (1904),icon 159,http://www.biolib.de/sturm/flora12/high/IMG_0425.jpg,http://www.biolib.de/sturm/flora12/high/IMG_0425.html,"page type not probed (portrait pages are colour plates, landscape are text spreads, in the pages probed)"
Specularia conferta,,Band 12 (1904),icon 137,http://www.biolib.de/sturm/flora12/high/IMG_0398.jpg,http://www.biolib.de/sturm/flora12/high/IMG_0398.html,composite: 2 Latin names indexed on this page; page type by screen image 1644x1200: text spread (landscape); German names indexed on this page: Echter Frauenspiegel; Falscher Frauenspiegel
Specularia speculum,,Band 12 (1904),icon 137,http://www.biolib.de/sturm/flora12/high/IMG_0398.jpg,http://www.biolib.de/sturm/flora12/high/IMG_0398.html,composite: 2 Latin names indexed on this page; page type by screen image 1644x1200: text spread (landscape); German names indexed on this page: Echter Frauenspiegel; Falscher Frauenspiegel
Thysselinum palustre,Oelsenich,Band 12 (1904),icon 66,http://www.biolib.de/sturm/flora12/high/IMG_0327.jpg,http://www.biolib.de/sturm/flora12/high/IMG_0327.html,"page type not probed (portrait pages are colour plates, landscape are text spreads, in the pages probed)"
Tordylium maximum,Falsches Zirmet,Band 12 (1904),icon 176,http://www.biolib.de/sturm/flora12/high/IMG_0442.jpg,http://www.biolib.de/sturm/flora12/high/IMG_0442.html,"page type not probed (portrait pages are colour plates, landscape are text spreads, in the pages probed)"
Trinia vulgaris,Gemeine Trinie,Band 12 (1904),icon 27,http://www.biolib.de/sturm/flora12/high/IMG_0288.jpg,http://www.biolib.de/sturm/flora12/high/IMG_0288.html,"page type not probed (portrait pages are colour plates, landscape are text spreads, in the pages probed)"
Valeriana dioeca,Sumpf-Baldrian,Band 12 (1904),icon 198,http://www.biolib.de/sturm/flora12/high/IMG_0464.jpg,http://www.biolib.de/sturm/flora12/high/IMG_0464.html,page type by screen image 753x1200: colour plate page (portrait)
Valeriana sambucifolia,Holunderblätriger Baldrian,Band 12 (1904),icon 197,http://www.biolib.de/sturm/flora12/high/IMG_0463.jpg,http://www.biolib.de/sturm/flora12/high/IMG_0463.html,"page type not probed (portrait pages are colour plates, landscape are text spreads, in the pages probed)"
Valeriana tripteris,Dreiblättriger Baldrian,Band 12 (1904),icon 199,http://www.biolib.de/sturm/flora12/high/IMG_0465.jpg,http://www.biolib.de/sturm/flora12/high/IMG_0465.html,"page type not probed (portrait pages are colour plates, landscape are text spreads, in the pages probed)"
Valerianella olitoria,Gemeines Rapünzchen,Band 12 (1904),icon 200,http://www.biolib.de/sturm/flora12/high/IMG_0466.jpg,http://www.biolib.de/sturm/flora12/high/IMG_0466.html,page type by screen image 753x1200: colour plate page (portrait)
Viburnum lantana,Rotschwelgen,Band 12 (1904),icon 88,http://www.biolib.de/sturm/flora12/high/IMG_0349.jpg,http://www.biolib.de/sturm/flora12/high/IMG_0349.html,page type by screen image 1605x1200: text spread (landscape)
Viburnum opulus,Wilder Schneeball,Band 12 (1904),icon 189,http://www.biolib.de/sturm/flora12/high/IMG_0455.jpg,http://www.biolib.de/sturm/flora12/high/IMG_0455.html,"page type not probed (portrait pages are colour plates, landscape are text spreads, in the pages probed)"
Wahlenbergia hederacea,Efeuglöckchen,Band 12 (1904),icon 208,http://www.biolib.de/sturm/flora12/high/IMG_0474.jpg,http://www.biolib.de/sturm/flora12/high/IMG_0474.html,page type by screen image 740x1200: colour plate page (portrait)
Achillea millefolium,Schafgarbe,Band 13 (1905),icon 153,http://www.biolib.de/sturm/flora13/high/IMG_0633.jpg,http://www.biolib.de/sturm/flora13/high/IMG_0633.html,"page type not probed (portrait pages are colour plates, landscape are text spreads, in the pages probed)"
Achillea nobilis,Edelgarbe,Band 13 (1905),icon 154,http://www.biolib.de/sturm/flora13/high/IMG_0634.jpg,http://www.biolib.de/sturm/flora13/high/IMG_0634.html,"page type not probed (portrait pages are colour plates, landscape are text spreads, in the pages probed)"
Achillea ptarmica,Deutscher weisser Dorant,Band 13 (1905),icon 152,http://www.biolib.de/sturm/flora13/high/IMG_0632.jpg,http://www.biolib.de/sturm/flora13/high/IMG_0632.html,"page type not probed (portrait pages are colour plates, landscape are text spreads, in the pages probed)"
Adenostyles albifrons,Grauer Alpendosten,Band 13 (1905),icon 119,http://www.biolib.de/sturm/flora13/high/IMG_0599.jpg,http://www.biolib.de/sturm/flora13/high/IMG_0599.html,page type by screen image 772x1200: colour plate page (portrait)
Arnica montana,Arnika,Band 13 (1905),icon 171,http://www.biolib.de/sturm/flora13/high/IMG_0651.jpg,http://www.biolib.de/sturm/flora13/high/IMG_0651.html,"page type not probed (portrait pages are colour plates, landscape are text spreads, in the pages probed)"
Artemisia abrotanum,Eberraute,Band 13 (1905),icon 94,http://www.biolib.de/sturm/flora13/high/IMG_0574.jpg,http://www.biolib.de/sturm/flora13/high/IMG_0574.html,"page type not probed (portrait pages are colour plates, landscape are text spreads, in the pages probed)"
Artemisia absinthium,Echter Wermut,Band 13 (1905),icon 145,http://www.biolib.de/sturm/flora13/high/IMG_0625.jpg,http://www.biolib.de/sturm/flora13/high/IMG_0625.html,"page type not probed (portrait pages are colour plates, landscape are text spreads, in the pages probed)"
Artemisia campestris,Feld-Beifuss,Band 13 (1905),icon 148,http://www.biolib.de/sturm/flora13/high/IMG_0628.jpg,http://www.biolib.de/sturm/flora13/high/IMG_0628.html,"page type not probed (portrait pages are colour plates, landscape are text spreads, in the pages probed)"
Artemisia dracunculus,Estragon,Band 13 (1905),icon 95,http://www.biolib.de/sturm/flora13/high/IMG_0575.jpg,http://www.biolib.de/sturm/flora13/high/IMG_0575.html,"page type not probed (portrait pages are colour plates, landscape are text spreads, in the pages probed)"
Artemisia laciniata,Sibirischer Beifuss,Band 13 (1905),icon 147,http://www.biolib.de/sturm/flora13/high/IMG_0627.jpg,http://www.biolib.de/sturm/flora13/high/IMG_0627.html,"page type not probed (portrait pages are colour plates, landscape are text spreads, in the pages probed)"
Artemisia maritima,Küstenbeifuss,Band 13 (1905),icon 150,http://www.biolib.de/sturm/flora13/high/IMG_0630.jpg,http://www.biolib.de/sturm/flora13/high/IMG_0630.html,"page type not probed (portrait pages are colour plates, landscape are text spreads, in the pages probed)"
Artemisia rupestris,Sibirischer Wermut,Band 13 (1905),icon 146,http://www.biolib.de/sturm/flora13/high/IMG_0626.jpg,http://www.biolib.de/sturm/flora13/high/IMG_0626.html,page type by screen image 772x1200: colour plate page (portrait)
Artemisia vulgaris,Echter Beifuss,Band 13 (1905),icon 149,http://www.biolib.de/sturm/flora13/high/IMG_0629.jpg,http://www.biolib.de/sturm/flora13/high/IMG_0629.html,"page type not probed (portrait pages are colour plates, landscape are text spreads, in the pages probed)"
Aster amellus,Berg-Aster,Band 13 (1905),icon 120,http://www.biolib.de/sturm/flora13/high/IMG_0600.jpg,http://www.biolib.de/sturm/flora13/high/IMG_0600.html,page type by screen image 772x1200: colour plate page (portrait)
Aster bellidastrum,Micheli-Massliebchen,Band 13 (1905),icon 122,http://www.biolib.de/sturm/flora13/high/IMG_0602.jpg,http://www.biolib.de/sturm/flora13/high/IMG_0602.html,"page type not probed (portrait pages are colour plates, landscape are text spreads, in the pages probed)"
Aster linosyris,Goldiges Leinkraut,Band 13 (1905),icon 32,http://www.biolib.de/sturm/flora13/high/IMG_0512.jpg,http://www.biolib.de/sturm/flora13/high/IMG_0512.html,page type by screen image 1200x846: text spread (landscape)
Aster tradescanti-salicifolius,Grossblumige Weiden-Aster,Band 13 (1905),icon 26,http://www.biolib.de/sturm/flora13/high/IMG_0506.jpg,http://www.biolib.de/sturm/flora13/high/IMG_0506.html,"page type not probed (portrait pages are colour plates, landscape are text spreads, in the pages probed)"
Aster tripolium,Salz-Aster,Band 13 (1905),icon 121,http://www.biolib.de/sturm/flora13/high/IMG_0601.jpg,http://www.biolib.de/sturm/flora13/high/IMG_0601.html,"page type not probed (portrait pages are colour plates, landscape are text spreads, in the pages probed)"
Bellis perennis,Gemeines Massliebchen,Band 13 (1905),icon 123,http://www.biolib.de/sturm/flora13/high/IMG_0603.jpg,http://www.biolib.de/sturm/flora13/high/IMG_0603.html,"page type not probed (portrait pages are colour plates, landscape are text spreads, in the pages probed)"
Bidens cernuus,Nickender Zweizahn,Band 13 (1905),icon 132,http://www.biolib.de/sturm/flora13/high/IMG_0612.jpg,http://www.biolib.de/sturm/flora13/high/IMG_0612.html,"page type not probed (portrait pages are colour plates, landscape are text spreads, in the pages probed)"
Bidens tripartitus,Dreiteiliger Zweizahn,Band 13 (1905),icon 131,http://www.biolib.de/sturm/flora13/high/IMG_0611.jpg,http://www.biolib.de/sturm/flora13/high/IMG_0611.html,"page type not probed (portrait pages are colour plates, landscape are text spreads, in the pages probed)"
Calendula officinalis,Echte Ringelblume,Band 13 (1905),icon 178,http://www.biolib.de/sturm/flora13/high/IMG_0658.jpg,http://www.biolib.de/sturm/flora13/high/IMG_0658.html,page type by screen image 772x1200: colour plate page (portrait)
Chamaemelum arvense,Kuh-Kamille,Band 13 (1905),icon 157,http://www.biolib.de/sturm/flora13/high/IMG_0637.jpg,http://www.biolib.de/sturm/flora13/high/IMG_0637.html,page type by screen image 772x1200: colour plate page (portrait)
Chamaemelum austriacum,Oesterreichische Kamille,Band 13 (1905),icon 156,http://www.biolib.de/sturm/flora13/high/IMG_0636.jpg,http://www.biolib.de/sturm/flora13/high/IMG_0636.html,page type by screen image 772x1200: colour plate page (portrait)
Chamaemelum balsamita,Frauenminze,Band 13 (1905),icon 106,http://www.biolib.de/sturm/flora13/high/IMG_0586.jpg,http://www.biolib.de/sturm/flora13/high/IMG_0586.html,"page type not probed (portrait pages are colour plates, landscape are text spreads, in the pages probed)"
Chamaemelum chamomilla,Echte Kamille,Band 13 (1905),icon 159,http://www.biolib.de/sturm/flora13/high/IMG_0639.jpg,http://www.biolib.de/sturm/flora13/high/IMG_0639.html,"page type not probed (portrait pages are colour plates, landscape are text spreads, in the pages probed)"
Chamaemelum coronarium,,Band 13 (1905),icon 163,http://www.biolib.de/sturm/flora13/high/IMG_0643.jpg,http://www.biolib.de/sturm/flora13/high/IMG_0643.html,composite: 2 Latin names indexed on this page; page type by screen image 772x1200: colour plate page (portrait); German names indexed on this page: Alte Wucherblume; Echtes Chrysanthemum
Chamaemelum corymbosum,Wald-Kamille,Band 13 (1905),icon 162,http://www.biolib.de/sturm/flora13/high/IMG_0642.jpg,http://www.biolib.de/sturm/flora13/high/IMG_0642.html,"page type not probed (portrait pages are colour plates, landscape are text spreads, in the pages probed)"
Chamaemelum inodorum,Falsche Kamille,Band 13 (1905),icon 160,http://www.biolib.de/sturm/flora13/high/IMG_0640.jpg,http://www.biolib.de/sturm/flora13/high/IMG_0640.html,"page type not probed (portrait pages are colour plates, landscape are text spreads, in the pages probed)"
Chamaemelum leucanthemum,Grosse Margrete,Band 13 (1905),icon 164,http://www.biolib.de/sturm/flora13/high/IMG_0644.jpg,http://www.biolib.de/sturm/flora13/high/IMG_0644.html,"page type not probed (portrait pages are colour plates, landscape are text spreads, in the pages probed)"
Chamaemelum nobile,Römische Kamille,Band 13 (1905),icon 158,http://www.biolib.de/sturm/flora13/high/IMG_0638.jpg,http://www.biolib.de/sturm/flora13/high/IMG_0638.html,"page type not probed (portrait pages are colour plates, landscape are text spreads, in the pages probed)"
Chamaemelum parthenium,Mutterkraut,Band 13 (1905),icon 104,http://www.biolib.de/sturm/flora13/high/IMG_0584.jpg,http://www.biolib.de/sturm/flora13/high/IMG_0584.html,"page type not probed (portrait pages are colour plates, landscape are text spreads, in the pages probed)"
Chamaemelum segetum,,Band 13 (1905),icon 163,http://www.biolib.de/sturm/flora13/high/IMG_0643.jpg,http://www.biolib.de/sturm/flora13/high/IMG_0643.html,composite: 2 Latin names indexed on this page; page type by screen image 772x1200: colour plate page (portrait); German names indexed on this page: Alte Wucherblume; Echtes Chrysanthemum
Chamaemelum suaveolens,Grüne Kamille,Band 13 (1905),icon 103,http://www.biolib.de/sturm/flora13/high/IMG_0583.jpg,http://www.biolib.de/sturm/flora13/high/IMG_0583.html,"page type not probed (portrait pages are colour plates, landscape are text spreads, in the pages probed)"
Chamaemelum tanacetum,Echter Rainfarn,Band 13 (1905),icon 161,http://www.biolib.de/sturm/flora13/high/IMG_0641.jpg,http://www.biolib.de/sturm/flora13/high/IMG_0641.html,"page type not probed (portrait pages are colour plates, landscape are text spreads, in the pages probed)"
Chamaemelum tinctorium,Färber-Kamille,Band 13 (1905),icon 155,http://www.biolib.de/sturm/flora13/high/IMG_0635.jpg,http://www.biolib.de/sturm/flora13/high/IMG_0635.html,"page type not probed (portrait pages are colour plates, landscape are text spreads, in the pages probed)"
Cotula coronopifolia,Krähenfussblättrige Laugenblume,Band 13 (1905),icon 151,http://www.biolib.de/sturm/flora13/high/IMG_0631.jpg,http://www.biolib.de/sturm/flora13/high/IMG_0631.html,page type by screen image 772x1200: colour plate page (portrait)
Dipsacus pilosus,,Band 13 (1905),icon 115,http://www.biolib.de/sturm/flora13/high/IMG_0595.jpg,http://www.biolib.de/sturm/flora13/high/IMG_0595.html,"composite: 2 Latin names indexed on this page; page type not probed (portrait pages are colour plates, landscape are text spreads, in the pages probed); German names indexed on this page: Hirtenstab; Wilde Karde"
Dipsacus sylvestris,,Band 13 (1905),icon 115,http://www.biolib.de/sturm/flora13/high/IMG_0595.jpg,http://www.biolib.de/sturm/flora13/high/IMG_0595.html,"composite: 2 Latin names indexed on this page; page type not probed (portrait pages are colour plates, landscape are text spreads, in the pages probed); German names indexed on this page: Hirtenstab; Wilde Karde"
Doronicum austriacum,Oesterreichische Gemswurz,Band 13 (1905),icon 49,http://www.biolib.de/sturm/flora13/high/IMG_0529.jpg,http://www.biolib.de/sturm/flora13/high/IMG_0529.html,page type by screen image 1200x846: text spread (landscape)
Doronicum pardalianches,Echte Gemswurz,Band 13 (1905),icon 170,http://www.biolib.de/sturm/flora13/high/IMG_0650.jpg,http://www.biolib.de/sturm/flora13/high/IMG_0650.html,"page type not probed (portrait pages are colour plates, landscape are text spreads, in the pages probed)"
Erigeron acris,,Band 13 (1905),icon 124,http://www.biolib.de/sturm/flora13/high/IMG_0604.jpg,http://www.biolib.de/sturm/flora13/high/IMG_0604.html,composite: 2 Latin names indexed on this page; page type by screen image 772x1200: colour plate page (portrait); German names indexed on this page: Echtes Franzosenkraut; Gemeines Berufkraut
Erigeron annuus,Massliebchenblumige Aster,Band 13 (1905),icon 29,http://www.biolib.de/sturm/flora13/high/IMG_0509.jpg,http://www.biolib.de/sturm/flora13/high/IMG_0509.html,"page type not probed (portrait pages are colour plates, landscape are text spreads, in the pages probed)"
Erigeron canadensis,,Band 13 (1905),icon 124,http://www.biolib.de/sturm/flora13/high/IMG_0604.jpg,http://www.biolib.de/sturm/flora13/high/IMG_0604.html,composite: 2 Latin names indexed on this page; page type by screen image 772x1200: colour plate page (portrait); German names indexed on this page: Echtes Franzosenkraut; Gemeines Berufkraut
Eupatorium cannabinum,Wasserdosten,Band 13 (1905),icon 118,http://www.biolib.de/sturm/flora13/high/IMG_0598.jpg,http://www.biolib.de/sturm/flora13/high/IMG_0598.html,"page type not probed (portrait pages are colour plates, landscape are text spreads, in the pages probed)"
Filago arvensis,Acker-Ruhrkraut,Band 13 (1905),icon 135,http://www.biolib.de/sturm/flora13/high/IMG_0615.jpg,http://www.biolib.de/sturm/flora13/high/IMG_0615.html,page type by screen image 782x1200: colour plate page (portrait)
Filago gallica,,Band 13 (1905),icon 68,http://www.biolib.de/sturm/flora13/high/IMG_0548.jpg,http://www.biolib.de/sturm/flora13/high/IMG_0548.html,"composite: 2 Latin names indexed on this page; page type not probed (portrait pages are colour plates, landscape are text spreads, in the pages probed); German names indexed on this page: Edelweiss; Französisches Ruhrkraut"
Filago germanica,Deutsches Ruhrkraut,Band 13 (1905),icon 134,http://www.biolib.de/sturm/flora13/high/IMG_0614.jpg,http://www.biolib.de/sturm/flora13/high/IMG_0614.html,"page type not probed (portrait pages are colour plates, landscape are text spreads, in the pages probed)"
Filago minima,Fadenkraut,Band 13 (1905),icon 136,http://www.biolib.de/sturm/flora13/high/IMG_0616.jpg,http://www.biolib.de/sturm/flora13/high/IMG_0616.html,page type by screen image 772x1200: colour plate page (portrait)
Galinsoga parviflora,Gewöhnliche Galinsoga,Band 13 (1905),icon 130,http://www.biolib.de/sturm/flora13/high/IMG_0610.jpg,http://www.biolib.de/sturm/flora13/high/IMG_0610.html,page type by screen image 763x1200: colour plate page (portrait)
Gnaphalium arenarium,Sand-Immortelle,Band 13 (1905),icon 144,http://www.biolib.de/sturm/flora13/high/IMG_0624.jpg,http://www.biolib.de/sturm/flora13/high/IMG_0624.html,"page type not probed (portrait pages are colour plates, landscape are text spreads, in the pages probed)"
Gnaphalium dioecum,Gemeines Katzenpfötchen,Band 13 (1905),icon 142,http://www.biolib.de/sturm/flora13/high/IMG_0622.jpg,http://www.biolib.de/sturm/flora13/high/IMG_0622.html,"page type not probed (portrait pages are colour plates, landscape are text spreads, in the pages probed)"
Gnaphalium leontopodium,,Band 13 (1905),icon 68,http://www.biolib.de/sturm/flora13/high/IMG_0548.jpg,http://www.biolib.de/sturm/flora13/high/IMG_0548.html,"composite: 2 Latin names indexed on this page; page type not probed (portrait pages are colour plates, landscape are text spreads, in the pages probed); German names indexed on this page: Edelweiss; Französisches Ruhrkraut"
Gnaphalium luteolum,Gelbliches Ruhrkraut,Band 13 (1905),icon 141,http://www.biolib.de/sturm/flora13/high/IMG_0621.jpg,http://www.biolib.de/sturm/flora13/high/IMG_0621.html,"page type not probed (portrait pages are colour plates, landscape are text spreads, in the pages probed)"
Gnaphalium margaritaceum,Perlblume,Band 13 (1905),icon 143,http://www.biolib.de/sturm/flora13/high/IMG_0623.jpg,http://www.biolib.de/sturm/flora13/high/IMG_0623.html,"page type not probed (portrait pages are colour plates, landscape are text spreads, in the pages probed)"
Gnaphalium norvegicum,Norwegisches Ruhrkraut,Band 13 (1905),icon 138,http://www.biolib.de/sturm/flora13/high/IMG_0618.jpg,http://www.biolib.de/sturm/flora13/high/IMG_0618.html,"page type not probed (portrait pages are colour plates, landscape are text spreads, in the pages probed)"
Gnaphalium supinum,Zwerg-Ruhrkraut,Band 13 (1905),icon 139,http://www.biolib.de/sturm/flora13/high/IMG_0619.jpg,http://www.biolib.de/sturm/flora13/high/IMG_0619.html,"page type not probed (portrait pages are colour plates, landscape are text spreads, in the pages probed)"
Gnaphalium sylvaticum,Wald-Ruhrkraut,Band 13 (1905),icon 137,http://www.biolib.de/sturm/flora13/high/IMG_0617.jpg,http://www.biolib.de/sturm/flora13/high/IMG_0617.html,"page type not probed (portrait pages are colour plates, landscape are text spreads, in the pages probed)"
Gnaphalium uliginosum,Sumpf-Ruhrkraut,Band 13 (1905),icon 140,http://www.biolib.de/sturm/flora13/high/IMG_0620.jpg,http://www.biolib.de/sturm/flora13/high/IMG_0620.html,"page type not probed (portrait pages are colour plates, landscape are text spreads, in the pages probed)"
Homogyne alpina,Grüner Alpenlattich,Band 13 (1905),icon 165,http://www.biolib.de/sturm/flora13/high/IMG_0645.jpg,http://www.biolib.de/sturm/flora13/high/IMG_0645.html,"page type not probed (portrait pages are colour plates, landscape are text spreads, in the pages probed)"
Inula britannica,Falsche Ruhr-Dürrwurz,Band 13 (1905),icon 58,http://www.biolib.de/sturm/flora13/high/IMG_0538.jpg,http://www.biolib.de/sturm/flora13/high/IMG_0538.html,"page type not probed (portrait pages are colour plates, landscape are text spreads, in the pages probed)"
Inula buphthalmum,Eselskraut,Band 13 (1905),icon 126,http://www.biolib.de/sturm/flora13/high/IMG_0606.jpg,http://www.biolib.de/sturm/flora13/high/IMG_0606.html,"page type not probed (portrait pages are colour plates, landscape are text spreads, in the pages probed)"
Inula conyza,Grosse Dürrwurz,Band 13 (1905),icon 61,http://www.biolib.de/sturm/flora13/high/IMG_0541.jpg,http://www.biolib.de/sturm/flora13/high/IMG_0541.html,"page type not probed (portrait pages are colour plates, landscape are text spreads, in the pages probed)"
Inula germanica,Deutscher Alant,Band 13 (1905),icon 60,http://www.biolib.de/sturm/flora13/high/IMG_0540.jpg,http://www.biolib.de/sturm/flora13/high/IMG_0540.html,"page type not probed (portrait pages are colour plates, landscape are text spreads, in the pages probed)"
Inula germanica x salicina,Bastard-Alant,Band 13 (1905),icon 133,http://www.biolib.de/sturm/flora13/high/IMG_0613.jpg,http://www.biolib.de/sturm/flora13/high/IMG_0613.html,"page type not probed (portrait pages are colour plates, landscape are text spreads, in the pages probed)"
Inula helenium,Echter Alant,Band 13 (1905),icon 127,http://www.biolib.de/sturm/flora13/high/IMG_0607.jpg,http://www.biolib.de/sturm/flora13/high/IMG_0607.html,page type by screen image 772x1200: colour plate page (portrait)
Inula hirta,Rauher Alant,Band 13 (1905),icon 129,http://www.biolib.de/sturm/flora13/high/IMG_0609.jpg,http://www.biolib.de/sturm/flora13/high/IMG_0609.html,"page type not probed (portrait pages are colour plates, landscape are text spreads, in the pages probed)"
Inula pulicaria,Kleine Dürrwurz,Band 13 (1905),icon 62,http://www.biolib.de/sturm/flora13/high/IMG_0542.jpg,http://www.biolib.de/sturm/flora13/high/IMG_0542.html,"page type not probed (portrait pages are colour plates, landscape are text spreads, in the pages probed)"
Inula salicina,Weidenblättriger Alant,Band 13 (1905),icon 59,http://www.biolib.de/sturm/flora13/high/IMG_0539.jpg,http://www.biolib.de/sturm/flora13/high/IMG_0539.html,"page type not probed (portrait pages are colour plates, landscape are text spreads, in the pages probed)"
Knautia arvensis,Acker-Skabiose,Band 13 (1905),icon 116,http://www.biolib.de/sturm/flora13/high/IMG_0596.jpg,http://www.biolib.de/sturm/flora13/high/IMG_0596.html,"page type not probed (portrait pages are colour plates, landscape are text spreads, in the pages probed)"
Micropus erectus,Acker-Edelweiss,Band 13 (1905),icon 72,http://www.biolib.de/sturm/flora13/high/IMG_0552.jpg,http://www.biolib.de/sturm/flora13/high/IMG_0552.html,"page type not probed (portrait pages are colour plates, landscape are text spreads, in the pages probed)"
Petasites albus,Weisse Pestwurz,Band 13 (1905),icon 169,http://www.biolib.de/sturm/flora13/high/IMG_0649.jpg,http://www.biolib.de/sturm/flora13/high/IMG_0649.html,page type by screen image 772x1200: colour plate page (portrait)
Petasites officinalis,Echte Pestwurz,Band 13 (1905),icon 167,http://www.biolib.de/sturm/flora13/high/IMG_0647.jpg,http://www.biolib.de/sturm/flora13/high/IMG_0647.html,"page type not probed (portrait pages are colour plates, landscape are text spreads, in the pages probed)"
Petasites tomentosus,Filzige Pestwurz,Band 13 (1905),icon 168,http://www.biolib.de/sturm/flora13/high/IMG_0648.jpg,http://www.biolib.de/sturm/flora13/high/IMG_0648.html,page type by screen image 772x1200: colour plate page (portrait)
Rudbeckia laciniata,Schlitzblättrige Rudbeckie,Band 13 (1905),icon 84,http://www.biolib.de/sturm/flora13/high/IMG_0564.jpg,http://www.biolib.de/sturm/flora13/high/IMG_0564.html,page type by screen image 1200x846: text spread (landscape)
Scabiosa columbaria,Gemeine Skabiose,Band 13 (1905),icon 117,http://www.biolib.de/sturm/flora13/high/IMG_0597.jpg,http://www.biolib.de/sturm/flora13/high/IMG_0597.html,page type by screen image 772x1200: colour plate page (portrait)
Senecio aquaticus,Wiesen-Jakobskraut,Band 13 (1905),icon 176,http://www.biolib.de/sturm/flora13/high/IMG_0656.jpg,http://www.biolib.de/sturm/flora13/high/IMG_0656.html,"page type not probed (portrait pages are colour plates, landscape are text spreads, in the pages probed)"
Senecio barbaraeifolius,Barbaraeenblättriges Jakobskraut,Band 13 (1905),icon 41,http://www.biolib.de/sturm/flora13/high/IMG_0521.jpg,http://www.biolib.de/sturm/flora13/high/IMG_0521.html,page type by screen image 1200x846: text spread (landscape)
Senecio campestris,,Band 13 (1905),icon 45,http://www.biolib.de/sturm/flora13/high/IMG_0525.jpg,http://www.biolib.de/sturm/flora13/high/IMG_0525.html,"composite: 2 Latin names indexed on this page; page type not probed (portrait pages are colour plates, landscape are text spreads, in the pages probed); German names indexed on this page: Feld-Cinerarie; Spatelblättrige Cinerarie"
Senecio erucifolius,Raukenblättriges Jakobskraut,Band 13 (1905),icon 40,http://www.biolib.de/sturm/flora13/high/IMG_0520.jpg,http://www.biolib.de/sturm/flora13/high/IMG_0520.html,page type by screen image 1200x846: text spread (landscape)
Senecio fluviatilis,Reichenbachs Heidnisch-Wundkraut,Band 13 (1905),icon 38,http://www.biolib.de/sturm/flora13/high/IMG_0518.jpg,http://www.biolib.de/sturm/flora13/high/IMG_0518.html,"page type not probed (portrait pages are colour plates, landscape are text spreads, in the pages probed)"
Senecio fuchsii,Fuchsens Heidnisch-Wundkraut,Band 13 (1905),icon 177,http://www.biolib.de/sturm/flora13/high/IMG_0657.jpg,http://www.biolib.de/sturm/flora13/high/IMG_0657.html,"page type not probed (portrait pages are colour plates, landscape are text spreads, in the pages probed)"
Senecio jacobaea,Gemeines Jakobskraut,Band 13 (1905),icon 175,http://www.biolib.de/sturm/flora13/high/IMG_0655.jpg,http://www.biolib.de/sturm/flora13/high/IMG_0655.html,"page type not probed (portrait pages are colour plates, landscape are text spreads, in the pages probed)"
Senecio jacquinianus,Jacquins Heidnisch-Wundkraut,Band 13 (1905),icon 37,http://www.biolib.de/sturm/flora13/high/IMG_0517.jpg,http://www.biolib.de/sturm/flora13/high/IMG_0517.html,page type by screen image 1200x846: text spread (landscape)
Senecio paludosus,Wasser-Wundkraut,Band 13 (1905),icon 36,http://www.biolib.de/sturm/flora13/high/IMG_0516.jpg,http://www.biolib.de/sturm/flora13/high/IMG_0516.html,"page type not probed (portrait pages are colour plates, landscape are text spreads, in the pages probed)"
Senecio palustris,Sumpf-Cinerarie,Band 13 (1905),icon 46,http://www.biolib.de/sturm/flora13/high/IMG_0526.jpg,http://www.biolib.de/sturm/flora13/high/IMG_0526.html,"page type not probed (portrait pages are colour plates, landscape are text spreads, in the pages probed)"
Senecio spathulifolius,,Band 13 (1905),icon 45,http://www.biolib.de/sturm/flora13/high/IMG_0525.jpg,http://www.biolib.de/sturm/flora13/high/IMG_0525.html,"composite: 2 Latin names indexed on this page; page type not probed (portrait pages are colour plates, landscape are text spreads, in the pages probed); German names indexed on this page: Feld-Cinerarie; Spatelblättrige Cinerarie"
Senecio vernalis,Neue Wucherblume,Band 13 (1905),icon 174,http://www.biolib.de/sturm/flora13/high/IMG_0654.jpg,http://www.biolib.de/sturm/flora13/high/IMG_0654.html,"page type not probed (portrait pages are colour plates, landscape are text spreads, in the pages probed)"
Senecio viscosus,,Band 13 (1905),icon 173,http://www.biolib.de/sturm/flora13/high/IMG_0653.jpg,http://www.biolib.de/sturm/flora13/high/IMG_0653.html,"composite: 2 Latin names indexed on this page; page type not probed (portrait pages are colour plates, landscape are text spreads, in the pages probed); German names indexed on this page: Klebriges Kreuzkraut; Wald-Kreuzkraut"
Senecio vulgaris,Gemeines Kreuzkraut,Band 13 (1905),icon 172,http://www.biolib.de/sturm/flora13/high/IMG_0652.jpg,http://www.biolib.de/sturm/flora13/high/IMG_0652.html,"page type not probed (portrait pages are colour plates, landscape are text spreads, in the pages probed)"
Senocio sylvaticus,,Band 13 (1905),icon 173,http://www.biolib.de/sturm/flora13/high/IMG_0653.jpg,http://www.biolib.de/sturm/flora13/high/IMG_0653.html,"composite: 2 Latin names indexed on this page; page type not probed (portrait pages are colour plates, landscape are text spreads, in the pages probed); German names indexed on this page: Klebriges Kreuzkraut; Wald-Kreuzkraut"
Solidago virgaurea,Europäische Goldrute,Band 13 (1905),icon 125,http://www.biolib.de/sturm/flora13/high/IMG_0605.jpg,http://www.biolib.de/sturm/flora13/high/IMG_0605.html,page type by screen image 772x1200: colour plate page (portrait)
Tussilago generalis,Huflattich,Band 13 (1905),icon 166,http://www.biolib.de/sturm/flora13/high/IMG_0646.jpg,http://www.biolib.de/sturm/flora13/high/IMG_0646.html,page type by screen image 772x1200: colour plate page (portrait)
Xanthium strumarium,Gemeine Spitzklette,Band 13 (1905),icon 78,http://www.biolib.de/sturm/flora13/high/IMG_0558.jpg,http://www.biolib.de/sturm/flora13/high/IMG_0558.html,page type by screen image 1200x846: text spread (landscape)
Aposeris foetida,Uebelriechender Löwenzahn,Band 14 (1906),icon 91,http://www.biolib.de/sturm/flora14/high/IMG_1292.jpg,http://www.biolib.de/sturm/flora14/high/IMG_1292.html,page type by screen image 1200x873: text spread (landscape)
Arctium majus,,Band 14 (1906),icon 113,http://www.biolib.de/sturm/flora14/high/IMG_1314.jpg,http://www.biolib.de/sturm/flora14/high/IMG_1314.html,composite: 2 Latin names indexed on this page; page type by screen image 772x1200: colour plate page (portrait); German names indexed on this page: Grosse Klette; Wald-Klette
Arctium minus,,Band 14 (1906),icon 114,http://www.biolib.de/sturm/flora14/high/IMG_1315.jpg,http://www.biolib.de/sturm/flora14/high/IMG_1315.html,"composite: 2 Latin names indexed on this page; page type not probed (portrait pages are colour plates, landscape are text spreads, in the pages probed); German names indexed on this page: Graue Klette; Kleine Klette"
Arctium nemorosum,,Band 14 (1906),icon 113,http://www.biolib.de/sturm/flora14/high/IMG_1314.jpg,http://www.biolib.de/sturm/flora14/high/IMG_1314.html,composite: 2 Latin names indexed on this page; page type by screen image 772x1200: colour plate page (portrait); German names indexed on this page: Grosse Klette; Wald-Klette
Arctium tomentosum,,Band 14 (1906),icon 114,http://www.biolib.de/sturm/flora14/high/IMG_1315.jpg,http://www.biolib.de/sturm/flora14/high/IMG_1315.html,"composite: 2 Latin names indexed on this page; page type not probed (portrait pages are colour plates, landscape are text spreads, in the pages probed); German names indexed on this page: Graue Klette; Kleine Klette"
Arnoseris pusilla,Lämmersalat,Band 14 (1906),icon 92,http://www.biolib.de/sturm/flora14/high/IMG_1293.jpg,http://www.biolib.de/sturm/flora14/high/IMG_1293.html,"page type not probed (portrait pages are colour plates, landscape are text spreads, in the pages probed)"
Carduus acanthoides,Akanthusblättrige Distel,Band 14 (1906),icon 107,http://www.biolib.de/sturm/flora14/high/IMG_1308.jpg,http://www.biolib.de/sturm/flora14/high/IMG_1308.html,"page type not probed (portrait pages are colour plates, landscape are text spreads, in the pages probed)"
Carduus acaulis,Zwerg-Distel,Band 14 (1906),icon 31,http://www.biolib.de/sturm/flora14/high/IMG_1232.jpg,http://www.biolib.de/sturm/flora14/high/IMG_1232.html,"page type not probed (portrait pages are colour plates, landscape are text spreads, in the pages probed)"
Carduus anglicus,,Band 14 (1906),icon 104,http://www.biolib.de/sturm/flora14/high/IMG_1305.jpg,http://www.biolib.de/sturm/flora14/high/IMG_1305.html,"composite: 2 Latin names indexed on this page; page type not probed (portrait pages are colour plates, landscape are text spreads, in the pages probed); German names indexed on this page: Englische Distel; Knollen-Distel"
Carduus arvensis,Acker-Distel,Band 14 (1906),icon 106,http://www.biolib.de/sturm/flora14/high/IMG_1307.jpg,http://www.biolib.de/sturm/flora14/high/IMG_1307.html,"page type not probed (portrait pages are colour plates, landscape are text spreads, in the pages probed)"
Carduus crispus,Krause Distel,Band 14 (1906),icon 108,http://www.biolib.de/sturm/flora14/high/IMG_1309.jpg,http://www.biolib.de/sturm/flora14/high/IMG_1309.html,"page type not probed (portrait pages are colour plates, landscape are text spreads, in the pages probed)"
Carduus defloratus,Langstielige Distel,Band 14 (1906),icon 110,http://www.biolib.de/sturm/flora14/high/IMG_1311.jpg,http://www.biolib.de/sturm/flora14/high/IMG_1311.html,page type by screen image 772x1200: colour plate page (portrait)
Carduus eriophorus,Wollköpfige Kratzdistel,Band 14 (1906),icon 100,http://www.biolib.de/sturm/flora14/high/IMG_1301.jpg,http://www.biolib.de/sturm/flora14/high/IMG_1301.html,page type by screen image 772x1200: colour plate page (portrait)
Carduus heterophyllus,Verschiedenblättrige Distel,Band 14 (1906),icon 102,http://www.biolib.de/sturm/flora14/high/IMG_1303.jpg,http://www.biolib.de/sturm/flora14/high/IMG_1303.html,page type by screen image 772x1200: colour plate page (portrait)
Carduus lanceolatus,Gemeine Kratzdistel,Band 14 (1906),icon 99,http://www.biolib.de/sturm/flora14/high/IMG_1300.jpg,http://www.biolib.de/sturm/flora14/high/IMG_1300.html,"page type not probed (portrait pages are colour plates, landscape are text spreads, in the pages probed)"
Carduus nutans,Bisam-Distel,Band 14 (1906),icon 111,http://www.biolib.de/sturm/flora14/high/IMG_1312.jpg,http://www.biolib.de/sturm/flora14/high/IMG_1312.html,"page type not probed (portrait pages are colour plates, landscape are text spreads, in the pages probed)"
Carduus oleraceus,Kohl-Distel,Band 14 (1906),icon 105,http://www.biolib.de/sturm/flora14/high/IMG_1306.jpg,http://www.biolib.de/sturm/flora14/high/IMG_1306.html,page type by screen image 772x1200: colour plate page (portrait)
Carduus palustris,Moor-Distel,Band 14 (1906),icon 101,http://www.biolib.de/sturm/flora14/high/IMG_1302.jpg,http://www.biolib.de/sturm/flora14/high/IMG_1302.html,"page type not probed (portrait pages are colour plates, landscape are text spreads, in the pages probed)"
Carduus personata,Klettenähnliche Distel,Band 14 (1906),icon 109,http://www.biolib.de/sturm/flora14/high/IMG_1310.jpg,http://www.biolib.de/sturm/flora14/high/IMG_1310.html,"page type not probed (portrait pages are colour plates, landscape are text spreads, in the pages probed)"
Carduus rivularis,Dreiblumige Distel,Band 14 (1906),icon 103,http://www.biolib.de/sturm/flora14/high/IMG_1304.jpg,http://www.biolib.de/sturm/flora14/high/IMG_1304.html,page type by screen image 772x1200: colour plate page (portrait)
Carduus tuberosus,,Band 14 (1906),icon 104,http://www.biolib.de/sturm/flora14/high/IMG_1305.jpg,http://www.biolib.de/sturm/flora14/high/IMG_1305.html,"composite: 2 Latin names indexed on this page; page type not probed (portrait pages are colour plates, landscape are text spreads, in the pages probed); German names indexed on this page: Englische Distel; Knollen-Distel"
Carlina chamaeleon,Niedrige Wetterdistel,Band 14 (1906),icon 115,http://www.biolib.de/sturm/flora14/high/IMG_1316.jpg,http://www.biolib.de/sturm/flora14/high/IMG_1316.html,page type by screen image 772x1200: colour plate page (portrait)
Carlina vulgaris,Gemeine Wetterdistel,Band 14 (1906),icon 116,http://www.biolib.de/sturm/flora14/high/IMG_1317.jpg,http://www.biolib.de/sturm/flora14/high/IMG_1317.html,"page type not probed (portrait pages are colour plates, landscape are text spreads, in the pages probed)"
Carthamus tinctorius,Echter Saflor,Band 14 (1906),icon 119,http://www.biolib.de/sturm/flora14/high/IMG_1320.jpg,http://www.biolib.de/sturm/flora14/high/IMG_1320.html,"page type not probed (portrait pages are colour plates, landscape are text spreads, in the pages probed)"
Centaurea cyanus,Kornblume,Band 14 (1906),icon 124,http://www.biolib.de/sturm/flora14/high/IMG_1325.jpg,http://www.biolib.de/sturm/flora14/high/IMG_1325.html,"page type not probed (portrait pages are colour plates, landscape are text spreads, in the pages probed)"
Centaurea jacea,Gemeine Flockenblume,Band 14 (1906),icon 120,http://www.biolib.de/sturm/flora14/high/IMG_1321.jpg,http://www.biolib.de/sturm/flora14/high/IMG_1321.html,page type by screen image 772x1200: colour plate page (portrait)
Centaurea montana,Gemeine Bergcyane,Band 14 (1906),icon 123,http://www.biolib.de/sturm/flora14/high/IMG_1324.jpg,http://www.biolib.de/sturm/flora14/high/IMG_1324.html,page type by screen image 772x1200: colour plate page (portrait)
Centaurea nigra,Schwarze Flockenblume,Band 14 (1906),icon 122,http://www.biolib.de/sturm/flora14/high/IMG_1323.jpg,http://www.biolib.de/sturm/flora14/high/IMG_1323.html,"page type not probed (portrait pages are colour plates, landscape are text spreads, in the pages probed)"
Centaurea pseudophrygia,Perücken-Flockenblume,Band 14 (1906),icon 121,http://www.biolib.de/sturm/flora14/high/IMG_1322.jpg,http://www.biolib.de/sturm/flora14/high/IMG_1322.html,"page type not probed (portrait pages are colour plates, landscape are text spreads, in the pages probed)"
Centaurea scabiosa,Skabiosenähnliche Flockenblume,Band 14 (1906),icon 125,http://www.biolib.de/sturm/flora14/high/IMG_1326.jpg,http://www.biolib.de/sturm/flora14/high/IMG_1326.html,"page type not probed (portrait pages are colour plates, landscape are text spreads, in the pages probed)"
Chondrilla juncea,Gemeine Chondrille,Band 14 (1906),icon 138,http://www.biolib.de/sturm/flora14/high/IMG_1339.jpg,http://www.biolib.de/sturm/flora14/high/IMG_1339.html,page type by screen image 772x1200: colour plate page (portrait)
Cichorium dubium endivia,Endivie,Band 14 (1906),icon 127,http://www.biolib.de/sturm/flora14/high/IMG_1328.jpg,http://www.biolib.de/sturm/flora14/high/IMG_1328.html,page type by screen image 772x1200: colour plate page (portrait)
Cichorium intybus,Echte Zichorie,Band 14 (1906),icon 126,http://www.biolib.de/sturm/flora14/high/IMG_1327.jpg,http://www.biolib.de/sturm/flora14/high/IMG_1327.html,"page type not probed (portrait pages are colour plates, landscape are text spreads, in the pages probed)"
Crepis biennis,Grosse Grundfeste,Band 14 (1906),icon 150,http://www.biolib.de/sturm/flora14/high/IMG_1351.jpg,http://www.biolib.de/sturm/flora14/high/IMG_1351.html,page type by screen image 772x1200: colour plate page (portrait)
Crepis foetida,,Band 14 (1906),icon 148,http://www.biolib.de/sturm/flora14/high/IMG_1349.jpg,http://www.biolib.de/sturm/flora14/high/IMG_1349.html,composite: 2 Latin names indexed on this page; page type by screen image 772x1200: colour plate page (portrait); German names indexed on this page: Borstige Grundfeste; Stinkender Pippau
Crepis paludosa,Sumpf-Pippau,Band 14 (1906),icon 151,http://www.biolib.de/sturm/flora14/high/IMG_1352.jpg,http://www.biolib.de/sturm/flora14/high/IMG_1352.html,page type by screen image 772x1200: colour plate page (portrait)
Crepis praemorsa,Mauseohr-Pippau,Band 14 (1906),icon 149,http://www.biolib.de/sturm/flora14/high/IMG_1350.jpg,http://www.biolib.de/sturm/flora14/high/IMG_1350.html,"page type not probed (portrait pages are colour plates, landscape are text spreads, in the pages probed)"
Crepis setosa,,Band 14 (1906),icon 148,http://www.biolib.de/sturm/flora14/high/IMG_1349.jpg,http://www.biolib.de/sturm/flora14/high/IMG_1349.html,composite: 2 Latin names indexed on this page; page type by screen image 772x1200: colour plate page (portrait); German names indexed on this page: Borstige Grundfeste; Stinkender Pippau
Crepis succisifolia,Teufelsabbissblättriger Pippau,Band 14 (1906),icon 59,http://www.biolib.de/sturm/flora14/high/IMG_1260.jpg,http://www.biolib.de/sturm/flora14/high/IMG_1260.html,page type by screen image 1200x873: text spread (landscape)
Echinops sphaerocephalus,Honigdistel,Band 14 (1906),icon 8,http://www.biolib.de/sturm/flora14/high/IMG_1209.jpg,http://www.biolib.de/sturm/flora14/high/IMG_1209.html,"page type not probed (portrait pages are colour plates, landscape are text spreads, in the pages probed)"
Hieracium aurantiacum,Spanisches Mauseohr,Band 14 (1906),icon 156,http://www.biolib.de/sturm/flora14/high/IMG_1357.jpg,http://www.biolib.de/sturm/flora14/high/IMG_1357.html,"page type not probed (portrait pages are colour plates, landscape are text spreads, in the pages probed)"
Hieracium auricula,Echtes Mauseohr,Band 14 (1906),icon 153,http://www.biolib.de/sturm/flora14/high/IMG_1354.jpg,http://www.biolib.de/sturm/flora14/high/IMG_1354.html,"page type not probed (portrait pages are colour plates, landscape are text spreads, in the pages probed)"
Hieracium cymosum,Nestler-Mauseohr,Band 14 (1906),icon 157,http://www.biolib.de/sturm/flora14/high/IMG_1358.jpg,http://www.biolib.de/sturm/flora14/high/IMG_1358.html,"page type not probed (portrait pages are colour plates, landscape are text spreads, in the pages probed)"
Hieracium echioides,Borstiges Mauseohr,Band 14 (1906),icon 154,http://www.biolib.de/sturm/flora14/high/IMG_1355.jpg,http://www.biolib.de/sturm/flora14/high/IMG_1355.html,"page type not probed (portrait pages are colour plates, landscape are text spreads, in the pages probed)"
Hieracium jacquini,Jacquin-Habichtskraut,Band 14 (1906),icon 159,http://www.biolib.de/sturm/flora14/high/IMG_1360.jpg,http://www.biolib.de/sturm/flora14/high/IMG_1360.html,"page type not probed (portrait pages are colour plates, landscape are text spreads, in the pages probed)"
Hieracium pilosella,Kleines Mauseohr,Band 14 (1906),icon 152,http://www.biolib.de/sturm/flora14/high/IMG_1353.jpg,http://www.biolib.de/sturm/flora14/high/IMG_1353.html,"page type not probed (portrait pages are colour plates, landscape are text spreads, in the pages probed)"
Hieracium praealtum,Hohes Mauseohr,Band 14 (1906),icon 155,http://www.biolib.de/sturm/flora14/high/IMG_1356.jpg,http://www.biolib.de/sturm/flora14/high/IMG_1356.html,"page type not probed (portrait pages are colour plates, landscape are text spreads, in the pages probed)"
Hieracium sylvaticum,Wald-Habichtskraut,Band 14 (1906),icon 158,http://www.biolib.de/sturm/flora14/high/IMG_1359.jpg,http://www.biolib.de/sturm/flora14/high/IMG_1359.html,"page type not probed (portrait pages are colour plates, landscape are text spreads, in the pages probed)"
Hieracium umbellatum,Doldiges Habichtskraut,Band 14 (1906),icon 160,http://www.biolib.de/sturm/flora14/high/IMG_1361.jpg,http://www.biolib.de/sturm/flora14/high/IMG_1361.html,"page type not probed (portrait pages are colour plates, landscape are text spreads, in the pages probed)"
Hieracium vulgatum,Gemeines Habichtskraut,Band 14 (1906),icon 72,http://www.biolib.de/sturm/flora14/high/IMG_1273.jpg,http://www.biolib.de/sturm/flora14/high/IMG_1273.html,"page type not probed (portrait pages are colour plates, landscape are text spreads, in the pages probed)"
Hypocheris glabra,Einjähriger Hasenlattich,Band 14 (1906),icon 136,http://www.biolib.de/sturm/flora14/high/IMG_1337.jpg,http://www.biolib.de/sturm/flora14/high/IMG_1337.html,"page type not probed (portrait pages are colour plates, landscape are text spreads, in the pages probed)"
Lactuca muralis,Gelber Waldlattich,Band 14 (1906),icon 54,http://www.biolib.de/sturm/flora14/high/IMG_1255.jpg,http://www.biolib.de/sturm/flora14/high/IMG_1255.html,page type by screen image 1200x873: text spread (landscape)
Lactuca perennis,Blauer Steinlattich,Band 14 (1906),icon 143,http://www.biolib.de/sturm/flora14/high/IMG_1344.jpg,http://www.biolib.de/sturm/flora14/high/IMG_1344.html,"page type not probed (portrait pages are colour plates, landscape are text spreads, in the pages probed)"
Lactuca saligna,Weidenblättriger Lattich,Band 14 (1906),icon 142,http://www.biolib.de/sturm/flora14/high/IMG_1343.jpg,http://www.biolib.de/sturm/flora14/high/IMG_1343.html,"page type not probed (portrait pages are colour plates, landscape are text spreads, in the pages probed)"
Lactuca scariola,Echter Lattich,Band 14 (1906),icon 141,http://www.biolib.de/sturm/flora14/high/IMG_1342.jpg,http://www.biolib.de/sturm/flora14/high/IMG_1342.html,page type by screen image 772x1200: colour plate page (portrait)
Lactuca virosa,Gift-Lattich,Band 14 (1906),icon 140,http://www.biolib.de/sturm/flora14/high/IMG_1341.jpg,http://www.biolib.de/sturm/flora14/high/IMG_1341.html,"page type not probed (portrait pages are colour plates, landscape are text spreads, in the pages probed)"
Leontodon autumnalis,Gemeiner Hasenlattich,Band 14 (1906),icon 129,http://www.biolib.de/sturm/flora14/high/IMG_1330.jpg,http://www.biolib.de/sturm/flora14/high/IMG_1330.html,"page type not probed (portrait pages are colour plates, landscape are text spreads, in the pages probed)"
Mulgedium alpinum,Blauer Berglattich,Band 14 (1906),icon 144,http://www.biolib.de/sturm/flora14/high/IMG_1345.jpg,http://www.biolib.de/sturm/flora14/high/IMG_1345.html,"page type not probed (portrait pages are colour plates, landscape are text spreads, in the pages probed)"
Onopordon acanthium,Gemeine Eselsdistel,Band 14 (1906),icon 112,http://www.biolib.de/sturm/flora14/high/IMG_1313.jpg,http://www.biolib.de/sturm/flora14/high/IMG_1313.html,"page type not probed (portrait pages are colour plates, landscape are text spreads, in the pages probed)"
Picris hieracioides,Schrassen-Bitterblatt,Band 14 (1906),icon 130,http://www.biolib.de/sturm/flora14/high/IMG_1331.jpg,http://www.biolib.de/sturm/flora14/high/IMG_1331.html,"page type not probed (portrait pages are colour plates, landscape are text spreads, in the pages probed)"
Podospermum jacquinianum,,Band 14 (1906),icon 135,http://www.biolib.de/sturm/flora14/high/IMG_1336.jpg,http://www.biolib.de/sturm/flora14/high/IMG_1336.html,"composite: 2 Latin names indexed on this page; page type not probed (portrait pages are colour plates, landscape are text spreads, in the pages probed); German names indexed on this page: Fiederblättrige Schwarzwurzel; Jacquins fiederblättrige Schwarzwurzel"
Podospermum laciniatum,,Band 14 (1906),icon 135,http://www.biolib.de/sturm/flora14/high/IMG_1336.jpg,http://www.biolib.de/sturm/flora14/high/IMG_1336.html,"composite: 2 Latin names indexed on this page; page type not probed (portrait pages are colour plates, landscape are text spreads, in the pages probed); German names indexed on this page: Fiederblättrige Schwarzwurzel; Jacquins fiederblättrige Schwarzwurzel"
Prenanthes purpurea,Purpurner Waldlattich,Band 14 (1906),icon 139,http://www.biolib.de/sturm/flora14/high/IMG_1340.jpg,http://www.biolib.de/sturm/flora14/high/IMG_1340.html,page type by screen image 772x1200: colour plate page (portrait)
Scorzonera humilis,Kleine Schwarzwurzel,Band 14 (1906),icon 133,http://www.biolib.de/sturm/flora14/high/IMG_1334.jpg,http://www.biolib.de/sturm/flora14/high/IMG_1334.html,page type by screen image 772x1200: colour plate page (portrait)
Scorzonera purpurea,Rotblumige Schwarzwurzel,Band 14 (1906),icon 134,http://www.biolib.de/sturm/flora14/high/IMG_1335.jpg,http://www.biolib.de/sturm/flora14/high/IMG_1335.html,"page type not probed (portrait pages are colour plates, landscape are text spreads, in the pages probed)"
Serratula pollichii,Pollich-Scharte,Band 14 (1906),icon 118,http://www.biolib.de/sturm/flora14/high/IMG_1319.jpg,http://www.biolib.de/sturm/flora14/high/IMG_1319.html,"page type not probed (portrait pages are colour plates, landscape are text spreads, in the pages probed)"
Serratula tinctoria,Färber-Scharte,Band 14 (1906),icon 117,http://www.biolib.de/sturm/flora14/high/IMG_1318.jpg,http://www.biolib.de/sturm/flora14/high/IMG_1318.html,page type by screen image 772x1200: colour plate page (portrait)
Sonchus asper,Rauhe Saudistel,Band 14 (1906),icon 146,http://www.biolib.de/sturm/flora14/high/IMG_1347.jpg,http://www.biolib.de/sturm/flora14/high/IMG_1347.html,"page type not probed (portrait pages are colour plates, landscape are text spreads, in the pages probed)"
Sonchus oleraceus,Weiche Saudistel,Band 14 (1906),icon 145,http://www.biolib.de/sturm/flora14/high/IMG_1346.jpg,http://www.biolib.de/sturm/flora14/high/IMG_1346.html,page type by screen image 772x1200: colour plate page (portrait)
Sonchus palustris,Sumpf-Saudistel,Band 14 (1906),icon 147,http://www.biolib.de/sturm/flora14/high/IMG_1348.jpg,http://www.biolib.de/sturm/flora14/high/IMG_1348.html,page type by screen image 772x1200: colour plate page (portrait)
Taraxacum vulgare,Echter Löwenzahn,Band 14 (1906),icon 137,http://www.biolib.de/sturm/flora14/high/IMG_1338.jpg,http://www.biolib.de/sturm/flora14/high/IMG_1338.html,"page type not probed (portrait pages are colour plates, landscape are text spreads, in the pages probed)"
Thrincia hirta,Thrincie,Band 14 (1906),icon 128,http://www.biolib.de/sturm/flora14/high/IMG_1329.jpg,http://www.biolib.de/sturm/flora14/high/IMG_1329.html,page type by screen image 772x1200: colour plate page (portrait)
Tragopogon major,Hoher Bocksbart,Band 14 (1906),icon 132,http://www.biolib.de/sturm/flora14/high/IMG_1333.jpg,http://www.biolib.de/sturm/flora14/high/IMG_1333.html,"page type not probed (portrait pages are colour plates, landscape are text spreads, in the pages probed)"
Tragopogon porrifolius,Weisswurzel,Band 14 (1906),icon 131,http://www.biolib.de/sturm/flora14/high/IMG_1332.jpg,http://www.biolib.de/sturm/flora14/high/IMG_1332.html,page type by screen image 772x1200: colour plate page (portrait)
