name_printed,common_printed,volume,plate,image_url,page_url,notes
Abies alba,,Band 1,tafel_024,http://www.biolib.de/thome/band1/tafel_024.jpg,http://www.biolib.de/thome/band1/tafel_024.html,
Acer platanoides,,Band 3,tafel_009,http://www.biolib.de/thome/band3/tafel_009.jpg,http://www.biolib.de/thome/band3/tafel_009.html,
Aceras anthropophorum,,Band 1,tafel_151,http://www.biolib.de/thome/band1/tafel_151.jpg,http://www.biolib.de/thome/band1/tafel_151.html,composite: 2 species on this plate
Achillea millefolium,,Band 4,tafel_121,http://www.biolib.de/thome/band4/tafel_121.jpg,http://www.biolib.de/thome/band4/tafel_121.html,
Aconitum napellus,,Band 2,tafel_097,http://www.biolib.de/thome/band2/tafel_097.jpg,http://www.biolib.de/thome/band2/tafel_097.html,
Acorus calamus,,Band 1,tafel_042,http://www.biolib.de/thome/band1/tafel_042.jpg,http://www.biolib.de/thome/band1/tafel_042.html,
Actaea spicata,,Band 2,tafel_098,http://www.biolib.de/thome/band2/tafel_098.jpg,http://www.biolib.de/thome/band2/tafel_098.html,
Adiantum capillus-veneris,,Band 1,tafel_005,http://www.biolib.de/thome/band1/tafel_005.jpg,http://www.biolib.de/thome/band1/tafel_005.html,
Adonis vernalis,,Band 2,tafel_080,http://www.biolib.de/thome/band2/tafel_080.jpg,http://www.biolib.de/thome/band2/tafel_080.html,
Adoxa moschatellina,,Band 4,tafel_097,http://www.biolib.de/thome/band4/tafel_097.jpg,http://www.biolib.de/thome/band4/tafel_097.html,
Aegilops geniculata,,Band 1,tafel_056,http://www.biolib.de/thome/band1/tafel_056.jpg,http://www.biolib.de/thome/band1/tafel_056.html,composite: 2 species on this plate
Aegopodium podagraria,,Band 3,tafel_053,http://www.biolib.de/thome/band3/tafel_053.jpg,http://www.biolib.de/thome/band3/tafel_053.html,
Aesculus hippocastanum,,Band 3,tafel_010,http://www.biolib.de/thome/band3/tafel_010.jpg,http://www.biolib.de/thome/band3/tafel_010.html,
Aethusa cynapium,,Band 3,tafel_047,http://www.biolib.de/thome/band3/tafel_047.jpg,http://www.biolib.de/thome/band3/tafel_047.html,
Agrimonia eupatoria,,Band 3,tafel_095,http://www.biolib.de/thome/band3/tafel_095.jpg,http://www.biolib.de/thome/band3/tafel_095.html,
Agrostemma githago,,Band 2,tafel_049,http://www.biolib.de/thome/band2/tafel_049.jpg,http://www.biolib.de/thome/band2/tafel_049.html,
Agrostis canina,,Band 1,tafel_076,http://www.biolib.de/thome/band1/tafel_076.jpg,http://www.biolib.de/thome/band1/tafel_076.html,composite: 2 species on this plate
Aira caryophyllea,,Band 1,tafel_072,http://www.biolib.de/thome/band1/tafel_072.jpg,http://www.biolib.de/thome/band1/tafel_072.html,composite: 2 species on this plate
Aira flavescens cf.,,Band 1,tafel_071,http://www.biolib.de/thome/band1/tafel_071.jpg,http://www.biolib.de/thome/band1/tafel_071.html,composite: 2 species on this plate; biolib name uncertain (cf./=); check against printed caption
Ajuga reptans,,Band 4,tafel_068,http://www.biolib.de/thome/band4/tafel_068.jpg,http://www.biolib.de/thome/band4/tafel_068.html,
Alchemilla vulgaris,,Band 3,tafel_094,http://www.biolib.de/thome/band3/tafel_094.jpg,http://www.biolib.de/thome/band3/tafel_094.html,
Alisma aquatica,,Band 1,tafel_035,http://www.biolib.de/thome/band1/tafel_035.jpg,http://www.biolib.de/thome/band1/tafel_035.html,
Allium angulosum,,Band 1,tafel_128,http://www.biolib.de/thome/band1/tafel_128.jpg,http://www.biolib.de/thome/band1/tafel_128.html,composite: 2 species on this plate
Allium cepa,,Band 1,tafel_126,http://www.biolib.de/thome/band1/tafel_126.jpg,http://www.biolib.de/thome/band1/tafel_126.html,composite: 2 species on this plate
Allium flavum,,Band 1,tafel_127,http://www.biolib.de/thome/band1/tafel_127.jpg,http://www.biolib.de/thome/band1/tafel_127.html,composite: 2 species on this plate
Allium nigrum,,Band 1,tafel_129,http://www.biolib.de/thome/band1/tafel_129.jpg,http://www.biolib.de/thome/band1/tafel_129.html,composite: 2 species on this plate
Allium oleraceum,,Band 1,tafel_127,http://www.biolib.de/thome/band1/tafel_127.jpg,http://www.biolib.de/thome/band1/tafel_127.html,composite: 2 species on this plate
Allium porrum,,Band 1,tafel_125,http://www.biolib.de/thome/band1/tafel_125.jpg,http://www.biolib.de/thome/band1/tafel_125.html,composite: 2 species on this plate
Allium schoenoprasum,,Band 1,tafel_126,http://www.biolib.de/thome/band1/tafel_126.jpg,http://www.biolib.de/thome/band1/tafel_126.html,composite: 2 species on this plate
Allium scorodoprasum,,Band 1,tafel_125,http://www.biolib.de/thome/band1/tafel_125.jpg,http://www.biolib.de/thome/band1/tafel_125.html,composite: 2 species on this plate
Allium ursinum,,Band 1,tafel_129,http://www.biolib.de/thome/band1/tafel_129.jpg,http://www.biolib.de/thome/band1/tafel_129.html,composite: 2 species on this plate
Allium victoralis,,Band 1,tafel_128,http://www.biolib.de/thome/band1/tafel_128.jpg,http://www.biolib.de/thome/band1/tafel_128.html,composite: 2 species on this plate
Alnus glutinosa,,Band 2,tafel_007,http://www.biolib.de/thome/band2/tafel_007.jpg,http://www.biolib.de/thome/band2/tafel_007.html,
Alopecurus geniculatus,,Band 1,tafel_078,http://www.biolib.de/thome/band1/tafel_078.jpg,http://www.biolib.de/thome/band1/tafel_078.html,composite: 2 species on this plate
Alopecurus pratensis,,Band 1,tafel_078,http://www.biolib.de/thome/band1/tafel_078.jpg,http://www.biolib.de/thome/band1/tafel_078.html,composite: 2 species on this plate
Amaranthus retroflexus,,Band 2,tafel_043,http://www.biolib.de/thome/band2/tafel_043.jpg,http://www.biolib.de/thome/band2/tafel_043.html,
Ammophila arenaria,,Band 1,tafel_076,http://www.biolib.de/thome/band1/tafel_076.jpg,http://www.biolib.de/thome/band1/tafel_076.html,composite: 2 species on this plate
Anacamptis pyramidalis,,Band 1,tafel_145,http://www.biolib.de/thome/band1/tafel_145.jpg,http://www.biolib.de/thome/band1/tafel_145.html,
Anagallis caerulea,,Band 4,tafel_010,http://www.biolib.de/thome/band4/tafel_010.jpg,http://www.biolib.de/thome/band4/tafel_010.html,
Andromeda polifolia,,Band 4,tafel_002,http://www.biolib.de/thome/band4/tafel_002.jpg,http://www.biolib.de/thome/band4/tafel_002.html,
Androsace chamaejasme,,Band 4,tafel_012,http://www.biolib.de/thome/band4/tafel_012.jpg,http://www.biolib.de/thome/band4/tafel_012.html,composite: 3 species on this plate
Androsace helvetica,,Band 4,tafel_012,http://www.biolib.de/thome/band4/tafel_012.jpg,http://www.biolib.de/thome/band4/tafel_012.html,composite: 3 species on this plate
Anemone nemorosa,,Band 2,tafel_078,http://www.biolib.de/thome/band2/tafel_078.jpg,http://www.biolib.de/thome/band2/tafel_078.html,
Anethum graveolens,,Band 3,tafel_062,http://www.biolib.de/thome/band3/tafel_062.jpg,http://www.biolib.de/thome/band3/tafel_062.html,
Angelica archangelica,,Band 3,tafel_061,http://www.biolib.de/thome/band3/tafel_061.jpg,http://www.biolib.de/thome/band3/tafel_061.html,
Angelica silvestris,,Band 3,tafel_060,http://www.biolib.de/thome/band3/tafel_060.jpg,http://www.biolib.de/thome/band3/tafel_060.html,
Antennaria dioica,,Band 4,tafel_115,http://www.biolib.de/thome/band4/tafel_115.jpg,http://www.biolib.de/thome/band4/tafel_115.html,composite: 2 species on this plate
Anthemis arvensis,,Band 4,tafel_122,http://www.biolib.de/thome/band4/tafel_122.jpg,http://www.biolib.de/thome/band4/tafel_122.html,
Anthericum liliago,,Band 1,tafel_130,http://www.biolib.de/thome/band1/tafel_130.jpg,http://www.biolib.de/thome/band1/tafel_130.html,composite: 2 species on this plate
Anthoxanthum odoratum,,Band 1,tafel_086,http://www.biolib.de/thome/band1/tafel_086.jpg,http://www.biolib.de/thome/band1/tafel_086.html,composite: 2 species on this plate
Anthriscus cerefolium,,Band 3,tafel_065,http://www.biolib.de/thome/band3/tafel_065.jpg,http://www.biolib.de/thome/band3/tafel_065.html,
Anthyllis vulneraria,,Band 3,tafel_112,http://www.biolib.de/thome/band3/tafel_112.jpg,http://www.biolib.de/thome/band3/tafel_112.html,
Antirrhinum majus,,Band 4,tafel_036,http://www.biolib.de/thome/band4/tafel_036.jpg,http://www.biolib.de/thome/band4/tafel_036.html,
Apera spica-venti,,Band 1,tafel_077,http://www.biolib.de/thome/band1/tafel_077.jpg,http://www.biolib.de/thome/band1/tafel_077.html,composite: 2 species on this plate
Apium graveolens,,Band 3,tafel_050,http://www.biolib.de/thome/band3/tafel_050.jpg,http://www.biolib.de/thome/band3/tafel_050.html,
Apium inundatum,,Band 3,tafel_045,http://www.biolib.de/thome/band3/tafel_045.jpg,http://www.biolib.de/thome/band3/tafel_045.html,composite: 2 species on this plate
Aquilegia alpina,,Band 2,tafel_095,http://www.biolib.de/thome/band2/tafel_095.jpg,http://www.biolib.de/thome/band2/tafel_095.html,
Arabis turrita,,Band 2,tafel_111,http://www.biolib.de/thome/band2/tafel_111.jpg,http://www.biolib.de/thome/band2/tafel_111.html,
Arctium minor,,Band 4,tafel_131,http://www.biolib.de/thome/band4/tafel_131.jpg,http://www.biolib.de/thome/band4/tafel_131.html,
Arctostaphylos uva-ursi,,Band 4,tafel_001,http://www.biolib.de/thome/band4/tafel_001.jpg,http://www.biolib.de/thome/band4/tafel_001.html,
Arenaria grandiflora,,Band 2,tafel_065,http://www.biolib.de/thome/band2/tafel_065.jpg,http://www.biolib.de/thome/band2/tafel_065.html,composite: 2 species on this plate
Arenaria serpyllifolia,,Band 2,tafel_065,http://www.biolib.de/thome/band2/tafel_065.jpg,http://www.biolib.de/thome/band2/tafel_065.html,composite: 2 species on this plate
Aristolochia clematitis,,Band 3,tafel_141,http://www.biolib.de/thome/band3/tafel_141.jpg,http://www.biolib.de/thome/band3/tafel_141.html,
Armeria maritima,,Band 4,tafel_016,http://www.biolib.de/thome/band4/tafel_016.jpg,http://www.biolib.de/thome/band4/tafel_016.html,composite: 2 species on this plate
Arnica montana,,Band 4,tafel_116,http://www.biolib.de/thome/band4/tafel_116.jpg,http://www.biolib.de/thome/band4/tafel_116.html,
Artemisia absinthium,,Band 4,tafel_126,http://www.biolib.de/thome/band4/tafel_126.jpg,http://www.biolib.de/thome/band4/tafel_126.html,
Arum maculatum,,Band 1,tafel_040,http://www.biolib.de/thome/band1/tafel_040.jpg,http://www.biolib.de/thome/band1/tafel_040.html,
Arundo donax,,Band 1,tafel_066,http://www.biolib.de/thome/band1/tafel_066.jpg,http://www.biolib.de/thome/band1/tafel_066.html,
Asarum europaeum,,Band 3,tafel_140,http://www.biolib.de/thome/band3/tafel_140.jpg,http://www.biolib.de/thome/band3/tafel_140.html,
Asparagus officinalis,,Band 1,tafel_115,http://www.biolib.de/thome/band1/tafel_115.jpg,http://www.biolib.de/thome/band1/tafel_115.html,
Asphodelus luteus,,Band 1,tafel_132,http://www.biolib.de/thome/band1/tafel_132.jpg,http://www.biolib.de/thome/band1/tafel_132.html,
Asplenium adiantum-nigrum,,Band 1,tafel_008,http://www.biolib.de/thome/band1/tafel_008.jpg,http://www.biolib.de/thome/band1/tafel_008.html,composite: 2 species on this plate
Asplenium scolopendrium,,Band 1,tafel_007,http://www.biolib.de/thome/band1/tafel_007.jpg,http://www.biolib.de/thome/band1/tafel_007.html,
Asplenium trichomanes,,Band 1,tafel_008,http://www.biolib.de/thome/band1/tafel_008.jpg,http://www.biolib.de/thome/band1/tafel_008.html,composite: 2 species on this plate
Aster amellus,,Band 4,tafel_109,http://www.biolib.de/thome/band4/tafel_109.jpg,http://www.biolib.de/thome/band4/tafel_109.html,
Aster linosyris,,Band 4,tafel_106,http://www.biolib.de/thome/band4/tafel_106.jpg,http://www.biolib.de/thome/band4/tafel_106.html,
Astragalus frigidus,,Band 3,tafel_123,http://www.biolib.de/thome/band3/tafel_123.jpg,http://www.biolib.de/thome/band3/tafel_123.html,
Astragalus glycyphyllos,,Band 3,tafel_125,http://www.biolib.de/thome/band3/tafel_125.jpg,http://www.biolib.de/thome/band3/tafel_125.html,
Astrantia major,,Band 3,tafel_043,http://www.biolib.de/thome/band3/tafel_043.jpg,http://www.biolib.de/thome/band3/tafel_043.html,
Athyrium filix-femina,,Band 1,tafel_009,http://www.biolib.de/thome/band1/tafel_009.jpg,http://www.biolib.de/thome/band1/tafel_009.html,
Atriplex rosea,,Band 2,tafel_042,http://www.biolib.de/thome/band2/tafel_042.jpg,http://www.biolib.de/thome/band2/tafel_042.html,
Atropa bella-donna,,Band 4,tafel_030,http://www.biolib.de/thome/band4/tafel_030.jpg,http://www.biolib.de/thome/band4/tafel_030.html,
Avena pratensis,,Band 1,tafel_069,http://www.biolib.de/thome/band1/tafel_069.jpg,http://www.biolib.de/thome/band1/tafel_069.html,composite: 2 species on this plate
Avena sativa,,Band 1,tafel_068,http://www.biolib.de/thome/band1/tafel_068.jpg,http://www.biolib.de/thome/band1/tafel_068.html,
Avenula pubescens,,Band 1,tafel_069,http://www.biolib.de/thome/band1/tafel_069.jpg,http://www.biolib.de/thome/band1/tafel_069.html,composite: 2 species on this plate
Barbaraea vulgaris,,Band 2,tafel_110,http://www.biolib.de/thome/band2/tafel_110.jpg,http://www.biolib.de/thome/band2/tafel_110.html,
Bassia laniflora,,Band 2,tafel_037,http://www.biolib.de/thome/band2/tafel_037.jpg,http://www.biolib.de/thome/band2/tafel_037.html,
Berberis vulgaris,,Band 2,tafel_072,http://www.biolib.de/thome/band2/tafel_072.jpg,http://www.biolib.de/thome/band2/tafel_072.html,
Berula erecta,,Band 3,tafel_057,http://www.biolib.de/thome/band3/tafel_057.jpg,http://www.biolib.de/thome/band3/tafel_057.html,
Beta vulgaris var. rapacea,,Band 2,tafel_040,http://www.biolib.de/thome/band2/tafel_040.jpg,http://www.biolib.de/thome/band2/tafel_040.html,
Betula pendula,,Band 2,tafel_006,http://www.biolib.de/thome/band2/tafel_006.jpg,http://www.biolib.de/thome/band2/tafel_006.html,
Bidens tripartita,,Band 4,tafel_120,http://www.biolib.de/thome/band4/tafel_120.jpg,http://www.biolib.de/thome/band4/tafel_120.html,
Blechnum spicant,,Band 1,tafel_013,http://www.biolib.de/thome/band1/tafel_013.jpg,http://www.biolib.de/thome/band1/tafel_013.html,
Blitum capitatum,,Band 2,tafel_038,http://www.biolib.de/thome/band2/tafel_038.jpg,http://www.biolib.de/thome/band2/tafel_038.html,
Borago officinalis,,Band 4,tafel_020,http://www.biolib.de/thome/band4/tafel_020.jpg,http://www.biolib.de/thome/band4/tafel_020.html,
Botrychium lunaria,,Band 1,tafel_014,http://www.biolib.de/thome/band1/tafel_014.jpg,http://www.biolib.de/thome/band1/tafel_014.html,composite: 2 species on this plate
Brachypodium sylvaticum,,Band 1,tafel_060,http://www.biolib.de/thome/band1/tafel_060.jpg,http://www.biolib.de/thome/band1/tafel_060.html,composite: 2 species on this plate
Briza media,,Band 1,tafel_056,http://www.biolib.de/thome/band1/tafel_056.jpg,http://www.biolib.de/thome/band1/tafel_056.html,composite: 2 species on this plate
Bromus arvensis,,Band 1,tafel_057,http://www.biolib.de/thome/band1/tafel_057.jpg,http://www.biolib.de/thome/band1/tafel_057.html,composite: 2 species on this plate
Bromus tectorum,,Band 1,tafel_057,http://www.biolib.de/thome/band1/tafel_057.jpg,http://www.biolib.de/thome/band1/tafel_057.html,composite: 2 species on this plate
Bryonia alba,,Band 4,tafel_088,http://www.biolib.de/thome/band4/tafel_088.jpg,http://www.biolib.de/thome/band4/tafel_088.html,
Buphthalmum salicifolium,,Band 4,tafel_110,http://www.biolib.de/thome/band4/tafel_110.jpg,http://www.biolib.de/thome/band4/tafel_110.html,
Bupleurum falcatum,,Band 3,tafel_051,http://www.biolib.de/thome/band3/tafel_051.jpg,http://www.biolib.de/thome/band3/tafel_051.html,composite: 2 species on this plate
Bupleurum rotundifolium,,Band 3,tafel_051,http://www.biolib.de/thome/band3/tafel_051.jpg,http://www.biolib.de/thome/band3/tafel_051.html,composite: 2 species on this plate
Butomus umbellatus,,Band 1,tafel_037,http://www.biolib.de/thome/band1/tafel_037.jpg,http://www.biolib.de/thome/band1/tafel_037.html,
Buxus sempervirens,,Band 3,tafel_019,http://www.biolib.de/thome/band3/tafel_019.jpg,http://www.biolib.de/thome/band3/tafel_019.html,
Calamagrostis epigejos,,Band 1,tafel_075,http://www.biolib.de/thome/band1/tafel_075.jpg,http://www.biolib.de/thome/band1/tafel_075.html,composite: 2 species on this plate
Calendula officinalis,,Band 4,tafel_128,http://www.biolib.de/thome/band4/tafel_128.jpg,http://www.biolib.de/thome/band4/tafel_128.html,
Calla palustris,,Band 1,tafel_041,http://www.biolib.de/thome/band1/tafel_041.jpg,http://www.biolib.de/thome/band1/tafel_041.html,
Callitriche palustris,,Band 3,tafel_021,http://www.biolib.de/thome/band3/tafel_021.jpg,http://www.biolib.de/thome/band3/tafel_021.html,
Calluna vulgaris,,Band 4,tafel_003,http://www.biolib.de/thome/band4/tafel_003.jpg,http://www.biolib.de/thome/band4/tafel_003.html,
Caltha palustris,,Band 2,tafel_089,http://www.biolib.de/thome/band2/tafel_089.jpg,http://www.biolib.de/thome/band2/tafel_089.html,
Campanula patula,,Band 4,tafel_086,http://www.biolib.de/thome/band4/tafel_086.jpg,http://www.biolib.de/thome/band4/tafel_086.html,
Campanula rotundifolia,,Band 4,tafel_085,http://www.biolib.de/thome/band4/tafel_085.jpg,http://www.biolib.de/thome/band4/tafel_085.html,
Cannabis sativa,,Band 2,tafel_025,http://www.biolib.de/thome/band2/tafel_025.jpg,http://www.biolib.de/thome/band2/tafel_025.html,
Capparis spinosa,,Band 2,tafel_108,http://www.biolib.de/thome/band2/tafel_108.jpg,http://www.biolib.de/thome/band2/tafel_108.html,
Cardamine = Dentaria bulbifera,,Band 2,tafel_114,http://www.biolib.de/thome/band2/tafel_114.jpg,http://www.biolib.de/thome/band2/tafel_114.html,biolib name uncertain (cf./=); check against printed caption
Cardamine pratensis,,Band 2,tafel_113,http://www.biolib.de/thome/band2/tafel_113.jpg,http://www.biolib.de/thome/band2/tafel_113.html,
Cardaminopsis arenosa,,Band 2,tafel_112,http://www.biolib.de/thome/band2/tafel_112.jpg,http://www.biolib.de/thome/band2/tafel_112.html,
Carduus nutans,,Band 4,tafel_138,http://www.biolib.de/thome/band4/tafel_138.jpg,http://www.biolib.de/thome/band4/tafel_138.html,
Carex acuta,,Band 1,tafel_097,http://www.biolib.de/thome/band1/tafel_097.jpg,http://www.biolib.de/thome/band1/tafel_097.html,composite: 2 species on this plate
Carex arenaria,,Band 1,tafel_093,http://www.biolib.de/thome/band1/tafel_093.jpg,http://www.biolib.de/thome/band1/tafel_093.html,composite: 2 species on this plate
Carex bohemica,,Band 1,tafel_091,http://www.biolib.de/thome/band1/tafel_091.jpg,http://www.biolib.de/thome/band1/tafel_091.html,composite: 3 species on this plate
Carex brachystachys,,Band 1,tafel_096,http://www.biolib.de/thome/band1/tafel_096.jpg,http://www.biolib.de/thome/band1/tafel_096.html,composite: 2 species on this plate
Carex capitata,,Band 1,tafel_090,http://www.biolib.de/thome/band1/tafel_090.jpg,http://www.biolib.de/thome/band1/tafel_090.html,composite: 3 species on this plate
Carex dioica,,Band 1,tafel_090,http://www.biolib.de/thome/band1/tafel_090.jpg,http://www.biolib.de/thome/band1/tafel_090.html,composite: 3 species on this plate
Carex distans,,Band 1,tafel_095,http://www.biolib.de/thome/band1/tafel_095.jpg,http://www.biolib.de/thome/band1/tafel_095.html,composite: 2 species on this plate
Carex echinata,,Band 1,tafel_091,http://www.biolib.de/thome/band1/tafel_091.jpg,http://www.biolib.de/thome/band1/tafel_091.html,composite: 3 species on this plate
Carex elata,,Band 1,tafel_097,http://www.biolib.de/thome/band1/tafel_097.jpg,http://www.biolib.de/thome/band1/tafel_097.html,composite: 2 species on this plate
Carex ericetorum,,Band 1,tafel_100,http://www.biolib.de/thome/band1/tafel_100.jpg,http://www.biolib.de/thome/band1/tafel_100.html,composite: 2 species on this plate
Carex flacca,,Band 1,tafel_099,http://www.biolib.de/thome/band1/tafel_099.jpg,http://www.biolib.de/thome/band1/tafel_099.html,composite: 2 species on this plate
Carex flava,,Band 1,tafel_096,http://www.biolib.de/thome/band1/tafel_096.jpg,http://www.biolib.de/thome/band1/tafel_096.html,composite: 2 species on this plate
Carex gynomane cf.,,Band 1,tafel_099,http://www.biolib.de/thome/band1/tafel_099.jpg,http://www.biolib.de/thome/band1/tafel_099.html,composite: 2 species on this plate; biolib name uncertain (cf./=); check against printed caption
Carex hirta,,Band 1,tafel_094,http://www.biolib.de/thome/band1/tafel_094.jpg,http://www.biolib.de/thome/band1/tafel_094.html,composite: 2 species on this plate
Carex microglochin,,Band 1,tafel_090,http://www.biolib.de/thome/band1/tafel_090.jpg,http://www.biolib.de/thome/band1/tafel_090.html,composite: 3 species on this plate
Carex mucronata,,Band 1,tafel_093,http://www.biolib.de/thome/band1/tafel_093.jpg,http://www.biolib.de/thome/band1/tafel_093.html,composite: 2 species on this plate
Carex ornithopoda,,Band 1,tafel_100,http://www.biolib.de/thome/band1/tafel_100.jpg,http://www.biolib.de/thome/band1/tafel_100.html,composite: 2 species on this plate
Carex otrubae,,Band 1,tafel_092,http://www.biolib.de/thome/band1/tafel_092.jpg,http://www.biolib.de/thome/band1/tafel_092.html,composite: 3 species on this plate
Carex pendula,,Band 1,tafel_098,http://www.biolib.de/thome/band1/tafel_098.jpg,http://www.biolib.de/thome/band1/tafel_098.html,
Carex pilulifera,,Band 1,tafel_101,http://www.biolib.de/thome/band1/tafel_101.jpg,http://www.biolib.de/thome/band1/tafel_101.html,composite: 2 species on this plate
Carex remota,,Band 1,tafel_091,http://www.biolib.de/thome/band1/tafel_091.jpg,http://www.biolib.de/thome/band1/tafel_091.html,composite: 3 species on this plate
Carex riparia,,Band 1,tafel_094,http://www.biolib.de/thome/band1/tafel_094.jpg,http://www.biolib.de/thome/band1/tafel_094.html,composite: 2 species on this plate
Carex sylvatica,,Band 1,tafel_095,http://www.biolib.de/thome/band1/tafel_095.jpg,http://www.biolib.de/thome/band1/tafel_095.html,composite: 2 species on this plate
Carex virens,,Band 1,tafel_092,http://www.biolib.de/thome/band1/tafel_092.jpg,http://www.biolib.de/thome/band1/tafel_092.html,composite: 3 species on this plate
Carex vulpina,,Band 1,tafel_092,http://www.biolib.de/thome/band1/tafel_092.jpg,http://www.biolib.de/thome/band1/tafel_092.html,composite: 3 species on this plate
Carlina acaulis,,Band 4,tafel_129,http://www.biolib.de/thome/band4/tafel_129.jpg,http://www.biolib.de/thome/band4/tafel_129.html,
Carpinus betulus,,Band 2,tafel_004,http://www.biolib.de/thome/band2/tafel_004.jpg,http://www.biolib.de/thome/band2/tafel_004.html,
Carthamus tinctorius,,Band 4,tafel_130,http://www.biolib.de/thome/band4/tafel_130.jpg,http://www.biolib.de/thome/band4/tafel_130.html,
Carum carvi,,Band 3,tafel_054,http://www.biolib.de/thome/band3/tafel_054.jpg,http://www.biolib.de/thome/band3/tafel_054.html,
Castanea sativa,,Band 2,tafel_001,http://www.biolib.de/thome/band2/tafel_001.jpg,http://www.biolib.de/thome/band2/tafel_001.html,
Caucalis platycarpos,,Band 3,tafel_071,http://www.biolib.de/thome/band3/tafel_071.jpg,http://www.biolib.de/thome/band3/tafel_071.html,
Celtis australis,,Band 2,tafel_028,http://www.biolib.de/thome/band2/tafel_028.jpg,http://www.biolib.de/thome/band2/tafel_028.html,
Centaurea cyanus,,Band 4,tafel_134,http://www.biolib.de/thome/band4/tafel_134.jpg,http://www.biolib.de/thome/band4/tafel_134.html,
Centaurea jacea,,Band 4,tafel_133,http://www.biolib.de/thome/band4/tafel_133.jpg,http://www.biolib.de/thome/band4/tafel_133.html,
Centaurium erythraea,,Band 4,tafel_078,http://www.biolib.de/thome/band4/tafel_078.jpg,http://www.biolib.de/thome/band4/tafel_078.html,
Cephalanthera rubra,,Band 1,tafel_157,http://www.biolib.de/thome/band1/tafel_157.jpg,http://www.biolib.de/thome/band1/tafel_157.html,
Cerastium arvense,,Band 2,tafel_067,http://www.biolib.de/thome/band2/tafel_067.jpg,http://www.biolib.de/thome/band2/tafel_067.html,
Cerastium glomeratum,,Band 2,tafel_066,http://www.biolib.de/thome/band2/tafel_066.jpg,http://www.biolib.de/thome/band2/tafel_066.html,
Ceratonia siliqua,,Band 3,tafel_139,http://www.biolib.de/thome/band3/tafel_139.jpg,http://www.biolib.de/thome/band3/tafel_139.html,
Ceratophyllum demersum,,Band 2,tafel_029,http://www.biolib.de/thome/band2/tafel_029.jpg,http://www.biolib.de/thome/band2/tafel_029.html,
Ceterach officinarum,,Band 1,tafel_006,http://www.biolib.de/thome/band1/tafel_006.jpg,http://www.biolib.de/thome/band1/tafel_006.html,composite: 2 species on this plate
Chaerophyllum temulentum,,Band 3,tafel_067,http://www.biolib.de/thome/band3/tafel_067.jpg,http://www.biolib.de/thome/band3/tafel_067.html,
Chamagrostis minima cf.,,Band 1,tafel_077,http://www.biolib.de/thome/band1/tafel_077.jpg,http://www.biolib.de/thome/band1/tafel_077.html,composite: 2 species on this plate; biolib name uncertain (cf./=); check against printed caption
Cheilanthes fragrans,,Band 1,tafel_003,http://www.biolib.de/thome/band1/tafel_003.jpg,http://www.biolib.de/thome/band1/tafel_003.html,composite: 2 species on this plate
Cheilanthes marantae,,Band 1,tafel_006,http://www.biolib.de/thome/band1/tafel_006.jpg,http://www.biolib.de/thome/band1/tafel_006.html,composite: 2 species on this plate
Cheiranthus cheiri,,Band 2,tafel_109,http://www.biolib.de/thome/band2/tafel_109.jpg,http://www.biolib.de/thome/band2/tafel_109.html,
Chelidonium majus,,Band 2,tafel_105,http://www.biolib.de/thome/band2/tafel_105.jpg,http://www.biolib.de/thome/band2/tafel_105.html,
Chenopodium bonus-henricus,,Band 2,tafel_039,http://www.biolib.de/thome/band2/tafel_039.jpg,http://www.biolib.de/thome/band2/tafel_039.html,
Chrysanthemum leucanthemum,,Band 4,tafel_123,http://www.biolib.de/thome/band4/tafel_123.jpg,http://www.biolib.de/thome/band4/tafel_123.html,
Chrysosplenium alternifolium,,Band 3,tafel_037,http://www.biolib.de/thome/band3/tafel_037.jpg,http://www.biolib.de/thome/band3/tafel_037.html,
Cichorium intybus,,Band 4,tafel_142,http://www.biolib.de/thome/band4/tafel_142.jpg,http://www.biolib.de/thome/band4/tafel_142.html,
Cicuta virosa,,Band 3,tafel_056,http://www.biolib.de/thome/band3/tafel_056.jpg,http://www.biolib.de/thome/band3/tafel_056.html,
Circaea lutetiana,,Band 3,tafel_027,http://www.biolib.de/thome/band3/tafel_027.jpg,http://www.biolib.de/thome/band3/tafel_027.html,
Cirsium arvense,,Band 4,tafel_139,http://www.biolib.de/thome/band4/tafel_139.jpg,http://www.biolib.de/thome/band4/tafel_139.html,
Cladium mariscus,,Band 1,tafel_103,http://www.biolib.de/thome/band1/tafel_103.jpg,http://www.biolib.de/thome/band1/tafel_103.html,composite: 2 species on this plate
Clematis alpina,,Band 2,tafel_075,http://www.biolib.de/thome/band2/tafel_075.jpg,http://www.biolib.de/thome/band2/tafel_075.html,
Clematis vitalba,,Band 2,tafel_074,http://www.biolib.de/thome/band2/tafel_074.jpg,http://www.biolib.de/thome/band2/tafel_074.html,
Cnicus benedictus,,Band 4,tafel_132,http://www.biolib.de/thome/band4/tafel_132.jpg,http://www.biolib.de/thome/band4/tafel_132.html,
Colchicum autumnale,,Band 1,tafel_117,http://www.biolib.de/thome/band1/tafel_117.jpg,http://www.biolib.de/thome/band1/tafel_117.html,
Coleanthus subtilis,,Band 1,tafel_089,http://www.biolib.de/thome/band1/tafel_089.jpg,http://www.biolib.de/thome/band1/tafel_089.html,composite: 2 species on this plate
Colutea arborescens,,Band 3,tafel_122,http://www.biolib.de/thome/band3/tafel_122.jpg,http://www.biolib.de/thome/band3/tafel_122.html,
Comarum palustre,,Band 3,tafel_093,http://www.biolib.de/thome/band3/tafel_093.jpg,http://www.biolib.de/thome/band3/tafel_093.html,
Conium maculatum,,Band 3,tafel_069,http://www.biolib.de/thome/band3/tafel_069.jpg,http://www.biolib.de/thome/band3/tafel_069.html,
Consolida regalis,,Band 2,tafel_096,http://www.biolib.de/thome/band2/tafel_096.jpg,http://www.biolib.de/thome/band2/tafel_096.html,
Convallaria majalis,,Band 1,tafel_113,http://www.biolib.de/thome/band1/tafel_113.jpg,http://www.biolib.de/thome/band1/tafel_113.html,
Convolvulus arvensis,,Band 4,tafel_017,http://www.biolib.de/thome/band4/tafel_017.jpg,http://www.biolib.de/thome/band4/tafel_017.html,
Corallorhiza trifida,,Band 1,tafel_154,http://www.biolib.de/thome/band1/tafel_154.jpg,http://www.biolib.de/thome/band1/tafel_154.html,composite: 2 species on this plate
Coriandrum sativum,,Band 3,tafel_073,http://www.biolib.de/thome/band3/tafel_073.jpg,http://www.biolib.de/thome/band3/tafel_073.html,
Corispermum intermedium,,Band 2,tafel_036,http://www.biolib.de/thome/band2/tafel_036.jpg,http://www.biolib.de/thome/band2/tafel_036.html,
Cornus mas,,Band 3,tafel_075,http://www.biolib.de/thome/band3/tafel_075.jpg,http://www.biolib.de/thome/band3/tafel_075.html,
Corrigiola litoralis,,Band 2,tafel_047,http://www.biolib.de/thome/band2/tafel_047.jpg,http://www.biolib.de/thome/band2/tafel_047.html,
Corydalis digitata cf.,,Band 2,tafel_106,http://www.biolib.de/thome/band2/tafel_106.jpg,http://www.biolib.de/thome/band2/tafel_106.html,biolib name uncertain (cf./=); check against printed caption
Corylus avellana,,Band 2,tafel_005,http://www.biolib.de/thome/band2/tafel_005.jpg,http://www.biolib.de/thome/band2/tafel_005.html,
Corynephorus canescens,,Band 1,tafel_067,http://www.biolib.de/thome/band1/tafel_067.jpg,http://www.biolib.de/thome/band1/tafel_067.html,composite: 2 species on this plate
Cotoneaster integerrimus,,Band 3,tafel_103,http://www.biolib.de/thome/band3/tafel_103.jpg,http://www.biolib.de/thome/band3/tafel_103.html,
Crataegus laevigata,,Band 3,tafel_101,http://www.biolib.de/thome/band3/tafel_101.jpg,http://www.biolib.de/thome/band3/tafel_101.html,
Crepis tectorum,,Band 4,tafel_149,http://www.biolib.de/thome/band4/tafel_149.jpg,http://www.biolib.de/thome/band4/tafel_149.html,
Crocus sativus,,Band 1,tafel_136,http://www.biolib.de/thome/band1/tafel_136.jpg,http://www.biolib.de/thome/band1/tafel_136.html,composite: 2 species on this plate
Crocus vernus,,Band 1,tafel_136,http://www.biolib.de/thome/band1/tafel_136.jpg,http://www.biolib.de/thome/band1/tafel_136.html,composite: 2 species on this plate
Crypsis aculeata,,Band 1,tafel_080,http://www.biolib.de/thome/band1/tafel_080.jpg,http://www.biolib.de/thome/band1/tafel_080.html,composite: 2 species on this plate
Cryptogramma crispa,,Band 1,tafel_003,http://www.biolib.de/thome/band1/tafel_003.jpg,http://www.biolib.de/thome/band1/tafel_003.html,composite: 2 species on this plate
Cucubalus baccifer,,Band 2,tafel_057,http://www.biolib.de/thome/band2/tafel_057.jpg,http://www.biolib.de/thome/band2/tafel_057.html,
Cucumis sativus,,Band 4,tafel_089,http://www.biolib.de/thome/band4/tafel_089.jpg,http://www.biolib.de/thome/band4/tafel_089.html,
Cuscuta europaea,,Band 4,tafel_018,http://www.biolib.de/thome/band4/tafel_018.jpg,http://www.biolib.de/thome/band4/tafel_018.html,
Cyclamen purpurascens,,Band 4,tafel_013,http://www.biolib.de/thome/band4/tafel_013.jpg,http://www.biolib.de/thome/band4/tafel_013.html,
Cydonia oblonga,,Band 3,tafel_102,http://www.biolib.de/thome/band3/tafel_102.jpg,http://www.biolib.de/thome/band3/tafel_102.html,
Cynodon dactylon,,Band 1,tafel_083,http://www.biolib.de/thome/band1/tafel_083.jpg,http://www.biolib.de/thome/band1/tafel_083.html,composite: 2 species on this plate
Cynoglossum officinale,,Band 4,tafel_019,http://www.biolib.de/thome/band4/tafel_019.jpg,http://www.biolib.de/thome/band4/tafel_019.html,
Cynosurus cristatus,,Band 1,tafel_058,http://www.biolib.de/thome/band1/tafel_058.jpg,http://www.biolib.de/thome/band1/tafel_058.html,composite: 2 species on this plate
Cyperus flavescens,,Band 1,tafel_101,http://www.biolib.de/thome/band1/tafel_101.jpg,http://www.biolib.de/thome/band1/tafel_101.html,composite: 2 species on this plate
Cyperus fuscus,,Band 1,tafel_102,http://www.biolib.de/thome/band1/tafel_102.jpg,http://www.biolib.de/thome/band1/tafel_102.html,composite: 2 species on this plate
Cyperus glomeratus,,Band 1,tafel_102,http://www.biolib.de/thome/band1/tafel_102.jpg,http://www.biolib.de/thome/band1/tafel_102.html,composite: 2 species on this plate
Cypripedium calceolus,,Band 1,tafel_160,http://www.biolib.de/thome/band1/tafel_160.jpg,http://www.biolib.de/thome/band1/tafel_160.html,
Cystopteris fragilis,,Band 1,tafel_011,http://www.biolib.de/thome/band1/tafel_011.jpg,http://www.biolib.de/thome/band1/tafel_011.html,composite: 2 species on this plate
Cytinus hypocistis,,Band 3,tafel_142,http://www.biolib.de/thome/band3/tafel_142.jpg,http://www.biolib.de/thome/band3/tafel_142.html,
Cytisus scoparius,,Band 3,tafel_107,http://www.biolib.de/thome/band3/tafel_107.jpg,http://www.biolib.de/thome/band3/tafel_107.html,
Dactylis glomerata,,Band 1,tafel_058,http://www.biolib.de/thome/band1/tafel_058.jpg,http://www.biolib.de/thome/band1/tafel_058.html,composite: 2 species on this plate
Dactylocrhiza maculata,,Band 1,tafel_144,http://www.biolib.de/thome/band1/tafel_144.jpg,http://www.biolib.de/thome/band1/tafel_144.html,composite: 2 species on this plate
Danthonia decumbens,,Band 1,tafel_073,http://www.biolib.de/thome/band1/tafel_073.jpg,http://www.biolib.de/thome/band1/tafel_073.html,
Daphne mezereum,,Band 3,tafel_031,http://www.biolib.de/thome/band3/tafel_031.jpg,http://www.biolib.de/thome/band3/tafel_031.html,
Datura stramonium,,Band 4,tafel_032,http://www.biolib.de/thome/band4/tafel_032.jpg,http://www.biolib.de/thome/band4/tafel_032.html,
Daucus carota,,Band 3,tafel_070,http://www.biolib.de/thome/band3/tafel_070.jpg,http://www.biolib.de/thome/band3/tafel_070.html,
Deschampsia setacea,,Band 1,tafel_071,http://www.biolib.de/thome/band1/tafel_071.jpg,http://www.biolib.de/thome/band1/tafel_071.html,composite: 2 species on this plate
Dianthus carthusianorum,,Band 2,tafel_054,http://www.biolib.de/thome/band2/tafel_054.jpg,http://www.biolib.de/thome/band2/tafel_054.html,composite: 2 species on this plate
Dianthus deltoides,,Band 2,tafel_054,http://www.biolib.de/thome/band2/tafel_054.jpg,http://www.biolib.de/thome/band2/tafel_054.html,composite: 2 species on this plate
Dictamnus albus,,Band 3,tafel_007,http://www.biolib.de/thome/band3/tafel_007.jpg,http://www.biolib.de/thome/band3/tafel_007.html,
Digitalis purpurea,,Band 4,tafel_040,http://www.biolib.de/thome/band4/tafel_040.jpg,http://www.biolib.de/thome/band4/tafel_040.html,
Digitaria sanguinalis,,Band 1,tafel_084,http://www.biolib.de/thome/band1/tafel_084.jpg,http://www.biolib.de/thome/band1/tafel_084.html,composite: 2 species on this plate
Dipsacus fullonum,,Band 4,tafel_102,http://www.biolib.de/thome/band4/tafel_102.jpg,http://www.biolib.de/thome/band4/tafel_102.html,
Dischantium ischaemum,,Band 1,tafel_086,http://www.biolib.de/thome/band1/tafel_086.jpg,http://www.biolib.de/thome/band1/tafel_086.html,composite: 2 species on this plate
Dryopteris filix-mas,,Band 1,tafel_010,http://www.biolib.de/thome/band1/tafel_010.jpg,http://www.biolib.de/thome/band1/tafel_010.html,composite: 2 species on this plate
Echinochloa crus-galli,,Band 1,tafel_085,http://www.biolib.de/thome/band1/tafel_085.jpg,http://www.biolib.de/thome/band1/tafel_085.html,composite: 2 species on this plate
Echinops sphaerocephalus,,Band 4,tafel_127,http://www.biolib.de/thome/band4/tafel_127.jpg,http://www.biolib.de/thome/band4/tafel_127.html,
Echium vulgare,,Band 4,tafel_023,http://www.biolib.de/thome/band4/tafel_023.jpg,http://www.biolib.de/thome/band4/tafel_023.html,
Eleocharis palustris,,Band 1,tafel_105,http://www.biolib.de/thome/band1/tafel_105.jpg,http://www.biolib.de/thome/band1/tafel_105.html,composite: 2 species on this plate
Elytrigia repens,,Band 1,tafel_054,http://www.biolib.de/thome/band1/tafel_054.jpg,http://www.biolib.de/thome/band1/tafel_054.html,
Empetrum nigrum,,Band 3,tafel_020,http://www.biolib.de/thome/band3/tafel_020.jpg,http://www.biolib.de/thome/band3/tafel_020.html,
Ephedra distachya,,Band 1,tafel_028,http://www.biolib.de/thome/band1/tafel_028.jpg,http://www.biolib.de/thome/band1/tafel_028.html,
Epilobium angustifolium,,Band 3,tafel_025,http://www.biolib.de/thome/band3/tafel_025.jpg,http://www.biolib.de/thome/band3/tafel_025.html,
Epimedium alpinum,,Band 2,tafel_073,http://www.biolib.de/thome/band2/tafel_073.jpg,http://www.biolib.de/thome/band2/tafel_073.html,
Epipactis phyllanthes,,Band 1,tafel_158,http://www.biolib.de/thome/band1/tafel_158.jpg,http://www.biolib.de/thome/band1/tafel_158.html,composite: 2 species on this plate
Epipogium aphyllum,,Band 1,tafel_152,http://www.biolib.de/thome/band1/tafel_152.jpg,http://www.biolib.de/thome/band1/tafel_152.html,composite: 2 species on this plate
Equisetum pratense,,Band 1,tafel_018,http://www.biolib.de/thome/band1/tafel_018.jpg,http://www.biolib.de/thome/band1/tafel_018.html,
Eragrostis minor,,Band 1,tafel_064,http://www.biolib.de/thome/band1/tafel_064.jpg,http://www.biolib.de/thome/band1/tafel_064.html,composite: 2 species on this plate
Eranthis hyemalis,,Band 2,tafel_091,http://www.biolib.de/thome/band2/tafel_091.jpg,http://www.biolib.de/thome/band2/tafel_091.html,
Erica tetralix,,Band 4,tafel_004,http://www.biolib.de/thome/band4/tafel_004.jpg,http://www.biolib.de/thome/band4/tafel_004.html,
Erigeron acer,,Band 4,tafel_107,http://www.biolib.de/thome/band4/tafel_107.jpg,http://www.biolib.de/thome/band4/tafel_107.html,
Eriophorum angustifolium,,Band 1,tafel_104,http://www.biolib.de/thome/band1/tafel_104.jpg,http://www.biolib.de/thome/band1/tafel_104.html,composite: 2 species on this plate
Erodium cicutarium,,Band 3,tafel_003,http://www.biolib.de/thome/band3/tafel_003.jpg,http://www.biolib.de/thome/band3/tafel_003.html,
Eryngium maritimum,,Band 3,tafel_042,http://www.biolib.de/thome/band3/tafel_042.jpg,http://www.biolib.de/thome/band3/tafel_042.html,
Erythronium dens-canis,,Band 1,tafel_122,http://www.biolib.de/thome/band1/tafel_122.jpg,http://www.biolib.de/thome/band1/tafel_122.html,composite: 2 species on this plate
Euonymus europaea,,Band 3,tafel_012,http://www.biolib.de/thome/band3/tafel_012.jpg,http://www.biolib.de/thome/band3/tafel_012.html,
Eupatorium cannabinum,,Band 4,tafel_103,http://www.biolib.de/thome/band4/tafel_103.jpg,http://www.biolib.de/thome/band4/tafel_103.html,
Euphorbia esula,,Band 3,tafel_017,http://www.biolib.de/thome/band3/tafel_017.jpg,http://www.biolib.de/thome/band3/tafel_017.html,composite: 2 species on this plate
Euphorbia helioscopia,,Band 3,tafel_017,http://www.biolib.de/thome/band3/tafel_017.jpg,http://www.biolib.de/thome/band3/tafel_017.html,composite: 2 species on this plate
Euphrasia rostkoviana,,Band 4,tafel_046,http://www.biolib.de/thome/band4/tafel_046.jpg,http://www.biolib.de/thome/band4/tafel_046.html,
Fagopyrum esculentum,,Band 2,tafel_033,http://www.biolib.de/thome/band2/tafel_033.jpg,http://www.biolib.de/thome/band2/tafel_033.html,
Fagus sylvatica,,Band 2,tafel_002,http://www.biolib.de/thome/band2/tafel_002.jpg,http://www.biolib.de/thome/band2/tafel_002.html,
Fallopia dumetorum,,Band 2,tafel_034,http://www.biolib.de/thome/band2/tafel_034.jpg,http://www.biolib.de/thome/band2/tafel_034.html,
Festuca ovina,,Band 1,tafel_059,http://www.biolib.de/thome/band1/tafel_059.jpg,http://www.biolib.de/thome/band1/tafel_059.html,
Ficus carica,,Band 2,tafel_024,http://www.biolib.de/thome/band2/tafel_024.jpg,http://www.biolib.de/thome/band2/tafel_024.html,
Filago lutescens,,Band 4,tafel_113,http://www.biolib.de/thome/band4/tafel_113.jpg,http://www.biolib.de/thome/band4/tafel_113.html,
Filipendula ulmaria,,Band 3,tafel_086,http://www.biolib.de/thome/band3/tafel_086.jpg,http://www.biolib.de/thome/band3/tafel_086.html,
Foeniculum vulgare,,Band 3,tafel_048,http://www.biolib.de/thome/band3/tafel_048.jpg,http://www.biolib.de/thome/band3/tafel_048.html,
Fragaria vesca,,Band 3,tafel_092,http://www.biolib.de/thome/band3/tafel_092.jpg,http://www.biolib.de/thome/band3/tafel_092.html,
Fraxinus excelsior,,Band 4,tafel_073,http://www.biolib.de/thome/band4/tafel_073.jpg,http://www.biolib.de/thome/band4/tafel_073.html,
Fritillaria meleagris,,Band 1,tafel_121,http://www.biolib.de/thome/band1/tafel_121.jpg,http://www.biolib.de/thome/band1/tafel_121.html,composite: 2 species on this plate
Fritillaria montana,,Band 1,tafel_121,http://www.biolib.de/thome/band1/tafel_121.jpg,http://www.biolib.de/thome/band1/tafel_121.html,composite: 2 species on this plate
Fumaria officinalis,,Band 2,tafel_107,http://www.biolib.de/thome/band2/tafel_107.jpg,http://www.biolib.de/thome/band2/tafel_107.html,
Gagea lutea,,Band 1,tafel_123,http://www.biolib.de/thome/band1/tafel_123.jpg,http://www.biolib.de/thome/band1/tafel_123.html,
Galanthus nivalis,,Band 1,tafel_141,http://www.biolib.de/thome/band1/tafel_141.jpg,http://www.biolib.de/thome/band1/tafel_141.html,
Galega officinalis,,Band 3,tafel_121,http://www.biolib.de/thome/band3/tafel_121.jpg,http://www.biolib.de/thome/band3/tafel_121.html,
Galeopis speciosa,,Band 4,tafel_061,http://www.biolib.de/thome/band4/tafel_061.jpg,http://www.biolib.de/thome/band4/tafel_061.html,
Galium aparine,,Band 4,tafel_091,http://www.biolib.de/thome/band4/tafel_091.jpg,http://www.biolib.de/thome/band4/tafel_091.html,
Galium odorata,,Band 4,tafel_092,http://www.biolib.de/thome/band4/tafel_092.jpg,http://www.biolib.de/thome/band4/tafel_092.html,
Genista germanica,,Band 3,tafel_109,http://www.biolib.de/thome/band3/tafel_109.jpg,http://www.biolib.de/thome/band3/tafel_109.html,
Gentiana acaulis,,Band 4,tafel_077,http://www.biolib.de/thome/band4/tafel_077.jpg,http://www.biolib.de/thome/band4/tafel_077.html,composite: 3 species on this plate
Gentiana ciliata,,Band 4,tafel_077,http://www.biolib.de/thome/band4/tafel_077.jpg,http://www.biolib.de/thome/band4/tafel_077.html,composite: 3 species on this plate
Gentiana lutea,,Band 4,tafel_076,http://www.biolib.de/thome/band4/tafel_076.jpg,http://www.biolib.de/thome/band4/tafel_076.html,
Gentiana purpurea,,Band 4,tafel_077,http://www.biolib.de/thome/band4/tafel_077.jpg,http://www.biolib.de/thome/band4/tafel_077.html,composite: 3 species on this plate
Geranium phaeum,,Band 3,tafel_002,http://www.biolib.de/thome/band3/tafel_002.jpg,http://www.biolib.de/thome/band3/tafel_002.html,
Geum rivale,,Band 3,tafel_087,http://www.biolib.de/thome/band3/tafel_087.jpg,http://www.biolib.de/thome/band3/tafel_087.html,
Gladiolus imbricatus,,Band 1,tafel_139,http://www.biolib.de/thome/band1/tafel_139.jpg,http://www.biolib.de/thome/band1/tafel_139.html,composite: 2 species on this plate
Gladiolus palustris,,Band 1,tafel_139,http://www.biolib.de/thome/band1/tafel_139.jpg,http://www.biolib.de/thome/band1/tafel_139.html,composite: 2 species on this plate
Glaucium corniculatum,,Band 2,tafel_104,http://www.biolib.de/thome/band2/tafel_104.jpg,http://www.biolib.de/thome/band2/tafel_104.html,
Glechoma hederacea,,Band 4,tafel_067,http://www.biolib.de/thome/band4/tafel_067.jpg,http://www.biolib.de/thome/band4/tafel_067.html,
Globularia punctata,,Band 4,tafel_071,http://www.biolib.de/thome/band4/tafel_071.jpg,http://www.biolib.de/thome/band4/tafel_071.html,
Glyceria fluitans,,Band 1,tafel_061,http://www.biolib.de/thome/band1/tafel_061.jpg,http://www.biolib.de/thome/band1/tafel_061.html,composite: 2 species on this plate
Glyceria maxima,,Band 1,tafel_061,http://www.biolib.de/thome/band1/tafel_061.jpg,http://www.biolib.de/thome/band1/tafel_061.html,composite: 2 species on this plate
Glycyrrhiza glabra,,Band 3,tafel_124,http://www.biolib.de/thome/band3/tafel_124.jpg,http://www.biolib.de/thome/band3/tafel_124.html,
Goodyera repens,,Band 1,tafel_159,http://www.biolib.de/thome/band1/tafel_159.jpg,http://www.biolib.de/thome/band1/tafel_159.html,composite: 2 species on this plate
Grammitis leptophylla,,Band 1,tafel_001,http://www.biolib.de/thome/band1/tafel_001.jpg,http://www.biolib.de/thome/band1/tafel_001.html,composite: 3 species on this plate
Gratiola officinalis,,Band 4,tafel_039,http://www.biolib.de/thome/band4/tafel_039.jpg,http://www.biolib.de/thome/band4/tafel_039.html,
Gypsophila paniculata,,Band 2,tafel_056,http://www.biolib.de/thome/band2/tafel_056.jpg,http://www.biolib.de/thome/band2/tafel_056.html,
Hammarbya paludosa,,Band 1,tafel_153,http://www.biolib.de/thome/band1/tafel_153.jpg,http://www.biolib.de/thome/band1/tafel_153.html,composite: 2 species on this plate
Hedera helix,,Band 3,tafel_074,http://www.biolib.de/thome/band3/tafel_074.jpg,http://www.biolib.de/thome/band3/tafel_074.html,
Hedysarum hedisaroides,,Band 3,tafel_129,http://www.biolib.de/thome/band3/tafel_129.jpg,http://www.biolib.de/thome/band3/tafel_129.html,
Helichrysum arenarium,,Band 4,tafel_114,http://www.biolib.de/thome/band4/tafel_114.jpg,http://www.biolib.de/thome/band4/tafel_114.html,
Helleborus niger,,Band 2,tafel_093,http://www.biolib.de/thome/band2/tafel_093.jpg,http://www.biolib.de/thome/band2/tafel_093.html,
Hemerocallis fulva,,Band 1,tafel_133,http://www.biolib.de/thome/band1/tafel_133.jpg,http://www.biolib.de/thome/band1/tafel_133.html,composite: 2 species on this plate
Hemerocallis lilioasphodelus,,Band 1,tafel_133,http://www.biolib.de/thome/band1/tafel_133.jpg,http://www.biolib.de/thome/band1/tafel_133.html,composite: 2 species on this plate
Hepatica nobilis,,Band 2,tafel_077,http://www.biolib.de/thome/band2/tafel_077.jpg,http://www.biolib.de/thome/band2/tafel_077.html,
Heracleum sphondylium,,Band 3,tafel_064,http://www.biolib.de/thome/band3/tafel_064.jpg,http://www.biolib.de/thome/band3/tafel_064.html,
Herminium monorchis,,Band 1,tafel_152,http://www.biolib.de/thome/band1/tafel_152.jpg,http://www.biolib.de/thome/band1/tafel_152.html,composite: 2 species on this plate
Herniaria glabra,,Band 2,tafel_045,http://www.biolib.de/thome/band2/tafel_045.jpg,http://www.biolib.de/thome/band2/tafel_045.html,
Hieracium pilosella,,Band 4,tafel_150,http://www.biolib.de/thome/band4/tafel_150.jpg,http://www.biolib.de/thome/band4/tafel_150.html,
Hieracium umbellatum,,Band 4,tafel_151,http://www.biolib.de/thome/band4/tafel_151.jpg,http://www.biolib.de/thome/band4/tafel_151.html,
Hierochloe odorata,,Band 1,tafel_087,http://www.biolib.de/thome/band1/tafel_087.jpg,http://www.biolib.de/thome/band1/tafel_087.html,composite: 3 species on this plate
Himanthoglossum hircinum,,Band 1,tafel_146,http://www.biolib.de/thome/band1/tafel_146.jpg,http://www.biolib.de/thome/band1/tafel_146.html,
Hippocrepis comosa,,Band 3,tafel_128,http://www.biolib.de/thome/band3/tafel_128.jpg,http://www.biolib.de/thome/band3/tafel_128.html,
Hippophae rhamnoides,,Band 3,tafel_032,http://www.biolib.de/thome/band3/tafel_032.jpg,http://www.biolib.de/thome/band3/tafel_032.html,
Hippuris vulgaris,,Band 3,tafel_023,http://www.biolib.de/thome/band3/tafel_023.jpg,http://www.biolib.de/thome/band3/tafel_023.html,
Holosteum umbellatum,,Band 2,tafel_062,http://www.biolib.de/thome/band2/tafel_062.jpg,http://www.biolib.de/thome/band2/tafel_062.html,
Honckenya peploides,,Band 2,tafel_061,http://www.biolib.de/thome/band2/tafel_061.jpg,http://www.biolib.de/thome/band2/tafel_061.html,
Hordeum distichon,,Band 1,tafel_049,http://www.biolib.de/thome/band1/tafel_049.jpg,http://www.biolib.de/thome/band1/tafel_049.html,
Hordeum vulgare,,Band 1,tafel_050,http://www.biolib.de/thome/band1/tafel_050.jpg,http://www.biolib.de/thome/band1/tafel_050.html,
Hottonia palustris,,Band 4,tafel_015,http://www.biolib.de/thome/band4/tafel_015.jpg,http://www.biolib.de/thome/band4/tafel_015.html,
Humulus lupulus,,Band 2,tafel_026,http://www.biolib.de/thome/band2/tafel_026.jpg,http://www.biolib.de/thome/band2/tafel_026.html,
Hydrocharis morsus-ranae,,Band 1,tafel_038,http://www.biolib.de/thome/band1/tafel_038.jpg,http://www.biolib.de/thome/band1/tafel_038.html,
Hydrocotyle vulgaris,,Band 3,tafel_041,http://www.biolib.de/thome/band3/tafel_041.jpg,http://www.biolib.de/thome/band3/tafel_041.html,
Hymenophyllum tunbridgense,,Band 1,tafel_001,http://www.biolib.de/thome/band1/tafel_001.jpg,http://www.biolib.de/thome/band1/tafel_001.html,composite: 3 species on this plate
Hyoscyamus niger,,Band 4,tafel_031,http://www.biolib.de/thome/band4/tafel_031.jpg,http://www.biolib.de/thome/band4/tafel_031.html,
Hypochoeris radicata,,Band 4,tafel_140,http://www.biolib.de/thome/band4/tafel_140.jpg,http://www.biolib.de/thome/band4/tafel_140.html,
Hyssopus officinalis,,Band 4,tafel_056,http://www.biolib.de/thome/band4/tafel_056.jpg,http://www.biolib.de/thome/band4/tafel_056.html,
Ilex aquifolium,,Band 3,tafel_014,http://www.biolib.de/thome/band3/tafel_014.jpg,http://www.biolib.de/thome/band3/tafel_014.html,
Illecebrum verticillatum,,Band 2,tafel_046,http://www.biolib.de/thome/band2/tafel_046.jpg,http://www.biolib.de/thome/band2/tafel_046.html,
Impatiens noli-tangere,,Band 3,tafel_004,http://www.biolib.de/thome/band3/tafel_004.jpg,http://www.biolib.de/thome/band3/tafel_004.html,
Inula helenium,,Band 4,tafel_111,http://www.biolib.de/thome/band4/tafel_111.jpg,http://www.biolib.de/thome/band4/tafel_111.html,
Iris germanica,,Band 1,tafel_137,http://www.biolib.de/thome/band1/tafel_137.jpg,http://www.biolib.de/thome/band1/tafel_137.html,
Iris pseudacorus,,Band 1,tafel_138,http://www.biolib.de/thome/band1/tafel_138.jpg,http://www.biolib.de/thome/band1/tafel_138.html,
Isoetes lacustris,,Band 1,tafel_020,http://www.biolib.de/thome/band1/tafel_020.jpg,http://www.biolib.de/thome/band1/tafel_020.html,
Isopyrum thalictroides,,Band 2,tafel_092,http://www.biolib.de/thome/band2/tafel_092.jpg,http://www.biolib.de/thome/band2/tafel_092.html,
Jasione montana,,Band 4,tafel_083,http://www.biolib.de/thome/band4/tafel_083.jpg,http://www.biolib.de/thome/band4/tafel_083.html,
Juglans regia,,Band 2,tafel_008,http://www.biolib.de/thome/band2/tafel_008.jpg,http://www.biolib.de/thome/band2/tafel_008.html,
Juncus articulatus,,Band 1,tafel_109,http://www.biolib.de/thome/band1/tafel_109.jpg,http://www.biolib.de/thome/band1/tafel_109.html,
Juncus bufonius,,Band 1,tafel_108,http://www.biolib.de/thome/band1/tafel_108.jpg,http://www.biolib.de/thome/band1/tafel_108.html,composite: 2 species on this plate
Juncus capitatus,,Band 1,tafel_108,http://www.biolib.de/thome/band1/tafel_108.jpg,http://www.biolib.de/thome/band1/tafel_108.html,composite: 2 species on this plate
Juncus effusus,,Band 1,tafel_107,http://www.biolib.de/thome/band1/tafel_107.jpg,http://www.biolib.de/thome/band1/tafel_107.html,composite: 2 species on this plate
Juncus hostii cf.,,Band 1,tafel_107,http://www.biolib.de/thome/band1/tafel_107.jpg,http://www.biolib.de/thome/band1/tafel_107.html,composite: 2 species on this plate; biolib name uncertain (cf./=); check against printed caption
Juniperus communis,,Band 1,tafel_023,http://www.biolib.de/thome/band1/tafel_023.jpg,http://www.biolib.de/thome/band1/tafel_023.html,
Knautia arvensis,,Band 4,tafel_101,http://www.biolib.de/thome/band4/tafel_101.jpg,http://www.biolib.de/thome/band4/tafel_101.html,
Koeleria pyramidata,,Band 1,tafel_072,http://www.biolib.de/thome/band1/tafel_072.jpg,http://www.biolib.de/thome/band1/tafel_072.html,composite: 2 species on this plate
Lactuca virosa,,Band 4,tafel_147,http://www.biolib.de/thome/band4/tafel_147.jpg,http://www.biolib.de/thome/band4/tafel_147.html,
Lagurus ovatus,,Band 1,tafel_075,http://www.biolib.de/thome/band1/tafel_075.jpg,http://www.biolib.de/thome/band1/tafel_075.html,composite: 2 species on this plate
Lamium purpureum,,Band 4,tafel_062,http://www.biolib.de/thome/band4/tafel_062.jpg,http://www.biolib.de/thome/band4/tafel_062.html,
Lapsana communis,,Band 4,tafel_141,http://www.biolib.de/thome/band4/tafel_141.jpg,http://www.biolib.de/thome/band4/tafel_141.html,
Larix decudua,,Band 1,tafel_026,http://www.biolib.de/thome/band1/tafel_026.jpg,http://www.biolib.de/thome/band1/tafel_026.html,
Laserpitium latifolium,,Band 3,tafel_072,http://www.biolib.de/thome/band3/tafel_072.jpg,http://www.biolib.de/thome/band3/tafel_072.html,composite: 3 species on this plate
Lathraea squamaria,,Band 4,tafel_047,http://www.biolib.de/thome/band4/tafel_047.jpg,http://www.biolib.de/thome/band4/tafel_047.html,
Lathyrus aphaca,,Band 3,tafel_136,http://www.biolib.de/thome/band3/tafel_136.jpg,http://www.biolib.de/thome/band3/tafel_136.html,composite: 2 species on this plate
Lathyrus nissolia,,Band 3,tafel_136,http://www.biolib.de/thome/band3/tafel_136.jpg,http://www.biolib.de/thome/band3/tafel_136.html,composite: 2 species on this plate
Lathyrus vernus,,Band 3,tafel_135,http://www.biolib.de/thome/band3/tafel_135.jpg,http://www.biolib.de/thome/band3/tafel_135.html,
Laurus nobilis,,Band 2,tafel_071,http://www.biolib.de/thome/band2/tafel_071.jpg,http://www.biolib.de/thome/band2/tafel_071.html,
Lavandula angustifolia,,Band 4,tafel_051,http://www.biolib.de/thome/band4/tafel_051.jpg,http://www.biolib.de/thome/band4/tafel_051.html,
Ledum palustre,,Band 4,tafel_005,http://www.biolib.de/thome/band4/tafel_005.jpg,http://www.biolib.de/thome/band4/tafel_005.html,
Leersia oryzoides,,Band 1,tafel_089,http://www.biolib.de/thome/band1/tafel_089.jpg,http://www.biolib.de/thome/band1/tafel_089.html,composite: 2 species on this plate
Legousia speculum-veneris,,Band 4,tafel_087,http://www.biolib.de/thome/band4/tafel_087.jpg,http://www.biolib.de/thome/band4/tafel_087.html,composite: 2 species on this plate
Lemna gibba,,Band 1,tafel_043,http://www.biolib.de/thome/band1/tafel_043.jpg,http://www.biolib.de/thome/band1/tafel_043.html,composite: 4 species on this plate
Lemna minor,,Band 1,tafel_043,http://www.biolib.de/thome/band1/tafel_043.jpg,http://www.biolib.de/thome/band1/tafel_043.html,composite: 4 species on this plate
Lemna trisulca,,Band 1,tafel_043,http://www.biolib.de/thome/band1/tafel_043.jpg,http://www.biolib.de/thome/band1/tafel_043.html,composite: 4 species on this plate
Lens culinaris,,Band 3,tafel_134,http://www.biolib.de/thome/band3/tafel_134.jpg,http://www.biolib.de/thome/band3/tafel_134.html,
Leontopodium alpinum,,Band 4,tafel_115,http://www.biolib.de/thome/band4/tafel_115.jpg,http://www.biolib.de/thome/band4/tafel_115.html,composite: 2 species on this plate
Leonurus cardiaca,,Band 4,tafel_063,http://www.biolib.de/thome/band4/tafel_063.jpg,http://www.biolib.de/thome/band4/tafel_063.html,
Leucojum vernum,,Band 1,tafel_140,http://www.biolib.de/thome/band1/tafel_140.jpg,http://www.biolib.de/thome/band1/tafel_140.html,
Levisticum officinale,,Band 3,tafel_059,http://www.biolib.de/thome/band3/tafel_059.jpg,http://www.biolib.de/thome/band3/tafel_059.html,
Leymus arenarius,,Band 1,tafel_048,http://www.biolib.de/thome/band1/tafel_048.jpg,http://www.biolib.de/thome/band1/tafel_048.html,composite: 2 species on this plate
Ligustrum vulgare,,Band 4,tafel_075,http://www.biolib.de/thome/band4/tafel_075.jpg,http://www.biolib.de/thome/band4/tafel_075.html,
Lilium martagon,,Band 1,tafel_120,http://www.biolib.de/thome/band1/tafel_120.jpg,http://www.biolib.de/thome/band1/tafel_120.html,
Limodorum abortivum,,Band 1,tafel_155,http://www.biolib.de/thome/band1/tafel_155.jpg,http://www.biolib.de/thome/band1/tafel_155.html,
Limonium vulgare,,Band 4,tafel_016,http://www.biolib.de/thome/band4/tafel_016.jpg,http://www.biolib.de/thome/band4/tafel_016.html,composite: 2 species on this plate
Linaria cymbalaria,,Band 4,tafel_035,http://www.biolib.de/thome/band4/tafel_035.jpg,http://www.biolib.de/thome/band4/tafel_035.html,composite: 2 species on this plate
Linaria vulgaris,,Band 4,tafel_035,http://www.biolib.de/thome/band4/tafel_035.jpg,http://www.biolib.de/thome/band4/tafel_035.html,composite: 2 species on this plate
Linnaea borealis,,Band 4,tafel_098,http://www.biolib.de/thome/band4/tafel_098.jpg,http://www.biolib.de/thome/band4/tafel_098.html,
Linum usitatissimum,,Band 3,tafel_001,http://www.biolib.de/thome/band3/tafel_001.jpg,http://www.biolib.de/thome/band3/tafel_001.html,
Liparis loeselii,,Band 1,tafel_154,http://www.biolib.de/thome/band1/tafel_154.jpg,http://www.biolib.de/thome/band1/tafel_154.html,composite: 2 species on this plate
Listera ovata,,Band 1,tafel_158,http://www.biolib.de/thome/band1/tafel_158.jpg,http://www.biolib.de/thome/band1/tafel_158.html,composite: 2 species on this plate
Lithospermum arvense,,Band 4,tafel_025,http://www.biolib.de/thome/band4/tafel_025.jpg,http://www.biolib.de/thome/band4/tafel_025.html,
Lloydia serotina,,Band 1,tafel_122,http://www.biolib.de/thome/band1/tafel_122.jpg,http://www.biolib.de/thome/band1/tafel_122.html,composite: 2 species on this plate
Lobelia dortmanna,,Band 4,tafel_087,http://www.biolib.de/thome/band4/tafel_087.jpg,http://www.biolib.de/thome/band4/tafel_087.html,composite: 2 species on this plate
Lolium multiflorum,,Band 1,tafel_047,http://www.biolib.de/thome/band1/tafel_047.jpg,http://www.biolib.de/thome/band1/tafel_047.html,composite: 2 species on this plate
Lolium perenne,,Band 1,tafel_047,http://www.biolib.de/thome/band1/tafel_047.jpg,http://www.biolib.de/thome/band1/tafel_047.html,composite: 2 species on this plate
Lolium temulentum,,Band 1,tafel_048,http://www.biolib.de/thome/band1/tafel_048.jpg,http://www.biolib.de/thome/band1/tafel_048.html,composite: 2 species on this plate
Lonicera caprifolium,,Band 4,tafel_096,http://www.biolib.de/thome/band4/tafel_096.jpg,http://www.biolib.de/thome/band4/tafel_096.html,
Loranthus europaeus,,Band 3,tafel_145,http://www.biolib.de/thome/band3/tafel_145.jpg,http://www.biolib.de/thome/band3/tafel_145.html,
Lotus corniculatus,,Band 3,tafel_120,http://www.biolib.de/thome/band3/tafel_120.jpg,http://www.biolib.de/thome/band3/tafel_120.html,
Lupinus luteus,,Band 3,tafel_110,http://www.biolib.de/thome/band3/tafel_110.jpg,http://www.biolib.de/thome/band3/tafel_110.html,
Luzula campestris,,Band 1,tafel_110,http://www.biolib.de/thome/band1/tafel_110.jpg,http://www.biolib.de/thome/band1/tafel_110.html,composite: 2 species on this plate
Luzula pilosa,,Band 1,tafel_110,http://www.biolib.de/thome/band1/tafel_110.jpg,http://www.biolib.de/thome/band1/tafel_110.html,composite: 2 species on this plate
Lycium barbarum,,Band 4,tafel_029,http://www.biolib.de/thome/band4/tafel_029.jpg,http://www.biolib.de/thome/band4/tafel_029.html,
Lycopodium clavatum,,Band 1,tafel_019,http://www.biolib.de/thome/band1/tafel_019.jpg,http://www.biolib.de/thome/band1/tafel_019.html,
Lycopsis arvensis,,Band 4,tafel_021,http://www.biolib.de/thome/band4/tafel_021.jpg,http://www.biolib.de/thome/band4/tafel_021.html,
Lycopus europaeus,,Band 4,tafel_053,http://www.biolib.de/thome/band4/tafel_053.jpg,http://www.biolib.de/thome/band4/tafel_053.html,
Lysimachia vulgaris,,Band 4,tafel_014,http://www.biolib.de/thome/band4/tafel_014.jpg,http://www.biolib.de/thome/band4/tafel_014.html,
Lythrum salicaria,,Band 3,tafel_024,http://www.biolib.de/thome/band3/tafel_024.jpg,http://www.biolib.de/thome/band3/tafel_024.html,
Maianthemum bifolium,,Band 1,tafel_114,http://www.biolib.de/thome/band1/tafel_114.jpg,http://www.biolib.de/thome/band1/tafel_114.html,
Malaxis monophyllos,,Band 1,tafel_153,http://www.biolib.de/thome/band1/tafel_153.jpg,http://www.biolib.de/thome/band1/tafel_153.html,composite: 2 species on this plate
Marsilea quadrifolia,,Band 1,tafel_016,http://www.biolib.de/thome/band1/tafel_016.jpg,http://www.biolib.de/thome/band1/tafel_016.html,composite: 2 species on this plate
Matricaria chamomilla,,Band 4,tafel_124,http://www.biolib.de/thome/band4/tafel_124.jpg,http://www.biolib.de/thome/band4/tafel_124.html,
Matteuccia struthiopteris,,Band 1,tafel_012,http://www.biolib.de/thome/band1/tafel_012.jpg,http://www.biolib.de/thome/band1/tafel_012.html,
Medicago arabica,,Band 3,tafel_119,http://www.biolib.de/thome/band3/tafel_119.jpg,http://www.biolib.de/thome/band3/tafel_119.html,composite: 2 species on this plate
Medicago lupulina,,Band 3,tafel_119,http://www.biolib.de/thome/band3/tafel_119.jpg,http://www.biolib.de/thome/band3/tafel_119.html,composite: 2 species on this plate
Medicago sativa,,Band 3,tafel_118,http://www.biolib.de/thome/band3/tafel_118.jpg,http://www.biolib.de/thome/band3/tafel_118.html,
Melampyrum pratense,,Band 4,tafel_045,http://www.biolib.de/thome/band4/tafel_045.jpg,http://www.biolib.de/thome/band4/tafel_045.html,
Melandryum rubrum,,Band 2,tafel_051,http://www.biolib.de/thome/band2/tafel_051.jpg,http://www.biolib.de/thome/band2/tafel_051.html,
Melica ciliata,,Band 1,tafel_074,http://www.biolib.de/thome/band1/tafel_074.jpg,http://www.biolib.de/thome/band1/tafel_074.html,composite: 2 species on this plate
Melica nutans,,Band 1,tafel_074,http://www.biolib.de/thome/band1/tafel_074.jpg,http://www.biolib.de/thome/band1/tafel_074.html,composite: 2 species on this plate
Melilotus officinalis,,Band 3,tafel_116,http://www.biolib.de/thome/band3/tafel_116.jpg,http://www.biolib.de/thome/band3/tafel_116.html,
Melissa officinalis,,Band 4,tafel_058,http://www.biolib.de/thome/band4/tafel_058.jpg,http://www.biolib.de/thome/band4/tafel_058.html,
Mentha spicata,,Band 4,tafel_052,http://www.biolib.de/thome/band4/tafel_052.jpg,http://www.biolib.de/thome/band4/tafel_052.html,
Menyanthes trifoliata,,Band 4,tafel_079,http://www.biolib.de/thome/band4/tafel_079.jpg,http://www.biolib.de/thome/band4/tafel_079.html,
Mercurialis perennis,,Band 3,tafel_018,http://www.biolib.de/thome/band3/tafel_018.jpg,http://www.biolib.de/thome/band3/tafel_018.html,
Mespilus germanica,,Band 3,tafel_100,http://www.biolib.de/thome/band3/tafel_100.jpg,http://www.biolib.de/thome/band3/tafel_100.html,
Meum athamanticum,,Band 3,tafel_049,http://www.biolib.de/thome/band3/tafel_049.jpg,http://www.biolib.de/thome/band3/tafel_049.html,
Milium effusum,,Band 1,tafel_081,http://www.biolib.de/thome/band1/tafel_081.jpg,http://www.biolib.de/thome/band1/tafel_081.html,composite: 2 species on this plate
Mimulus guttatus,,Band 4,tafel_038,http://www.biolib.de/thome/band4/tafel_038.jpg,http://www.biolib.de/thome/band4/tafel_038.html,
Minuartia verna,,Band 2,tafel_060,http://www.biolib.de/thome/band2/tafel_060.jpg,http://www.biolib.de/thome/band2/tafel_060.html,composite: 2 species on this plate
Minuartia viscosa,,Band 2,tafel_060,http://www.biolib.de/thome/band2/tafel_060.jpg,http://www.biolib.de/thome/band2/tafel_060.html,composite: 2 species on this plate
Moehringia trinervia,,Band 2,tafel_063,http://www.biolib.de/thome/band2/tafel_063.jpg,http://www.biolib.de/thome/band2/tafel_063.html,
Molinia caerulea,,Band 1,tafel_060,http://www.biolib.de/thome/band1/tafel_060.jpg,http://www.biolib.de/thome/band1/tafel_060.html,composite: 2 species on this plate
Monotropa hypopitys,,Band 4,tafel_009,http://www.biolib.de/thome/band4/tafel_009.jpg,http://www.biolib.de/thome/band4/tafel_009.html,
Montia minor,,Band 2,tafel_070,http://www.biolib.de/thome/band2/tafel_070.jpg,http://www.biolib.de/thome/band2/tafel_070.html,composite: 2 species on this plate
Morus nigra,,Band 2,tafel_023,http://www.biolib.de/thome/band2/tafel_023.jpg,http://www.biolib.de/thome/band2/tafel_023.html,
Muscari comosum,,Band 1,tafel_134,http://www.biolib.de/thome/band1/tafel_134.jpg,http://www.biolib.de/thome/band1/tafel_134.html,composite: 2 species on this plate
Muscari neglectum,,Band 1,tafel_134,http://www.biolib.de/thome/band1/tafel_134.jpg,http://www.biolib.de/thome/band1/tafel_134.html,composite: 2 species on this plate
Myosotis scorpioides,,Band 4,tafel_026,http://www.biolib.de/thome/band4/tafel_026.jpg,http://www.biolib.de/thome/band4/tafel_026.html,
Myosurus minimus,,Band 2,tafel_081,http://www.biolib.de/thome/band2/tafel_081.jpg,http://www.biolib.de/thome/band2/tafel_081.html,
Myrica gale,,Band 2,tafel_009,http://www.biolib.de/thome/band2/tafel_009.jpg,http://www.biolib.de/thome/band2/tafel_009.html,
Myriophyllum spicatum,,Band 3,tafel_022,http://www.biolib.de/thome/band3/tafel_022.jpg,http://www.biolib.de/thome/band3/tafel_022.html,
Myrrhis odorata,,Band 3,tafel_068,http://www.biolib.de/thome/band3/tafel_068.jpg,http://www.biolib.de/thome/band3/tafel_068.html,
Myrtus communis,,Band 3,tafel_030,http://www.biolib.de/thome/band3/tafel_030.jpg,http://www.biolib.de/thome/band3/tafel_030.html,
Najas marina,,Band 1,tafel_029,http://www.biolib.de/thome/band1/tafel_029.jpg,http://www.biolib.de/thome/band1/tafel_029.html,
Narcissus poeticus,,Band 1,tafel_142,http://www.biolib.de/thome/band1/tafel_142.jpg,http://www.biolib.de/thome/band1/tafel_142.html,
Nardus stricta,,Band 1,tafel_080,http://www.biolib.de/thome/band1/tafel_080.jpg,http://www.biolib.de/thome/band1/tafel_080.html,composite: 2 species on this plate
Nasturtium officinale,,Band 2,tafel_116,http://www.biolib.de/thome/band2/tafel_116.jpg,http://www.biolib.de/thome/band2/tafel_116.html,
Neottia nidus-avis,,Band 1,tafel_156,http://www.biolib.de/thome/band1/tafel_156.jpg,http://www.biolib.de/thome/band1/tafel_156.html,
Nicotiana tabacum,,Band 4,tafel_033,http://www.biolib.de/thome/band4/tafel_033.jpg,http://www.biolib.de/thome/band4/tafel_033.html,
Nigella arvensis,,Band 2,tafel_094,http://www.biolib.de/thome/band2/tafel_094.jpg,http://www.biolib.de/thome/band2/tafel_094.html,
Nigritella nigra,,Band 1,tafel_149,http://www.biolib.de/thome/band1/tafel_149.jpg,http://www.biolib.de/thome/band1/tafel_149.html,composite: 2 species on this plate
Nigritella suaveolens cf.,,Band 1,tafel_149,http://www.biolib.de/thome/band1/tafel_149.jpg,http://www.biolib.de/thome/band1/tafel_149.html,composite: 2 species on this plate; biolib name uncertain (cf./=); check against printed caption
Nuphar lutea,,Band 2,tafel_101,http://www.biolib.de/thome/band2/tafel_101.jpg,http://www.biolib.de/thome/band2/tafel_101.html,
Nymphaea alba,,Band 2,tafel_100,http://www.biolib.de/thome/band2/tafel_100.jpg,http://www.biolib.de/thome/band2/tafel_100.html,
Nymphoides peltata,,Band 4,tafel_080,http://www.biolib.de/thome/band4/tafel_080.jpg,http://www.biolib.de/thome/band4/tafel_080.html,
Oenanthe aquatica,,Band 3,tafel_044,http://www.biolib.de/thome/band3/tafel_044.jpg,http://www.biolib.de/thome/band3/tafel_044.html,
Oenanthe fistulosa,,Band 3,tafel_045,http://www.biolib.de/thome/band3/tafel_045.jpg,http://www.biolib.de/thome/band3/tafel_045.html,composite: 2 species on this plate
Oenothera biennis,,Band 3,tafel_026,http://www.biolib.de/thome/band3/tafel_026.jpg,http://www.biolib.de/thome/band3/tafel_026.html,
Olea europaea,,Band 4,tafel_074,http://www.biolib.de/thome/band4/tafel_074.jpg,http://www.biolib.de/thome/band4/tafel_074.html,
Onobrychis viciifolia,,Band 3,tafel_131,http://www.biolib.de/thome/band3/tafel_131.jpg,http://www.biolib.de/thome/band3/tafel_131.html,
Ononis spinosa,,Band 3,tafel_111,http://www.biolib.de/thome/band3/tafel_111.jpg,http://www.biolib.de/thome/band3/tafel_111.html,
Onopordum acanthium,,Band 4,tafel_136,http://www.biolib.de/thome/band4/tafel_136.jpg,http://www.biolib.de/thome/band4/tafel_136.html,
Ophioglossum vulgatum,,Band 1,tafel_014,http://www.biolib.de/thome/band1/tafel_014.jpg,http://www.biolib.de/thome/band1/tafel_014.html,composite: 2 species on this plate
Ophrys apifera,,Band 1,tafel_150,http://www.biolib.de/thome/band1/tafel_150.jpg,http://www.biolib.de/thome/band1/tafel_150.html,composite: 2 species on this plate
Ophrys fuciflora,,Band 1,tafel_150,http://www.biolib.de/thome/band1/tafel_150.jpg,http://www.biolib.de/thome/band1/tafel_150.html,composite: 2 species on this plate
Ophrys insectifera,,Band 1,tafel_151,http://www.biolib.de/thome/band1/tafel_151.jpg,http://www.biolib.de/thome/band1/tafel_151.html,composite: 2 species on this plate
Opuntia vulgaris,,Band 3,tafel_039,http://www.biolib.de/thome/band3/tafel_039.jpg,http://www.biolib.de/thome/band3/tafel_039.html,
Orchis morio,,Band 1,tafel_144,http://www.biolib.de/thome/band1/tafel_144.jpg,http://www.biolib.de/thome/band1/tafel_144.html,composite: 2 species on this plate
Orchis purpurea,,Band 1,tafel_143,http://www.biolib.de/thome/band1/tafel_143.jpg,http://www.biolib.de/thome/band1/tafel_143.html,
Origanum vulgare,,Band 4,tafel_054,http://www.biolib.de/thome/band4/tafel_054.jpg,http://www.biolib.de/thome/band4/tafel_054.html,
Ornithogalum nutans,,Band 1,tafel_131,http://www.biolib.de/thome/band1/tafel_131.jpg,http://www.biolib.de/thome/band1/tafel_131.html,
Ornithopus perpusillus,,Band 3,tafel_130,http://www.biolib.de/thome/band3/tafel_130.jpg,http://www.biolib.de/thome/band3/tafel_130.html,
Orobanche lutea,,Band 4,tafel_048,http://www.biolib.de/thome/band4/tafel_048.jpg,http://www.biolib.de/thome/band4/tafel_048.html,
Osmunda regalis,,Band 1,tafel_015,http://www.biolib.de/thome/band1/tafel_015.jpg,http://www.biolib.de/thome/band1/tafel_015.html,
Oxalis acetosella,,Band 3,tafel_005,http://www.biolib.de/thome/band3/tafel_005.jpg,http://www.biolib.de/thome/band3/tafel_005.html,
Oxytropis jacquinii,,Band 3,tafel_126,http://www.biolib.de/thome/band3/tafel_126.jpg,http://www.biolib.de/thome/band3/tafel_126.html,composite: 2 species on this plate
Paeonia mascula,,Band 2,tafel_099,http://www.biolib.de/thome/band2/tafel_099.jpg,http://www.biolib.de/thome/band2/tafel_099.html,
Panicum miliaceum,,Band 1,tafel_085,http://www.biolib.de/thome/band1/tafel_085.jpg,http://www.biolib.de/thome/band1/tafel_085.html,composite: 2 species on this plate
Papaver argemone,,Band 2,tafel_103,http://www.biolib.de/thome/band2/tafel_103.jpg,http://www.biolib.de/thome/band2/tafel_103.html,
Papaver somniferum,,Band 2,tafel_102,http://www.biolib.de/thome/band2/tafel_102.jpg,http://www.biolib.de/thome/band2/tafel_102.html,
Parapholis incurvatus,,Band 1,tafel_046,http://www.biolib.de/thome/band1/tafel_046.jpg,http://www.biolib.de/thome/band1/tafel_046.html,composite: 2 species on this plate
Parietaria officinalis,,Band 2,tafel_022,http://www.biolib.de/thome/band2/tafel_022.jpg,http://www.biolib.de/thome/band2/tafel_022.html,
Paris quadrifolia,,Band 1,tafel_111,http://www.biolib.de/thome/band1/tafel_111.jpg,http://www.biolib.de/thome/band1/tafel_111.html,
Parnassia palustris,,Band 3,tafel_036,http://www.biolib.de/thome/band3/tafel_036.jpg,http://www.biolib.de/thome/band3/tafel_036.html,
Pastinaca sativa,,Band 3,tafel_063,http://www.biolib.de/thome/band3/tafel_063.jpg,http://www.biolib.de/thome/band3/tafel_063.html,
Pedicularis silvatica,,Band 4,tafel_043,http://www.biolib.de/thome/band4/tafel_043.jpg,http://www.biolib.de/thome/band4/tafel_043.html,
Petasites hybridus,,Band 4,tafel_105,http://www.biolib.de/thome/band4/tafel_105.jpg,http://www.biolib.de/thome/band4/tafel_105.html,
Petroselinum crispum,,Band 3,tafel_052,http://www.biolib.de/thome/band3/tafel_052.jpg,http://www.biolib.de/thome/band3/tafel_052.html,
Phalaris arundinacea,,Band 1,tafel_087,http://www.biolib.de/thome/band1/tafel_087.jpg,http://www.biolib.de/thome/band1/tafel_087.html,composite: 3 species on this plate
Phalaris canariensis,,Band 1,tafel_087,http://www.biolib.de/thome/band1/tafel_087.jpg,http://www.biolib.de/thome/band1/tafel_087.html,composite: 3 species on this plate
Phaseolus coccineus,,Band 3,tafel_138,http://www.biolib.de/thome/band3/tafel_138.jpg,http://www.biolib.de/thome/band3/tafel_138.html,
Phegopteris connectilis,,Band 1,tafel_001,http://www.biolib.de/thome/band1/tafel_001.jpg,http://www.biolib.de/thome/band1/tafel_001.html,composite: 3 species on this plate
Phleum phleoides,,Band 1,tafel_079,http://www.biolib.de/thome/band1/tafel_079.jpg,http://www.biolib.de/thome/band1/tafel_079.html,composite: 2 species on this plate
Phleum pratense,,Band 1,tafel_079,http://www.biolib.de/thome/band1/tafel_079.jpg,http://www.biolib.de/thome/band1/tafel_079.html,composite: 2 species on this plate
Phragmites australis,,Band 1,tafel_065,http://www.biolib.de/thome/band1/tafel_065.jpg,http://www.biolib.de/thome/band1/tafel_065.html,
Physalis alkekengi,,Band 4,tafel_028,http://www.biolib.de/thome/band4/tafel_028.jpg,http://www.biolib.de/thome/band4/tafel_028.html,
Phyteuma spicatum,,Band 4,tafel_084,http://www.biolib.de/thome/band4/tafel_084.jpg,http://www.biolib.de/thome/band4/tafel_084.html,
Picea abies,,Band 1,tafel_025,http://www.biolib.de/thome/band1/tafel_025.jpg,http://www.biolib.de/thome/band1/tafel_025.html,
Picris hieracioides,,Band 4,tafel_145,http://www.biolib.de/thome/band4/tafel_145.jpg,http://www.biolib.de/thome/band4/tafel_145.html,
Pilularia globulifera,,Band 1,tafel_016,http://www.biolib.de/thome/band1/tafel_016.jpg,http://www.biolib.de/thome/band1/tafel_016.html,composite: 2 species on this plate
Pimpinella anisum,,Band 3,tafel_055,http://www.biolib.de/thome/band3/tafel_055.jpg,http://www.biolib.de/thome/band3/tafel_055.html,
Pinguicula vulgaris,,Band 4,tafel_050,http://www.biolib.de/thome/band4/tafel_050.jpg,http://www.biolib.de/thome/band4/tafel_050.html,
Pinus sylvestris,,Band 1,tafel_027,http://www.biolib.de/thome/band1/tafel_027.jpg,http://www.biolib.de/thome/band1/tafel_027.html,
Piptatherum paradoxum,,Band 1,tafel_081,http://www.biolib.de/thome/band1/tafel_081.jpg,http://www.biolib.de/thome/band1/tafel_081.html,composite: 2 species on this plate
Pisum sativum,,Band 3,tafel_137,http://www.biolib.de/thome/band3/tafel_137.jpg,http://www.biolib.de/thome/band3/tafel_137.html,
Plantago major,,Band 4,tafel_072,http://www.biolib.de/thome/band4/tafel_072.jpg,http://www.biolib.de/thome/band4/tafel_072.html,
Platanthera bifolia,,Band 1,tafel_148,http://www.biolib.de/thome/band1/tafel_148.jpg,http://www.biolib.de/thome/band1/tafel_148.html,composite: 2 species on this plate
Platanthera chlorantha,,Band 1,tafel_148,http://www.biolib.de/thome/band1/tafel_148.jpg,http://www.biolib.de/thome/band1/tafel_148.html,composite: 2 species on this plate
Platanthera viridis,,Band 1,tafel_147,http://www.biolib.de/thome/band1/tafel_147.jpg,http://www.biolib.de/thome/band1/tafel_147.html,composite: 2 species on this plate
Poa annua,,Band 1,tafel_063,http://www.biolib.de/thome/band1/tafel_063.jpg,http://www.biolib.de/thome/band1/tafel_063.html,composite: 2 species on this plate
Poa chaixi,,Band 1,tafel_062,http://www.biolib.de/thome/band1/tafel_062.jpg,http://www.biolib.de/thome/band1/tafel_062.html,composite: 2 species on this plate
Poa dura cf.,,Band 1,tafel_062,http://www.biolib.de/thome/band1/tafel_062.jpg,http://www.biolib.de/thome/band1/tafel_062.html,composite: 2 species on this plate; biolib name uncertain (cf./=); check against printed caption
Poa nemoralis,,Band 1,tafel_064,http://www.biolib.de/thome/band1/tafel_064.jpg,http://www.biolib.de/thome/band1/tafel_064.html,composite: 2 species on this plate
Poa trivialis,,Band 1,tafel_063,http://www.biolib.de/thome/band1/tafel_063.jpg,http://www.biolib.de/thome/band1/tafel_063.html,composite: 2 species on this plate
Polycarpon polycarpoides,,Band 2,tafel_070,http://www.biolib.de/thome/band2/tafel_070.jpg,http://www.biolib.de/thome/band2/tafel_070.html,composite: 2 species on this plate
Polygala vulgaris,,Band 3,tafel_011,http://www.biolib.de/thome/band3/tafel_011.jpg,http://www.biolib.de/thome/band3/tafel_011.html,
Polygonatum multiflorum,,Band 1,tafel_112,http://www.biolib.de/thome/band1/tafel_112.jpg,http://www.biolib.de/thome/band1/tafel_112.html,
Polygonum bistorta,,Band 2,tafel_032,http://www.biolib.de/thome/band2/tafel_032.jpg,http://www.biolib.de/thome/band2/tafel_032.html,
Polypodium vulgare,,Band 1,tafel_002,http://www.biolib.de/thome/band1/tafel_002.jpg,http://www.biolib.de/thome/band1/tafel_002.html,
Polystichum lobatum,,Band 1,tafel_010,http://www.biolib.de/thome/band1/tafel_010.jpg,http://www.biolib.de/thome/band1/tafel_010.html,composite: 2 species on this plate
Populus nigra,,Band 2,tafel_020,http://www.biolib.de/thome/band2/tafel_020.jpg,http://www.biolib.de/thome/band2/tafel_020.html,
Populus tremula,,Band 2,tafel_019,http://www.biolib.de/thome/band2/tafel_019.jpg,http://www.biolib.de/thome/band2/tafel_019.html,
Portulaca oleracea,,Band 2,tafel_069,http://www.biolib.de/thome/band2/tafel_069.jpg,http://www.biolib.de/thome/band2/tafel_069.html,
Potamogeton crispus,,Band 1,tafel_033,http://www.biolib.de/thome/band1/tafel_033.jpg,http://www.biolib.de/thome/band1/tafel_033.html,composite: 2 species on this plate
Potamogeton pectinates,,Band 1,tafel_031,http://www.biolib.de/thome/band1/tafel_031.jpg,http://www.biolib.de/thome/band1/tafel_031.html,composite: 2 species on this plate
Potamogeton perfoliatus,,Band 1,tafel_033,http://www.biolib.de/thome/band1/tafel_033.jpg,http://www.biolib.de/thome/band1/tafel_033.html,composite: 2 species on this plate
Potamogeton polygonifolius,,Band 1,tafel_032,http://www.biolib.de/thome/band1/tafel_032.jpg,http://www.biolib.de/thome/band1/tafel_032.html,
Potentilla anserina,,Band 3,tafel_088,http://www.biolib.de/thome/band3/tafel_088.jpg,http://www.biolib.de/thome/band3/tafel_088.html,
Potentilla erecta,,Band 3,tafel_090,http://www.biolib.de/thome/band3/tafel_090.jpg,http://www.biolib.de/thome/band3/tafel_090.html,
Potentilla reptans,,Band 3,tafel_089,http://www.biolib.de/thome/band3/tafel_089.jpg,http://www.biolib.de/thome/band3/tafel_089.html,
Potentilla sterilis,,Band 3,tafel_091,http://www.biolib.de/thome/band3/tafel_091.jpg,http://www.biolib.de/thome/band3/tafel_091.html,
Primula veris,,Band 4,tafel_011,http://www.biolib.de/thome/band4/tafel_011.jpg,http://www.biolib.de/thome/band4/tafel_011.html,
Prunella vulgaris,,Band 4,tafel_060,http://www.biolib.de/thome/band4/tafel_060.jpg,http://www.biolib.de/thome/band4/tafel_060.html,
Prunus amygdalus,,Band 3,tafel_076,http://www.biolib.de/thome/band3/tafel_076.jpg,http://www.biolib.de/thome/band3/tafel_076.html,
Prunus avium,,Band 3,tafel_080,http://www.biolib.de/thome/band3/tafel_080.jpg,http://www.biolib.de/thome/band3/tafel_080.html,
Prunus cerasus,,Band 3,tafel_079,http://www.biolib.de/thome/band3/tafel_079.jpg,http://www.biolib.de/thome/band3/tafel_079.html,
Prunus persica,,Band 3,tafel_077,http://www.biolib.de/thome/band3/tafel_077.jpg,http://www.biolib.de/thome/band3/tafel_077.html,
Prunus spinosa,,Band 3,tafel_078,http://www.biolib.de/thome/band3/tafel_078.jpg,http://www.biolib.de/thome/band3/tafel_078.html,
Pseudorchis albida,,Band 1,tafel_147,http://www.biolib.de/thome/band1/tafel_147.jpg,http://www.biolib.de/thome/band1/tafel_147.html,composite: 2 species on this plate
Psilurus incurvus,,Band 1,tafel_046,http://www.biolib.de/thome/band1/tafel_046.jpg,http://www.biolib.de/thome/band1/tafel_046.html,composite: 2 species on this plate
Pulicaria dysenterica,,Band 4,tafel_112,http://www.biolib.de/thome/band4/tafel_112.jpg,http://www.biolib.de/thome/band4/tafel_112.html,
Pulmonaria officinalis,,Band 4,tafel_024,http://www.biolib.de/thome/band4/tafel_024.jpg,http://www.biolib.de/thome/band4/tafel_024.html,
Pulsatilla vulgaris,,Band 2,tafel_079,http://www.biolib.de/thome/band2/tafel_079.jpg,http://www.biolib.de/thome/band2/tafel_079.html,
Punica granatum,,Band 3,tafel_029,http://www.biolib.de/thome/band3/tafel_029.jpg,http://www.biolib.de/thome/band3/tafel_029.html,
Pyrola rotundifolia,,Band 4,tafel_008,http://www.biolib.de/thome/band4/tafel_008.jpg,http://www.biolib.de/thome/band4/tafel_008.html,
Pyrus communis,,Band 3,tafel_104,http://www.biolib.de/thome/band3/tafel_104.jpg,http://www.biolib.de/thome/band3/tafel_104.html,
Pyrus malus,,Band 3,tafel_105,http://www.biolib.de/thome/band3/tafel_105.jpg,http://www.biolib.de/thome/band3/tafel_105.html,
Quercus pedunculata,,Band 2,tafel_003,http://www.biolib.de/thome/band2/tafel_003.jpg,http://www.biolib.de/thome/band2/tafel_003.html,
Ranunculus aconitifolius,,Band 2,tafel_086,http://www.biolib.de/thome/band2/tafel_086.jpg,http://www.biolib.de/thome/band2/tafel_086.html,
Ranunculus acris,,Band 2,tafel_083,http://www.biolib.de/thome/band2/tafel_083.jpg,http://www.biolib.de/thome/band2/tafel_083.html,
Ranunculus aquatilis,,Band 2,tafel_087,http://www.biolib.de/thome/band2/tafel_087.jpg,http://www.biolib.de/thome/band2/tafel_087.html,
Ranunculus arvensis,,Band 2,tafel_085,http://www.biolib.de/thome/band2/tafel_085.jpg,http://www.biolib.de/thome/band2/tafel_085.html,
Ranunculus circinatus,,Band 2,tafel_088,http://www.biolib.de/thome/band2/tafel_088.jpg,http://www.biolib.de/thome/band2/tafel_088.html,
Ranunculus lingua,,Band 2,tafel_082,http://www.biolib.de/thome/band2/tafel_082.jpg,http://www.biolib.de/thome/band2/tafel_082.html,
Ranunculus repens,,Band 2,tafel_084,http://www.biolib.de/thome/band2/tafel_084.jpg,http://www.biolib.de/thome/band2/tafel_084.html,
Rhamnus frangula,,Band 3,tafel_015,http://www.biolib.de/thome/band3/tafel_015.jpg,http://www.biolib.de/thome/band3/tafel_015.html,
Rhinanthus serotinus,,Band 4,tafel_044,http://www.biolib.de/thome/band4/tafel_044.jpg,http://www.biolib.de/thome/band4/tafel_044.html,
Rhododendron hirsutum,,Band 4,tafel_006,http://www.biolib.de/thome/band4/tafel_006.jpg,http://www.biolib.de/thome/band4/tafel_006.html,
Rhus toxicodendron,,Band 3,tafel_008,http://www.biolib.de/thome/band3/tafel_008.jpg,http://www.biolib.de/thome/band3/tafel_008.html,
Rhynchospora fusca,,Band 1,tafel_104,http://www.biolib.de/thome/band1/tafel_104.jpg,http://www.biolib.de/thome/band1/tafel_104.html,composite: 2 species on this plate
Ribes uva-crispa,,Band 3,tafel_038,http://www.biolib.de/thome/band3/tafel_038.jpg,http://www.biolib.de/thome/band3/tafel_038.html,
Rosa canina,,Band 3,tafel_099,http://www.biolib.de/thome/band3/tafel_099.jpg,http://www.biolib.de/thome/band3/tafel_099.html,
Rosa lutea,,Band 3,tafel_097,http://www.biolib.de/thome/band3/tafel_097.jpg,http://www.biolib.de/thome/band3/tafel_097.html,composite: 2 species on this plate
Rosa majalis,,Band 3,tafel_098,http://www.biolib.de/thome/band3/tafel_098.jpg,http://www.biolib.de/thome/band3/tafel_098.html,
Rosa pimpinellifolia,,Band 3,tafel_097,http://www.biolib.de/thome/band3/tafel_097.jpg,http://www.biolib.de/thome/band3/tafel_097.html,composite: 2 species on this plate
Rosmarinus officinalis,,Band 4,tafel_066,http://www.biolib.de/thome/band4/tafel_066.jpg,http://www.biolib.de/thome/band4/tafel_066.html,
Rubia tinctorum,,Band 4,tafel_090,http://www.biolib.de/thome/band4/tafel_090.jpg,http://www.biolib.de/thome/band4/tafel_090.html,
Rubus caesius,,Band 3,tafel_084,http://www.biolib.de/thome/band3/tafel_084.jpg,http://www.biolib.de/thome/band3/tafel_084.html,
Rubus candidans,,Band 3,tafel_082,http://www.biolib.de/thome/band3/tafel_082.jpg,http://www.biolib.de/thome/band3/tafel_082.html,
Rubus idaeus,,Band 3,tafel_081,http://www.biolib.de/thome/band3/tafel_081.jpg,http://www.biolib.de/thome/band3/tafel_081.html,
Rubus pedemontanus,,Band 3,tafel_083,http://www.biolib.de/thome/band3/tafel_083.jpg,http://www.biolib.de/thome/band3/tafel_083.html,
Rumex alpestris,,Band 2,tafel_031,http://www.biolib.de/thome/band2/tafel_031.jpg,http://www.biolib.de/thome/band2/tafel_031.html,
Rumex maritimus,,Band 2,tafel_030,http://www.biolib.de/thome/band2/tafel_030.jpg,http://www.biolib.de/thome/band2/tafel_030.html,
Ruppia maritima,,Band 1,tafel_031,http://www.biolib.de/thome/band1/tafel_031.jpg,http://www.biolib.de/thome/band1/tafel_031.html,composite: 2 species on this plate
Ruscus aculeatus,,Band 1,tafel_116,http://www.biolib.de/thome/band1/tafel_116.jpg,http://www.biolib.de/thome/band1/tafel_116.html,
Ruta graveolens,,Band 3,tafel_006,http://www.biolib.de/thome/band3/tafel_006.jpg,http://www.biolib.de/thome/band3/tafel_006.html,
Sagina procumbens,,Band 2,tafel_058,http://www.biolib.de/thome/band2/tafel_058.jpg,http://www.biolib.de/thome/band2/tafel_058.html,
Sagittaria sagittifolia,,Band 1,tafel_036,http://www.biolib.de/thome/band1/tafel_036.jpg,http://www.biolib.de/thome/band1/tafel_036.html,
Salicornia europaea,,Band 2,tafel_035,http://www.biolib.de/thome/band2/tafel_035.jpg,http://www.biolib.de/thome/band2/tafel_035.html,
Salix alba,,Band 2,tafel_010,http://www.biolib.de/thome/band2/tafel_010.jpg,http://www.biolib.de/thome/band2/tafel_010.html,
Salix bicolor,,Band 2,tafel_016,http://www.biolib.de/thome/band2/tafel_016.jpg,http://www.biolib.de/thome/band2/tafel_016.html,
Salix breviserrata,,Band 2,tafel_017,http://www.biolib.de/thome/band2/tafel_017.jpg,http://www.biolib.de/thome/band2/tafel_017.html,
Salix caprea,,Band 2,tafel_014,http://www.biolib.de/thome/band2/tafel_014.jpg,http://www.biolib.de/thome/band2/tafel_014.html,
Salix hastata,,Band 2,tafel_015,http://www.biolib.de/thome/band2/tafel_015.jpg,http://www.biolib.de/thome/band2/tafel_015.html,
Salix purpurea,,Band 2,tafel_012,http://www.biolib.de/thome/band2/tafel_012.jpg,http://www.biolib.de/thome/band2/tafel_012.html,
Salix retusa,,Band 2,tafel_018,http://www.biolib.de/thome/band2/tafel_018.jpg,http://www.biolib.de/thome/band2/tafel_018.html,composite: 2 species on this plate
Salix serpyllifolia,,Band 2,tafel_018,http://www.biolib.de/thome/band2/tafel_018.jpg,http://www.biolib.de/thome/band2/tafel_018.html,composite: 2 species on this plate
Salix triandra,,Band 2,tafel_011,http://www.biolib.de/thome/band2/tafel_011.jpg,http://www.biolib.de/thome/band2/tafel_011.html,
Salix viminalis,,Band 2,tafel_013,http://www.biolib.de/thome/band2/tafel_013.jpg,http://www.biolib.de/thome/band2/tafel_013.html,
Salvia pratensis,,Band 4,tafel_065,http://www.biolib.de/thome/band4/tafel_065.jpg,http://www.biolib.de/thome/band4/tafel_065.html,
Salvinia natans,,Band 1,tafel_017,http://www.biolib.de/thome/band1/tafel_017.jpg,http://www.biolib.de/thome/band1/tafel_017.html,
Sambucus nigra,,Band 4,tafel_094,http://www.biolib.de/thome/band4/tafel_094.jpg,http://www.biolib.de/thome/band4/tafel_094.html,
Sanguisorba minor,,Band 3,tafel_096,http://www.biolib.de/thome/band3/tafel_096.jpg,http://www.biolib.de/thome/band3/tafel_096.html,
Sanicula europaea,,Band 3,tafel_040,http://www.biolib.de/thome/band3/tafel_040.jpg,http://www.biolib.de/thome/band3/tafel_040.html,
Satureja acinos,,Band 4,tafel_057,http://www.biolib.de/thome/band4/tafel_057.jpg,http://www.biolib.de/thome/band4/tafel_057.html,
Saxifraga granulata,,Band 3,tafel_035,http://www.biolib.de/thome/band3/tafel_035.jpg,http://www.biolib.de/thome/band3/tafel_035.html,composite: 2 species on this plate
Saxifraga paniculata,,Band 3,tafel_035,http://www.biolib.de/thome/band3/tafel_035.jpg,http://www.biolib.de/thome/band3/tafel_035.html,composite: 2 species on this plate
Scandix pecten-veneris,,Band 3,tafel_066,http://www.biolib.de/thome/band3/tafel_066.jpg,http://www.biolib.de/thome/band3/tafel_066.html,
Scheuchzeria palustris,,Band 1,tafel_034,http://www.biolib.de/thome/band1/tafel_034.jpg,http://www.biolib.de/thome/band1/tafel_034.html,composite: 2 species on this plate
Schoenus ferrugineus,,Band 1,tafel_103,http://www.biolib.de/thome/band1/tafel_103.jpg,http://www.biolib.de/thome/band1/tafel_103.html,composite: 2 species on this plate
Scilla bifolia,,Band 1,tafel_130,http://www.biolib.de/thome/band1/tafel_130.jpg,http://www.biolib.de/thome/band1/tafel_130.html,composite: 2 species on this plate
Scirpus cespitosus,,Band 1,tafel_105,http://www.biolib.de/thome/band1/tafel_105.jpg,http://www.biolib.de/thome/band1/tafel_105.html,composite: 2 species on this plate
Scirpus lacustris,,Band 1,tafel_106,http://www.biolib.de/thome/band1/tafel_106.jpg,http://www.biolib.de/thome/band1/tafel_106.html,composite: 2 species on this plate
Scirpus setaceus,,Band 1,tafel_106,http://www.biolib.de/thome/band1/tafel_106.jpg,http://www.biolib.de/thome/band1/tafel_106.html,composite: 2 species on this plate
Scleranthus annuus,,Band 2,tafel_044,http://www.biolib.de/thome/band2/tafel_044.jpg,http://www.biolib.de/thome/band2/tafel_044.html,
Scorpiurus muricatus,,Band 3,tafel_126,http://www.biolib.de/thome/band3/tafel_126.jpg,http://www.biolib.de/thome/band3/tafel_126.html,composite: 2 species on this plate
Scorzonera hispanica,,Band 4,tafel_143,http://www.biolib.de/thome/band4/tafel_143.jpg,http://www.biolib.de/thome/band4/tafel_143.html,
Scrophularia nodosa,,Band 4,tafel_037,http://www.biolib.de/thome/band4/tafel_037.jpg,http://www.biolib.de/thome/band4/tafel_037.html,
Scutellaria galericulata,,Band 4,tafel_059,http://www.biolib.de/thome/band4/tafel_059.jpg,http://www.biolib.de/thome/band4/tafel_059.html,
Secale cereale,,Band 1,tafel_055,http://www.biolib.de/thome/band1/tafel_055.jpg,http://www.biolib.de/thome/band1/tafel_055.html,
Securigera varia,,Band 3,tafel_127,http://www.biolib.de/thome/band3/tafel_127.jpg,http://www.biolib.de/thome/band3/tafel_127.html,
Sedum acre,,Band 3,tafel_033,http://www.biolib.de/thome/band3/tafel_033.jpg,http://www.biolib.de/thome/band3/tafel_033.html,composite: 2 species on this plate
Sedum telephium,,Band 3,tafel_033,http://www.biolib.de/thome/band3/tafel_033.jpg,http://www.biolib.de/thome/band3/tafel_033.html,composite: 2 species on this plate
Selaginella helvetica,,Band 1,tafel_021,http://www.biolib.de/thome/band1/tafel_021.jpg,http://www.biolib.de/thome/band1/tafel_021.html,composite: 2 species on this plate
Selaginella selaginoides,,Band 1,tafel_021,http://www.biolib.de/thome/band1/tafel_021.jpg,http://www.biolib.de/thome/band1/tafel_021.html,composite: 2 species on this plate
Sempervivum arenarium,,Band 3,tafel_034,http://www.biolib.de/thome/band3/tafel_034.jpg,http://www.biolib.de/thome/band3/tafel_034.html,composite: 2 species on this plate
Sempervivum tectorum,,Band 3,tafel_034,http://www.biolib.de/thome/band3/tafel_034.jpg,http://www.biolib.de/thome/band3/tafel_034.html,composite: 2 species on this plate
Senecio jacobaea,,Band 4,tafel_119,http://www.biolib.de/thome/band4/tafel_119.jpg,http://www.biolib.de/thome/band4/tafel_119.html,
Senecio vulgaris,,Band 4,tafel_118,http://www.biolib.de/thome/band4/tafel_118.jpg,http://www.biolib.de/thome/band4/tafel_118.html,
Serratula tinctoria,,Band 4,tafel_137,http://www.biolib.de/thome/band4/tafel_137.jpg,http://www.biolib.de/thome/band4/tafel_137.html,
Sesleria albicans,,Band 1,tafel_067,http://www.biolib.de/thome/band1/tafel_067.jpg,http://www.biolib.de/thome/band1/tafel_067.html,composite: 2 species on this plate
Setaria verticillata,,Band 1,tafel_084,http://www.biolib.de/thome/band1/tafel_084.jpg,http://www.biolib.de/thome/band1/tafel_084.html,composite: 2 species on this plate
Sherardia arvensis,,Band 4,tafel_093,http://www.biolib.de/thome/band4/tafel_093.jpg,http://www.biolib.de/thome/band4/tafel_093.html,
Silaum silaus,,Band 3,tafel_046,http://www.biolib.de/thome/band3/tafel_046.jpg,http://www.biolib.de/thome/band3/tafel_046.html,
Silene conica,,Band 2,tafel_052,http://www.biolib.de/thome/band2/tafel_052.jpg,http://www.biolib.de/thome/band2/tafel_052.html,
Silene flos-cuculi,,Band 2,tafel_050,http://www.biolib.de/thome/band2/tafel_050.jpg,http://www.biolib.de/thome/band2/tafel_050.html,
Silene nutans,,Band 2,tafel_053,http://www.biolib.de/thome/band2/tafel_053.jpg,http://www.biolib.de/thome/band2/tafel_053.html,
Silybum marianum,,Band 4,tafel_135,http://www.biolib.de/thome/band4/tafel_135.jpg,http://www.biolib.de/thome/band4/tafel_135.html,
Sium sisarum,,Band 3,tafel_058,http://www.biolib.de/thome/band3/tafel_058.jpg,http://www.biolib.de/thome/band3/tafel_058.html,
Solanum dulcamara,,Band 4,tafel_027,http://www.biolib.de/thome/band4/tafel_027.jpg,http://www.biolib.de/thome/band4/tafel_027.html,
Soldanella alpina,,Band 4,tafel_012,http://www.biolib.de/thome/band4/tafel_012.jpg,http://www.biolib.de/thome/band4/tafel_012.html,composite: 3 species on this plate
Solidago virgaurea,,Band 4,tafel_108,http://www.biolib.de/thome/band4/tafel_108.jpg,http://www.biolib.de/thome/band4/tafel_108.html,
Sonchus arvensis,,Band 4,tafel_148,http://www.biolib.de/thome/band4/tafel_148.jpg,http://www.biolib.de/thome/band4/tafel_148.html,
Sorbus aucuparia,,Band 3,tafel_106,http://www.biolib.de/thome/band3/tafel_106.jpg,http://www.biolib.de/thome/band3/tafel_106.html,
Sparganium erectum,,Band 1,tafel_045,http://www.biolib.de/thome/band1/tafel_045.jpg,http://www.biolib.de/thome/band1/tafel_045.html,
Sparganium erectum,,Band 1,tafel_070,http://www.biolib.de/thome/band1/tafel_070.jpg,http://www.biolib.de/thome/band1/tafel_070.html,
Spergula pentandra,,Band 2,tafel_048,http://www.biolib.de/thome/band2/tafel_048.jpg,http://www.biolib.de/thome/band2/tafel_048.html,
Spergularia nodosa,,Band 2,tafel_059,http://www.biolib.de/thome/band2/tafel_059.jpg,http://www.biolib.de/thome/band2/tafel_059.html,
Spinacia oleracea,,Band 2,tafel_041,http://www.biolib.de/thome/band2/tafel_041.jpg,http://www.biolib.de/thome/band2/tafel_041.html,
Spiraea salicifolia,,Band 3,tafel_085,http://www.biolib.de/thome/band3/tafel_085.jpg,http://www.biolib.de/thome/band3/tafel_085.html,
Spiranthes spiralis,,Band 1,tafel_159,http://www.biolib.de/thome/band1/tafel_159.jpg,http://www.biolib.de/thome/band1/tafel_159.html,composite: 2 species on this plate
Stachys sylvatica,,Band 4,tafel_064,http://www.biolib.de/thome/band4/tafel_064.jpg,http://www.biolib.de/thome/band4/tafel_064.html,
Staphylaea pinnata,,Band 3,tafel_013,http://www.biolib.de/thome/band3/tafel_013.jpg,http://www.biolib.de/thome/band3/tafel_013.html,
Stellaria aquatica,,Band 2,tafel_068,http://www.biolib.de/thome/band2/tafel_068.jpg,http://www.biolib.de/thome/band2/tafel_068.html,
Stellaria nemorum,,Band 2,tafel_064,http://www.biolib.de/thome/band2/tafel_064.jpg,http://www.biolib.de/thome/band2/tafel_064.html,
Stipa capillata,,Band 1,tafel_082,http://www.biolib.de/thome/band1/tafel_082.jpg,http://www.biolib.de/thome/band1/tafel_082.html,composite: 2 species on this plate
Stipa pennata,,Band 1,tafel_082,http://www.biolib.de/thome/band1/tafel_082.jpg,http://www.biolib.de/thome/band1/tafel_082.html,composite: 2 species on this plate
Stratiotes aloides,,Band 1,tafel_039,http://www.biolib.de/thome/band1/tafel_039.jpg,http://www.biolib.de/thome/band1/tafel_039.html,
Symphytum officinale,,Band 4,tafel_022,http://www.biolib.de/thome/band4/tafel_022.jpg,http://www.biolib.de/thome/band4/tafel_022.html,
Tamus communis,,Band 1,tafel_135,http://www.biolib.de/thome/band1/tafel_135.jpg,http://www.biolib.de/thome/band1/tafel_135.html,
Tanacetum vulgare,,Band 4,tafel_125,http://www.biolib.de/thome/band4/tafel_125.jpg,http://www.biolib.de/thome/band4/tafel_125.html,
Taraxacum officinale,,Band 4,tafel_146,http://www.biolib.de/thome/band4/tafel_146.jpg,http://www.biolib.de/thome/band4/tafel_146.html,
Taxus baccata,,Band 1,tafel_022,http://www.biolib.de/thome/band1/tafel_022.jpg,http://www.biolib.de/thome/band1/tafel_022.html,
Teucrium botrys,,Band 4,tafel_069,http://www.biolib.de/thome/band4/tafel_069.jpg,http://www.biolib.de/thome/band4/tafel_069.html,
Thalictrum flavum,,Band 2,tafel_076,http://www.biolib.de/thome/band2/tafel_076.jpg,http://www.biolib.de/thome/band2/tafel_076.html,
Thesium linophyllon,,Band 3,tafel_143,http://www.biolib.de/thome/band3/tafel_143.jpg,http://www.biolib.de/thome/band3/tafel_143.html,composite: 2 species on this plate
Thesium pyrenaicum,,Band 3,tafel_143,http://www.biolib.de/thome/band3/tafel_143.jpg,http://www.biolib.de/thome/band3/tafel_143.html,composite: 2 species on this plate
Thymus serpyllum,,Band 4,tafel_055,http://www.biolib.de/thome/band4/tafel_055.jpg,http://www.biolib.de/thome/band4/tafel_055.html,
Tofieldia calyculata,,Band 1,tafel_119,http://www.biolib.de/thome/band1/tafel_119.jpg,http://www.biolib.de/thome/band1/tafel_119.html,composite: 2 species on this plate
Tofieldia pusilla,,Band 1,tafel_119,http://www.biolib.de/thome/band1/tafel_119.jpg,http://www.biolib.de/thome/band1/tafel_119.html,composite: 2 species on this plate
Torilis japonica,,Band 3,tafel_072,http://www.biolib.de/thome/band3/tafel_072.jpg,http://www.biolib.de/thome/band3/tafel_072.html,composite: 3 species on this plate
Tragopogon pratensis,,Band 4,tafel_144,http://www.biolib.de/thome/band4/tafel_144.jpg,http://www.biolib.de/thome/band4/tafel_144.html,
Tragus racemosus,,Band 1,tafel_083,http://www.biolib.de/thome/band1/tafel_083.jpg,http://www.biolib.de/thome/band1/tafel_083.html,composite: 2 species on this plate
Trapa natans,,Band 3,tafel_028,http://www.biolib.de/thome/band3/tafel_028.jpg,http://www.biolib.de/thome/band3/tafel_028.html,
Trifolium arvense,,Band 3,tafel_114,http://www.biolib.de/thome/band3/tafel_114.jpg,http://www.biolib.de/thome/band3/tafel_114.html,composite: 2 species on this plate
Trifolium campestris,,Band 3,tafel_114,http://www.biolib.de/thome/band3/tafel_114.jpg,http://www.biolib.de/thome/band3/tafel_114.html,composite: 2 species on this plate
Trifolium pratense,,Band 3,tafel_113,http://www.biolib.de/thome/band3/tafel_113.jpg,http://www.biolib.de/thome/band3/tafel_113.html,
Trifolium repens,,Band 3,tafel_115,http://www.biolib.de/thome/band3/tafel_115.jpg,http://www.biolib.de/thome/band3/tafel_115.html,
Triglochin palustre,,Band 1,tafel_034,http://www.biolib.de/thome/band1/tafel_034.jpg,http://www.biolib.de/thome/band1/tafel_034.html,composite: 2 species on this plate
Trigonella foenum-graecum,,Band 3,tafel_117,http://www.biolib.de/thome/band3/tafel_117.jpg,http://www.biolib.de/thome/band3/tafel_117.html,
Triticum aestivum,,Band 1,tafel_051,http://www.biolib.de/thome/band1/tafel_051.jpg,http://www.biolib.de/thome/band1/tafel_051.html,composite: 3 species on this plate
Triticum aestivum,,Band 1,tafel_052,http://www.biolib.de/thome/band1/tafel_052.jpg,http://www.biolib.de/thome/band1/tafel_052.html,
Triticum compositum,,Band 1,tafel_051,http://www.biolib.de/thome/band1/tafel_051.jpg,http://www.biolib.de/thome/band1/tafel_051.html,composite: 3 species on this plate
Triticum durum,,Band 1,tafel_053,http://www.biolib.de/thome/band1/tafel_053.jpg,http://www.biolib.de/thome/band1/tafel_053.html,composite: 3 species on this plate
Triticum polonicum,,Band 1,tafel_053,http://www.biolib.de/thome/band1/tafel_053.jpg,http://www.biolib.de/thome/band1/tafel_053.html,composite: 3 species on this plate
Triticum spelta,,Band 1,tafel_053,http://www.biolib.de/thome/band1/tafel_053.jpg,http://www.biolib.de/thome/band1/tafel_053.html,composite: 3 species on this plate
Triticum turgidum,,Band 1,tafel_051,http://www.biolib.de/thome/band1/tafel_051.jpg,http://www.biolib.de/thome/band1/tafel_051.html,composite: 3 species on this plate
Trollius europaeus,,Band 2,tafel_090,http://www.biolib.de/thome/band2/tafel_090.jpg,http://www.biolib.de/thome/band2/tafel_090.html,
Tulipa sylvestris,,Band 1,tafel_124,http://www.biolib.de/thome/band1/tafel_124.jpg,http://www.biolib.de/thome/band1/tafel_124.html,
Turgenia latifolia,,Band 3,tafel_072,http://www.biolib.de/thome/band3/tafel_072.jpg,http://www.biolib.de/thome/band3/tafel_072.html,composite: 3 species on this plate
Turritis glabra,,Band 2,tafel_115,http://www.biolib.de/thome/band2/tafel_115.jpg,http://www.biolib.de/thome/band2/tafel_115.html,
Tussilago farfara,,Band 4,tafel_104,http://www.biolib.de/thome/band4/tafel_104.jpg,http://www.biolib.de/thome/band4/tafel_104.html,
Typha angustifolia,,Band 1,tafel_044,http://www.biolib.de/thome/band1/tafel_044.jpg,http://www.biolib.de/thome/band1/tafel_044.html,composite: 2 species on this plate
Typha latifolia,,Band 1,tafel_044,http://www.biolib.de/thome/band1/tafel_044.jpg,http://www.biolib.de/thome/band1/tafel_044.html,composite: 2 species on this plate
Ulex europaeus,,Band 3,tafel_108,http://www.biolib.de/thome/band3/tafel_108.jpg,http://www.biolib.de/thome/band3/tafel_108.html,
Ulmus minor,,Band 2,tafel_027,http://www.biolib.de/thome/band2/tafel_027.jpg,http://www.biolib.de/thome/band2/tafel_027.html,
Urtica dioica,,Band 2,tafel_021,http://www.biolib.de/thome/band2/tafel_021.jpg,http://www.biolib.de/thome/band2/tafel_021.html,
Utricularia vulgaris,,Band 4,tafel_049,http://www.biolib.de/thome/band4/tafel_049.jpg,http://www.biolib.de/thome/band4/tafel_049.html,
Vaccaria hispanica,,Band 2,tafel_055,http://www.biolib.de/thome/band2/tafel_055.jpg,http://www.biolib.de/thome/band2/tafel_055.html,
Vaccinium myrrtillus,,Band 4,tafel_007,http://www.biolib.de/thome/band4/tafel_007.jpg,http://www.biolib.de/thome/band4/tafel_007.html,
Valeriana officinalis,,Band 4,tafel_099,http://www.biolib.de/thome/band4/tafel_099.jpg,http://www.biolib.de/thome/band4/tafel_099.html,
Valerianella locusta,,Band 4,tafel_100,http://www.biolib.de/thome/band4/tafel_100.jpg,http://www.biolib.de/thome/band4/tafel_100.html,
Veratrum album,,Band 1,tafel_118,http://www.biolib.de/thome/band1/tafel_118.jpg,http://www.biolib.de/thome/band1/tafel_118.html,
Verbascum phlomoides,,Band 4,tafel_034,http://www.biolib.de/thome/band4/tafel_034.jpg,http://www.biolib.de/thome/band4/tafel_034.html,
Verbena officinalis,,Band 4,tafel_070,http://www.biolib.de/thome/band4/tafel_070.jpg,http://www.biolib.de/thome/band4/tafel_070.html,
Veronica officinalis,,Band 4,tafel_041,http://www.biolib.de/thome/band4/tafel_041.jpg,http://www.biolib.de/thome/band4/tafel_041.html,composite: 2 species on this plate
Veronica polita,,Band 4,tafel_042,http://www.biolib.de/thome/band4/tafel_042.jpg,http://www.biolib.de/thome/band4/tafel_042.html,composite: 2 species on this plate
Veronica triphyllos,,Band 4,tafel_042,http://www.biolib.de/thome/band4/tafel_042.jpg,http://www.biolib.de/thome/band4/tafel_042.html,composite: 2 species on this plate
Veronica urticifolia,,Band 4,tafel_041,http://www.biolib.de/thome/band4/tafel_041.jpg,http://www.biolib.de/thome/band4/tafel_041.html,composite: 2 species on this plate
Viburnum opulus,,Band 4,tafel_095,http://www.biolib.de/thome/band4/tafel_095.jpg,http://www.biolib.de/thome/band4/tafel_095.html,
Vicia faba,,Band 3,tafel_132,http://www.biolib.de/thome/band3/tafel_132.jpg,http://www.biolib.de/thome/band3/tafel_132.html,
Vicia sativa,,Band 3,tafel_133,http://www.biolib.de/thome/band3/tafel_133.jpg,http://www.biolib.de/thome/band3/tafel_133.html,
Vinca minor,,Band 4,tafel_081,http://www.biolib.de/thome/band4/tafel_081.jpg,http://www.biolib.de/thome/band4/tafel_081.html,
Vincetoxicum hirundinaria,,Band 4,tafel_082,http://www.biolib.de/thome/band4/tafel_082.jpg,http://www.biolib.de/thome/band4/tafel_082.html,
Viscum album,,Band 3,tafel_144,http://www.biolib.de/thome/band3/tafel_144.jpg,http://www.biolib.de/thome/band3/tafel_144.html,
Vitis vinifera,,Band 3,tafel_016,http://www.biolib.de/thome/band3/tafel_016.jpg,http://www.biolib.de/thome/band3/tafel_016.html,
Wolffia arrhiza,,Band 1,tafel_043,http://www.biolib.de/thome/band1/tafel_043.jpg,http://www.biolib.de/thome/band1/tafel_043.html,composite: 4 species on this plate
Woodsia alpina,,Band 1,tafel_011,http://www.biolib.de/thome/band1/tafel_011.jpg,http://www.biolib.de/thome/band1/tafel_011.html,composite: 2 species on this plate
Xanthium strumarium,,Band 4,tafel_117,http://www.biolib.de/thome/band4/tafel_117.jpg,http://www.biolib.de/thome/band4/tafel_117.html,
Zannichellia palustris,,Band 1,tafel_030,http://www.biolib.de/thome/band1/tafel_030.jpg,http://www.biolib.de/thome/band1/tafel_030.html,composite: 2 species on this plate
Zea mays,,Band 1,tafel_088,http://www.biolib.de/thome/band1/tafel_088.jpg,http://www.biolib.de/thome/band1/tafel_088.html,
Zostera noltii,,Band 1,tafel_030,http://www.biolib.de/thome/band1/tafel_030.jpg,http://www.biolib.de/thome/band1/tafel_030.html,composite: 2 species on this plate
