name_printed,common_printed,volume,plate,image_url,page_url,notes
Collinsia verna,Blue-Eyed Mary,,1970.355.584,https://ids.si.edu/ids/download?id=SAAM-1970.355.584_1.jpg,https://americanart.si.edu/collections/search/artwork/?id=25885,2112x3000
Euonymus americanus,Strawberry Bush,,1970.355.282,https://ids.si.edu/ids/download?id=SAAM-1970.355.282_2.jpg,https://americanart.si.edu/collections/search/artwork/?id=26374,2095x3000
Chelone glabra,Turtlehead,,1970.355.68,https://ids.si.edu/ids/download?id=SAAM-1970.355.68_2.jpg,https://americanart.si.edu/collections/search/artwork/?id=26405,2124x3000
Chimaphila maculata,Spotted Pipsissewa,,1970.355.20,https://ids.si.edu/ids/download?id=SAAM-1970.355.20_2.jpg,https://americanart.si.edu/collections/search/artwork/?id=26363,2081x3000
Petalostemon purpureum,Purple Prairieclover,,1970.355.657,https://ids.si.edu/ids/download?id=SAAM-1970.355.657_1.jpg,https://americanart.si.edu/collections/search/artwork/?id=26241,2125x3000
Sarracenia drummondii,Drummond Pitcherplant,,1970.355.666,https://ids.si.edu/ids/download?id=SAAM-1970.355.666_2.jpg,https://americanart.si.edu/collections/search/artwork/?id=25984,2048x3000
Delphinium nudicale,Red Larkspur,,1970.355.291,https://ids.si.edu/ids/download?id=SAAM-1970.355.291_1.jpg,https://americanart.si.edu/collections/search/artwork/?id=26267,2067x3000
Clematis hirsutissima,Leather Flower,,1970.355.110,https://ids.si.edu/ids/download?id=SAAM-1970.355.110_2.jpg,https://americanart.si.edu/collections/search/artwork/?id=26098,2069x3000
Silene latifolia,Bladder Campion,,1970.355.155,https://ids.si.edu/ids/download?id=SAAM-1970.355.155_2.jpg,https://americanart.si.edu/collections/search/artwork/?id=25877,2060x3000
Liriodendron tulipifera,Tuliptree,,1970.355.386,https://ids.si.edu/ids/download?id=SAAM-1970.355.386_2.jpg,https://americanart.si.edu/collections/search/artwork/?id=26403,2108x3000
Pyrola minor,Small Pyrola,,1970.355.510,https://ids.si.edu/ids/download?id=SAAM-1970.355.510_2.jpg,https://americanart.si.edu/collections/search/artwork/?id=26343,2081x3000
Dentaria laciniata,Cut Toothwort,,1970.355.587,https://ids.si.edu/ids/download?id=SAAM-1970.355.587_1.jpg,https://americanart.si.edu/collections/search/artwork/?id=25968,2112x3000
Ilex verticillata,Winterberry,,1970.355.394,https://ids.si.edu/ids/download?id=SAAM-1970.355.394_2.jpg,https://americanart.si.edu/collections/search/artwork/?id=26577,2155x3000
Oxycoccus palustris,Small Cranberry,,1970.355.518,https://ids.si.edu/ids/download?id=SAAM-1970.355.518_2.jpg,https://americanart.si.edu/collections/search/artwork/?id=26341,2117x3000
Tipularia uniflora,Crane-Fly Orchis,,1970.355.279,https://ids.si.edu/ids/download?id=SAAM-1970.355.279_2.jpg,https://americanart.si.edu/collections/search/artwork/?id=25954,2123x3000
Calochortus kennedyi,Desert Mariposa,,1970.355.299,https://ids.si.edu/ids/download?id=SAAM-1970.355.299_1.jpg,https://americanart.si.edu/collections/search/artwork/?id=25974,2086x3000
Viola orbiculata,Yellow Violet,,1970.355.98,https://ids.si.edu/ids/download?id=SAAM-1970.355.98_2.jpg,https://americanart.si.edu/collections/search/artwork/?id=26600,2088x3000
Echinopanax horridum,Devilsclub,,1970.355.373,https://ids.si.edu/ids/download?id=SAAM-1970.355.373_2.jpg,https://americanart.si.edu/collections/search/artwork/?id=25976,2076x3000
Hibiscus moscheutos,Rose Mallow,,1970.355.336,https://ids.si.edu/ids/download?id=SAAM-1970.355.336_2.jpg,https://americanart.si.edu/collections/search/artwork/?id=26289,2261x3000
Pinus palustris,Longleaf Pine,,1970.355.477,https://ids.si.edu/ids/download?id=SAAM-1970.355.477_2.jpg,https://americanart.si.edu/collections/search/artwork/?id=26111,2124x3000
Coryphantha arizonica,Hedgehog Cactus,,1970.355.49,https://ids.si.edu/ids/download?id=SAAM-1970.355.49_2.jpg,https://americanart.si.edu/collections/search/artwork/?id=26069,2058x3000
Pinus aristata,Bristle-Cone Pine,,1970.355.118,https://ids.si.edu/ids/download?id=SAAM-1970.355.118_2.jpg,https://americanart.si.edu/collections/search/artwork/?id=25901,2070x3000
Pinus taeda,Loblolly Pine,,1970.355.672,https://ids.si.edu/ids/download?id=SAAM-1970.355.672_2.jpg,https://americanart.si.edu/collections/search/artwork/?id=26109,2082x3000
Myosotis alpestris,Forget-Me-Not,,1970.355.158,https://ids.si.edu/ids/download?id=SAAM-1970.355.158_2.jpg,https://americanart.si.edu/collections/search/artwork/?id=26017,2071x3000
Eriophorum angustifolium,Tassel Cottongrass,,1970.355.649,https://ids.si.edu/ids/download?id=SAAM-1970.355.649_2.jpg,https://americanart.si.edu/collections/search/artwork/?id=26390,2086x3000
Hypopitys americana,Pale Pinesap,,1970.355.495,https://ids.si.edu/ids/download?id=SAAM-1970.355.495_2.jpg,https://americanart.si.edu/collections/search/artwork/?id=26175,2073x3000
Kalmia microphylla,Rocky Mountain Kalmia,,1970.355.621,https://ids.si.edu/ids/download?id=SAAM-1970.355.621_1.jpg,https://americanart.si.edu/collections/search/artwork/?id=26282,2076x3000
Saxifraga virginiensis,Early Saxifrage,,1970.355.188,https://ids.si.edu/ids/download?id=SAAM-1970.355.188_2.jpg,https://americanart.si.edu/collections/search/artwork/?id=25989,2119x3000
Gentiana saponaria,Bottle Gentian,,1970.355.499,https://ids.si.edu/ids/download?id=SAAM-1970.355.499_2.jpg,https://americanart.si.edu/collections/search/artwork/?id=25896,2106x3000
Comandra livida,Red Comandra,,1970.355.698,https://ids.si.edu/ids/download?id=SAAM-1970.355.698_2.jpg,https://americanart.si.edu/collections/search/artwork/?id=26261,2098x3000
Eschscholtzia mexicana,Mexican Poppy,,1970.355.730,https://ids.si.edu/ids/download?id=SAAM-1970.355.730_1.jpg,https://americanart.si.edu/collections/search/artwork/?id=26125,2097x3000
Ledum groenlandicum,Labrador Tea,,1970.355.201,https://ids.si.edu/ids/download?id=SAAM-1970.355.201_2.jpg,https://americanart.si.edu/collections/search/artwork/?id=26090,2099x3000
Trillium grandiflorum,Large White Trillium,,1970.355.578,https://ids.si.edu/ids/download?id=SAAM-1970.355.578_2.jpg,https://americanart.si.edu/collections/search/artwork/?id=26350,2080x3000
Clintonia borealis,Blue Bead,,1970.355.675,https://ids.si.edu/ids/download?id=SAAM-1970.355.675_1.jpg,https://americanart.si.edu/collections/search/artwork/?id=25881,2127x3000
Clematis crispa,Curly Clematis,,1970.355.488,https://ids.si.edu/ids/download?id=SAAM-1970.355.488_2.jpg,https://americanart.si.edu/collections/search/artwork/?id=25965,2101x3000
Cupressus macrocarpa,Monterey Cypress,,1970.355.40,https://ids.si.edu/ids/download?id=SAAM-1970.355.40_2.jpg,https://americanart.si.edu/collections/search/artwork/?id=26133,2087x3000
Trillium vasyi,Sweet Trillium,,1970.355.266,https://ids.si.edu/ids/download?id=SAAM-1970.355.266_2.jpg,https://americanart.si.edu/collections/search/artwork/?id=26385,2139x3000
Stenanthium occidentale,Bronzebells,,1970.355.405,https://ids.si.edu/ids/download?id=SAAM-1970.355.405_2.jpg,https://americanart.si.edu/collections/search/artwork/?id=25902,2091x3000
Clematis columbiana,Columbia Clematis,,1970.355.437,https://ids.si.edu/ids/download?id=SAAM-1970.355.437_2.jpg,https://americanart.si.edu/collections/search/artwork/?id=25948,2089x3000
Erigeron salsuginosus,Alaska Fleabane,,1970.355.627,https://ids.si.edu/ids/download?id=SAAM-1970.355.627_1.jpg,https://americanart.si.edu/collections/search/artwork/?id=25816,2055x3000
Pogonia ophioglossoides,Rose Pogonia,,1970.355.556,https://ids.si.edu/ids/download?id=SAAM-1970.355.556_1.jpg,https://americanart.si.edu/collections/search/artwork/?id=26291,2083x3000
Magnolia tripetala,Umbrella Tree,,1970.355.57,https://ids.si.edu/ids/download?id=SAAM-1970.355.57_2.jpg,https://americanart.si.edu/collections/search/artwork/?id=26408,2104x3000
Ophrys necrophylla,Rocky Mountain Twayblade,,1970.355.447,https://ids.si.edu/ids/download?id=SAAM-1970.355.447_2.jpg,https://americanart.si.edu/collections/search/artwork/?id=26284,2066x3000
Erythronium albidum,White Troutlily,,1970.355.354,https://ids.si.edu/ids/download?id=SAAM-1970.355.354_2.jpg,https://americanart.si.edu/collections/search/artwork/?id=26569,2101x3000
Rubus argutus,Highbush Blackberry,,1970.355.484,https://ids.si.edu/ids/download?id=SAAM-1970.355.484_2.jpg,https://americanart.si.edu/collections/search/artwork/?id=26074,2073x3000
Lobelia kalmii,Brook Lobelia,,1970.355.530,https://ids.si.edu/ids/download?id=SAAM-1970.355.530_2.jpg,https://americanart.si.edu/collections/search/artwork/?id=25903,2128x3000
Sarracenia rubra,Sweet Pitcherplant,,1970.355.588,https://ids.si.edu/ids/download?id=SAAM-1970.355.588_1.jpg,https://americanart.si.edu/collections/search/artwork/?id=26383,2102x3000
Larix lyallii,Lyall Larch,,1970.355.718,https://ids.si.edu/ids/download?id=SAAM-1970.355.718_1.jpg,https://americanart.si.edu/collections/search/artwork/?id=26115,2083x3000
Moneses uniflora,Wood-Nymph,,1970.355.147,https://ids.si.edu/ids/download?id=SAAM-1970.355.147_2.jpg,https://americanart.si.edu/collections/search/artwork/?id=26582,2110x3000
Tillandsia fasciculata,Wild Pineapple,,1970.355.491,https://ids.si.edu/ids/download?id=SAAM-1970.355.491_2.jpg,https://americanart.si.edu/collections/search/artwork/?id=26394,2084x3000
Tsuga heterophylla,Western Hemlock,,1970.355.318,https://ids.si.edu/ids/download?id=SAAM-1970.355.318_1.jpg,https://americanart.si.edu/collections/search/artwork/?id=26544,2069x3000
Aquilegia ecalcarata,Columbine,,1970.355.302,https://ids.si.edu/ids/download?id=SAAM-1970.355.302_1.jpg,https://americanart.si.edu/collections/search/artwork/?id=25950,2071x3000
Phlox paniculata,Perennial Phlox,,1970.355.267,https://ids.si.edu/ids/download?id=SAAM-1970.355.267_2.jpg,https://americanart.si.edu/collections/search/artwork/?id=26194,2101x3000
Pontederia cordata,Pickerelweed,,1970.355.369,https://ids.si.edu/ids/download?id=SAAM-1970.355.369_2.jpg,https://americanart.si.edu/collections/search/artwork/?id=26203,2122x3000
Gentiana saponaria,Bottle Gentian,,1970.355.202,https://ids.si.edu/ids/download?id=SAAM-1970.355.202_2.jpg,https://americanart.si.edu/collections/search/artwork/?id=25895,2155x3000
Chrysogonum virginianum,Golden Star,,1970.355.483,https://ids.si.edu/ids/download?id=SAAM-1970.355.483_2.jpg,https://americanart.si.edu/collections/search/artwork/?id=26045,2101x3000
Orthocarpus erianthus,Owl's Clover,,1970.355.294,https://ids.si.edu/ids/download?id=SAAM-1970.355.294_2.jpg,https://americanart.si.edu/collections/search/artwork/?id=26168,2100x3000
Rosa bourgeauiana,Bourgeau Rose,,1970.355.682,https://ids.si.edu/ids/download?id=SAAM-1970.355.682_2.jpg,https://americanart.si.edu/collections/search/artwork/?id=25898,2107x3000
Atamosco atamasco,Atamasco-Lily,,1970.355.593,https://ids.si.edu/ids/download?id=SAAM-1970.355.593_2.jpg,https://americanart.si.edu/collections/search/artwork/?id=25859,2089x3000
Thermopsis rhombifolia,Goldenpea,,1970.355.634,https://ids.si.edu/ids/download?id=SAAM-1970.355.634_2.jpg,https://americanart.si.edu/collections/search/artwork/?id=26043,2092x3000
Campanula rotundifolia,Harebell,,1970.355.706,https://ids.si.edu/ids/download?id=SAAM-1970.355.706_2.jpg,https://americanart.si.edu/collections/search/artwork/?id=26065,2074x3000
Orontium aquaticum,Goldenclub,,1970.355.560,https://ids.si.edu/ids/download?id=SAAM-1970.355.560_1.jpg,https://americanart.si.edu/collections/search/artwork/?id=26040,2092x3000
Pentstemon barbatus,Pentstemon,,1970.355.310,https://ids.si.edu/ids/download?id=SAAM-1970.355.310_1.jpg,https://americanart.si.edu/collections/search/artwork/?id=26189,2104x3000
Menyanthes trifoliata,Bogbean,,1970.355.563,https://ids.si.edu/ids/download?id=SAAM-1970.355.563_2.jpg,https://americanart.si.edu/collections/search/artwork/?id=25893,2103x3000
Penstimon fruiticosus,Penstemon,,1970.355.206,https://ids.si.edu/ids/download?id=SAAM-1970.355.206_2.jpg,https://americanart.si.edu/collections/search/artwork/?id=26190,2107x3000
Oxytropis podocarpa,Alpine Pointvetch,,1970.355.620,https://ids.si.edu/ids/download?id=SAAM-1970.355.620_1.jpg,https://americanart.si.edu/collections/search/artwork/?id=25829,2082x3000
Aquilegia caerulea,Blue Columbine,,1970.355.125,https://ids.si.edu/ids/download?id=SAAM-1970.355.125_2.jpg,https://americanart.si.edu/collections/search/artwork/?id=25847,1872x3000
Saxifraga caespitosa,Tufted Saxifrage,,1970.355.522,https://ids.si.edu/ids/download?id=SAAM-1970.355.522_1.jpg,https://americanart.si.edu/collections/search/artwork/?id=26402,2083x3000
Kruhsea streptopoides,Kruhsea,,1970.355.396,https://ids.si.edu/ids/download?id=SAAM-1970.355.396_2.jpg,https://americanart.si.edu/collections/search/artwork/?id=26088,2154x3000
Asclepias speciosa,Showy Milkweed,,1970.355.428,https://ids.si.edu/ids/download?id=SAAM-1970.355.428_2.jpg,https://americanart.si.edu/collections/search/artwork/?id=26322,2090x3000
Ilex vomitoria,Yaupon,,1970.355.564,https://ids.si.edu/ids/download?id=SAAM-1970.355.564_2.jpg,https://americanart.si.edu/collections/search/artwork/?id=26589,2098x3000
Menyanthes trifoliata,Buckbean,,1970.355.170,https://ids.si.edu/ids/download?id=SAAM-1970.355.170_2.jpg,https://americanart.si.edu/collections/search/artwork/?id=25905,2060x3000
Pinus flexilis,Limber Pine,,1970.355.526,https://ids.si.edu/ids/download?id=SAAM-1970.355.526_2.jpg,https://americanart.si.edu/collections/search/artwork/?id=26106,2099x3000
Azalea viscosa,Swamp Azalea,,1970.355.257,https://ids.si.edu/ids/download?id=SAAM-1970.355.257_1.jpg,https://americanart.si.edu/collections/search/artwork/?id=26378,2096x3000
Viola striata,Cream Violet,,1970.355.29,https://ids.si.edu/ids/download?id=SAAM-1970.355.29_2.jpg,https://americanart.si.edu/collections/search/artwork/?id=25955,2085x3000
Larix occidentalis,Western Larch,,1970.355.607,https://ids.si.edu/ids/download?id=SAAM-1970.355.607_2.jpg,https://americanart.si.edu/collections/search/artwork/?id=26546,2091x3000
Pedicularis bracteosa,Red-Helmet,,1970.355.596,https://ids.si.edu/ids/download?id=SAAM-1970.355.596_1.jpg,https://americanart.si.edu/collections/search/artwork/?id=26266,2099x3000
Lilium montanum,Lily,,1970.355.132,https://ids.si.edu/ids/download?id=SAAM-1970.355.132_2.jpg,https://americanart.si.edu/collections/search/artwork/?id=26104,2063x3000
Brodiaea pulchella,Wild Hyacinth,,1970.355.726,https://ids.si.edu/ids/download?id=SAAM-1970.355.726_2.jpg,https://americanart.si.edu/collections/search/artwork/?id=25947,2071x3000
Mimulus caespitosus,Alpine Monkey Flower,,1970.355.712,https://ids.si.edu/ids/download?id=SAAM-1970.355.712_1.jpg,https://americanart.si.edu/collections/search/artwork/?id=25827,2064x3000
Erigeron lanatus,Woolly Fleabane,,1970.355.123,https://ids.si.edu/ids/download?id=SAAM-1970.355.123_2.jpg,https://americanart.si.edu/collections/search/artwork/?id=26587,2090x3000
Hedysarum mackenzii,Sweetvetch,,1970.355.435,https://ids.si.edu/ids/download?id=SAAM-1970.355.435_2.jpg,https://americanart.si.edu/collections/search/artwork/?id=26384,2150x3000
Magnolia scuminata,Cucumber Tree,,1970.355.246,https://ids.si.edu/ids/download?id=SAAM-1970.355.246_1.jpg,https://americanart.si.edu/collections/search/artwork/?id=25964,2086x3000
Viola pedata,Pansy Violet,,1970.355.283,https://ids.si.edu/ids/download?id=SAAM-1970.355.283_2.jpg,https://americanart.si.edu/collections/search/artwork/?id=26178,2110x3000
Tripterocalyx pedunculatus,Untitled,,1970.355.44,https://ids.si.edu/ids/download?id=SAAM-1970.355.44_2.jpg,https://americanart.si.edu/collections/search/artwork/?id=26459,2091x3000
Epidendrum tampense,Tampa Epidendrum,,1970.355.490,https://ids.si.edu/ids/download?id=SAAM-1970.355.490_2.jpg,https://americanart.si.edu/collections/search/artwork/?id=26388,2108x3000
Trillium album,Wax Trillium,,1970.355.671,https://ids.si.edu/ids/download?id=SAAM-1970.355.671_1.jpg,https://americanart.si.edu/collections/search/artwork/?id=26539,2090x3000
Malus coronaria,Wild Sweet Crab,,1970.355.391,https://ids.si.edu/ids/download?id=SAAM-1970.355.391_2.jpg,https://americanart.si.edu/collections/search/artwork/?id=26574,2106x3000
Viola rafinesquii,Field Violet,,1970.355.549,https://ids.si.edu/ids/download?id=SAAM-1970.355.549_2.jpg,https://americanart.si.edu/collections/search/artwork/?id=26005,2116x3000
Bikukulla cucullaria,Dutchman's Breeches,,1970.355.211,https://ids.si.edu/ids/download?id=SAAM-1970.355.211_2.jpg,https://americanart.si.edu/collections/search/artwork/?id=25986,2876x3000
Gentiana affinis,Riverbank Gentian,,1970.355.425,https://ids.si.edu/ids/download?id=SAAM-1970.355.425_2.jpg,https://americanart.si.edu/collections/search/artwork/?id=26277,2109x3000
Prunella vulgaris,Self-Heal,,1970.355.22,https://ids.si.edu/ids/download?id=SAAM-1970.355.22_2.jpg,https://americanart.si.edu/collections/search/artwork/?id=26313,2090x3000
Houstonia serpyllifolia,Bluets,,1970.355.316,https://ids.si.edu/ids/download?id=SAAM-1970.355.316_1.jpg,https://americanart.si.edu/collections/search/artwork/?id=25891,2105x3000
Erigeron aureus,Golden Fleabane,,1970.355.133,https://ids.si.edu/ids/download?id=SAAM-1970.355.133_2.jpg,https://americanart.si.edu/collections/search/artwork/?id=26042,2068x3000
Cornus nuttallii,Pacific Dogwood,,1970.355.88,https://ids.si.edu/ids/download?id=SAAM-1970.355.88_2.jpg,https://americanart.si.edu/collections/search/artwork/?id=26171,2085x3000
Tsuga mertensiana,Mountain Hemlock,,1970.355.605,https://ids.si.edu/ids/download?id=SAAM-1970.355.605_2.jpg,https://americanart.si.edu/collections/search/artwork/?id=26141,2064x3000
Ceanothus thyrsiflorus,California Lilac,,1970.355.265,https://ids.si.edu/ids/download?id=SAAM-1970.355.265_2.jpg,https://americanart.si.edu/collections/search/artwork/?id=25919,2115x3000
Castilleja miniata,Giant Red Paintbrush,,1970.355.440,https://ids.si.edu/ids/download?id=SAAM-1970.355.440_2.jpg,https://americanart.si.edu/collections/search/artwork/?id=26096,2109x3000
Agoseris carnea,False Dandelion,,1970.355.28,https://ids.si.edu/ids/download?id=SAAM-1970.355.28_2.jpg,https://americanart.si.edu/collections/search/artwork/?id=26000,2071x3000
Allium sibericum,Siberian Onion,,1970.355.720,https://ids.si.edu/ids/download?id=SAAM-1970.355.720_1.jpg,https://americanart.si.edu/collections/search/artwork/?id=26327,2075x3000
Astragalus alpinus,Alpine Milkvetch,,1970.355.632,https://ids.si.edu/ids/download?id=SAAM-1970.355.632_1.jpg,https://americanart.si.edu/collections/search/artwork/?id=25826,2072x3000
Sieversia ciliata,Prairie-Smoke,,1970.355.393,https://ids.si.edu/ids/download?id=SAAM-1970.355.393_2.jpg,https://americanart.si.edu/collections/search/artwork/?id=26223,2150x3000
Cypripedium passerinum,Northern Lady's Slipper,,1970.355.429,https://ids.si.edu/ids/download?id=SAAM-1970.355.429_2.jpg,https://americanart.si.edu/collections/search/artwork/?id=26158,2112x3000
Epigaea repens,Trailing Arbutus,,1970.355.464,https://ids.si.edu/ids/download?id=SAAM-1970.355.464_2.jpg,https://americanart.si.edu/collections/search/artwork/?id=26396,2114x3000
Senecio pauciflorus,Rayless Groundsel,,1970.355.431,https://ids.si.edu/ids/download?id=SAAM-1970.355.431_2.jpg,https://americanart.si.edu/collections/search/artwork/?id=26259,2101x3000
Cracca virginiana,Rabbitbean,,1970.355.385,https://ids.si.edu/ids/download?id=SAAM-1970.355.385_2.jpg,https://americanart.si.edu/collections/search/artwork/?id=26255,2100x3000
Anemone parviflora,Northern Anemone,,1970.355.708,https://ids.si.edu/ids/download?id=SAAM-1970.355.708_1.jpg,https://americanart.si.edu/collections/search/artwork/?id=26153,2087x3000
Caltha palustris,Marsh Marigold,,1970.355.546,https://ids.si.edu/ids/download?id=SAAM-1970.355.546_2.jpg,https://americanart.si.edu/collections/search/artwork/?id=26116,2079x3000
Gentiana affinis,Gentian,,1970.355.327,https://ids.si.edu/ids/download?id=SAAM-1970.355.327_2.jpg,https://americanart.si.edu/collections/search/artwork/?id=26027,2115x3000
Erigeron jucundus,Pink Fleabane,,1970.355.144,https://ids.si.edu/ids/download?id=SAAM-1970.355.144_2.jpg,https://americanart.si.edu/collections/search/artwork/?id=26210,2085x3000
Rhododendron catawbiense,Mountain Rose-Bay,,1970.355.55,https://ids.si.edu/ids/download?id=SAAM-1970.355.55_2.jpg,https://americanart.si.edu/collections/search/artwork/?id=26145,2102x3000
Astragalus bourgovii,Burgess Milkvetch,,1970.355.360,https://ids.si.edu/ids/download?id=SAAM-1970.355.360_2.jpg,https://americanart.si.edu/collections/search/artwork/?id=25911,2097x3000
Agoseris aurantiaca,False Dandelion,,1970.355.1,https://ids.si.edu/ids/download?id=SAAM-1970.355.1_2.jpg,https://americanart.si.edu/collections/search/artwork/?id=26001,2109x3000
Sambucus pubens,Scarlet Elder,,1970.355.598,https://ids.si.edu/ids/download?id=SAAM-1970.355.598_1.jpg,https://americanart.si.edu/collections/search/artwork/?id=26305,2121x3000
Achillea lanulosa,Western Yarrow,,1970.355.489,https://ids.si.edu/ids/download?id=SAAM-1970.355.489_2.jpg,https://americanart.si.edu/collections/search/artwork/?id=26552,2085x3000
Viola digitata,Southern Bird's Foot Violet,,1970.355.192,https://ids.si.edu/ids/download?id=SAAM-1970.355.192_2.jpg,https://americanart.si.edu/collections/search/artwork/?id=26353,2109x3000
Sarracenia jonesii,Red Pitcherplant,,1970.355.328,https://ids.si.edu/ids/download?id=SAAM-1970.355.328_2.jpg,https://americanart.si.edu/collections/search/artwork/?id=26272,2140x3000
Pentstemon eatonii,Fire Pentstemon,,1970.355.731,https://ids.si.edu/ids/download?id=SAAM-1970.355.731_1.jpg,https://americanart.si.edu/collections/search/artwork/?id=26006,2099x3000
Azalea rosea,Downy Pinxter Bloom,,1970.355.570,https://ids.si.edu/ids/download?id=SAAM-1970.355.570_1.jpg,https://americanart.si.edu/collections/search/artwork/?id=25983,2073x3000
Trollius albiflorus,White Globeflower,,1970.355.690,https://ids.si.edu/ids/download?id=SAAM-1970.355.690_1.jpg,https://americanart.si.edu/collections/search/artwork/?id=26564,2027x3000
Dryas drummondii,Yellow Dryad,,1970.355.701,https://ids.si.edu/ids/download?id=SAAM-1970.355.701_2.jpg,https://americanart.si.edu/collections/search/artwork/?id=26591,2112x3000
Aquilegia canadensis,American Columbine,,1970.355.479,https://ids.si.edu/ids/download?id=SAAM-1970.355.479_2.jpg,https://americanart.si.edu/collections/search/artwork/?id=25834,2098x3000
Dodecatheon pauciflorum,Slender Shootingstar,,1970.355.614,https://ids.si.edu/ids/download?id=SAAM-1970.355.614_1.jpg,https://americanart.si.edu/collections/search/artwork/?id=26339,2108x3000
Rhododendron occidentale,Western Azalea,,1970.355.83,https://ids.si.edu/ids/download?id=SAAM-1970.355.83_1.jpg,https://americanart.si.edu/collections/search/artwork/?id=26540,2080x3000
Lonicera involucrata,Bearberry Honeysuckle,,1970.355.401,https://ids.si.edu/ids/download?id=SAAM-1970.355.401_2.jpg,https://americanart.si.edu/collections/search/artwork/?id=25869,2079x3000
Tofieldia intermedia,Bog-Asphodel,,1970.355.280,https://ids.si.edu/ids/download?id=SAAM-1970.355.280_2.jpg,https://americanart.si.edu/collections/search/artwork/?id=25892,2099x3000
Juniperus sibirica,Mountain Juniper,,1970.355.424,https://ids.si.edu/ids/download?id=SAAM-1970.355.424_2.jpg,https://americanart.si.edu/collections/search/artwork/?id=26142,2114x3000
Cypripedium acaule,Moccasin Flower,,1970.355.738,https://ids.si.edu/ids/download?id=SAAM-1970.355.738_1.jpg,https://americanart.si.edu/collections/search/artwork/?id=26130,2127x3000
Rubus pedatus,Red Dewberry,,1970.355.630,https://ids.si.edu/ids/download?id=SAAM-1970.355.630_1.jpg,https://americanart.si.edu/collections/search/artwork/?id=26265,2100x3000
Pinguicula vulgaris,Northern Butterwort,,1970.355.536,https://ids.si.edu/ids/download?id=SAAM-1970.355.536_2.jpg,https://americanart.si.edu/collections/search/artwork/?id=26156,2066x3000
Viola canadensis,Canada Violet,,1970.355.684,https://ids.si.edu/ids/download?id=SAAM-1970.355.684_1.jpg,https://americanart.si.edu/collections/search/artwork/?id=25928,2068x3000
Antennaria howellii,Gray Pussytoes,,1970.355.442,https://ids.si.edu/ids/download?id=SAAM-1970.355.442_2.jpg,https://americanart.si.edu/collections/search/artwork/?id=26052,2101x3000
Trillium grandiflorum,Wake-Robin,,1970.355.17,https://ids.si.edu/ids/download?id=SAAM-1970.355.17_2.jpg,https://americanart.si.edu/collections/search/artwork/?id=26531,2064x3000
Habenaria obtusata,One-Leaf-Bog-Orchid,,1970.355.417,https://ids.si.edu/ids/download?id=SAAM-1970.355.417_2.jpg,https://americanart.si.edu/collections/search/artwork/?id=26162,2058x3000
Silene acaulis,Carpet Pink,,1970.355.104,https://ids.si.edu/ids/download?id=SAAM-1970.355.104_2.jpg,https://americanart.si.edu/collections/search/artwork/?id=25937,2085x3000
Diplacus longiflorus,Buff Monkeyflower,,1970.355.538,https://ids.si.edu/ids/download?id=SAAM-1970.355.538_2.jpg,https://americanart.si.edu/collections/search/artwork/?id=25906,2107x3000
Conopholis americana,Bear Corn,,1970.355.552,https://ids.si.edu/ids/download?id=SAAM-1970.355.552_1.jpg,https://americanart.si.edu/collections/search/artwork/?id=26367,2122x3000
Castilleja rhexifolia,Indian Paintbrush,,1970.355.90,https://ids.si.edu/ids/download?id=SAAM-1970.355.90_2.jpg,https://americanart.si.edu/collections/search/artwork/?id=26081,1890x3000
Salix vestita,Rock Willow,,1970.355.309,https://ids.si.edu/ids/download?id=SAAM-1970.355.309_1.jpg,https://americanart.si.edu/collections/search/artwork/?id=26279,2065x3000
Abronia umbellata,Sand Verbena,,1970.355.38,https://ids.si.edu/ids/download?id=SAAM-1970.355.38_2.jpg,https://americanart.si.edu/collections/search/artwork/?id=26300,2091x3000
Quamasia quamash,Camas,,1970.355.695,https://ids.si.edu/ids/download?id=SAAM-1970.355.695_1.jpg,https://americanart.si.edu/collections/search/artwork/?id=25925,2086x3000
Gentiana andrewskii,Closed Gentian,,1970.355.334,https://ids.si.edu/ids/download?id=SAAM-1970.355.334_2.jpg,https://americanart.si.edu/collections/search/artwork/?id=25946,2093x3000
Stylomecon heterophylla,Wind Poppy,,1970.355.33,https://ids.si.edu/ids/download?id=SAAM-1970.355.33_2.jpg,https://americanart.si.edu/collections/search/artwork/?id=26576,2078x3000
Habenaria psychodes,Small Purple Fringe Orchid,,1970.355.86,https://ids.si.edu/ids/download?id=SAAM-1970.355.86_1.jpg,https://americanart.si.edu/collections/search/artwork/?id=26342,1794x2587
Clematis pseudoalpina,Jicarilla,,1970.355.46,https://ids.si.edu/ids/download?id=SAAM-1970.355.46_2.jpg,https://americanart.si.edu/collections/search/artwork/?id=26087,2059x3000
Viburnum americanum,Grouseberry,,1970.355.337,https://ids.si.edu/ids/download?id=SAAM-1970.355.337_2.jpg,https://americanart.si.edu/collections/search/artwork/?id=26060,2255x3000
Aronia arbutifolia,Red Chokeberry,,1970.355.371,https://ids.si.edu/ids/download?id=SAAM-1970.355.371_2.jpg,https://americanart.si.edu/collections/search/artwork/?id=26262,2144x3000
Erigeron macranthus,Fleabane,,1970.355.244,https://ids.si.edu/ids/download?id=SAAM-1970.355.244_1.jpg,https://americanart.si.edu/collections/search/artwork/?id=26012,2128x3000
Erysimum wheeleri,Wallflower,,1970.355.248,https://ids.si.edu/ids/download?id=SAAM-1970.355.248_1.jpg,https://americanart.si.edu/collections/search/artwork/?id=26535,2113x3000
Cyrtopodium punctatum,Spotted Cyrtopodium,,1970.355.550,https://ids.si.edu/ids/download?id=SAAM-1970.355.550_1.jpg,https://americanart.si.edu/collections/search/artwork/?id=26362,2103x3000
Trillium undulatum,Painted Trillium,,1970.355.472,https://ids.si.edu/ids/download?id=SAAM-1970.355.472_2.jpg,https://americanart.si.edu/collections/search/artwork/?id=26173,2126x3000
Phlox subulate,Moss Pink,,1970.355.256,https://ids.si.edu/ids/download?id=SAAM-1970.355.256_1.jpg,https://americanart.si.edu/collections/search/artwork/?id=26137,2098x3000
Vicia americana,American Vetch,,1970.355.528,https://ids.si.edu/ids/download?id=SAAM-1970.355.528_2.jpg,https://americanart.si.edu/collections/search/artwork/?id=25839,2084x3000
Cornus florida,Flowering Dogwood,,1970.355.658,https://ids.si.edu/ids/download?id=SAAM-1970.355.658_1.jpg,https://americanart.si.edu/collections/search/artwork/?id=26013,2090x3000
Calycanthus occidentalis,Spicebush,,1970.355.126,https://ids.si.edu/ids/download?id=SAAM-1970.355.126_2.jpg,https://americanart.si.edu/collections/search/artwork/?id=26359,2096x3000
Saussurea densa,Saussurea,,1970.355.529,https://ids.si.edu/ids/download?id=SAAM-1970.355.529_2.jpg,https://americanart.si.edu/collections/search/artwork/?id=26303,2112x3000
Potentilla fruticosa,Bush Cinquefoil,,1970.355.418,https://ids.si.edu/ids/download?id=SAAM-1970.355.418_2.jpg,https://americanart.si.edu/collections/search/artwork/?id=25912,2094x3000
Calochortus weedii,San Diego Mariposa,,1970.355.537,https://ids.si.edu/ids/download?id=SAAM-1970.355.537_2.jpg,https://americanart.si.edu/collections/search/artwork/?id=26297,2082x3000
Cirsium arizonica,Thistle,,1970.355.171,https://ids.si.edu/ids/download?id=SAAM-1970.355.171_1.jpg,https://americanart.si.edu/collections/search/artwork/?id=26392,2193x3000
Calochortus albus,White Fairy Lantern,,1970.355.80,https://ids.si.edu/ids/download?id=SAAM-1970.355.80_2.jpg,https://americanart.si.edu/collections/search/artwork/?id=26562,2083x3000
Dionaea muscipula,Venus Flytrap,,1970.355.557,https://ids.si.edu/ids/download?id=SAAM-1970.355.557_2.jpg,https://americanart.si.edu/collections/search/artwork/?id=26519,2121x3000
Zinnia grandiflora,Zinnia,,1970.355.212,https://ids.si.edu/ids/download?id=SAAM-1970.355.212_2.jpg,https://americanart.si.edu/collections/search/artwork/?id=26606,2089x3000
Astragalus bourgovii,Alpine Vetch,,1970.355.287,https://ids.si.edu/ids/download?id=SAAM-1970.355.287_2.jpg,https://americanart.si.edu/collections/search/artwork/?id=25831,2103x3000
Aesculus pavia,Red Buckeye,,1970.355.387,https://ids.si.edu/ids/download?id=SAAM-1970.355.387_2.jpg,https://americanart.si.edu/collections/search/artwork/?id=26260,2098x3000
Castanea dentata,American Chestnut,,1970.355.59,https://ids.si.edu/ids/download?id=SAAM-1970.355.59_2.jpg,https://americanart.si.edu/collections/search/artwork/?id=25832,2080x3000
Iris missouriensis,Western Blue Flag,,1970.355.47,https://ids.si.edu/ids/download?id=SAAM-1970.355.47_2.jpg,https://americanart.si.edu/collections/search/artwork/?id=26083,2066x3000
Diplaucus puniceus,Red Monkeyflower,,1970.355.652,https://ids.si.edu/ids/download?id=SAAM-1970.355.652_1.jpg,https://americanart.si.edu/collections/search/artwork/?id=26270,2067x3000
Tsuga heterophylla,Western Hemlock,,1970.355.606,https://ids.si.edu/ids/download?id=SAAM-1970.355.606_1.jpg,https://americanart.si.edu/collections/search/artwork/?id=26545,2070x3000
Dryas drummondii,Yellow Dryad,,1970.355.702,https://ids.si.edu/ids/download?id=SAAM-1970.355.702_2.jpg,https://americanart.si.edu/collections/search/artwork/?id=26592,2073x3000
Opuntia imbricata,Walkingstick Cholla,,1970.355.82,https://ids.si.edu/ids/download?id=SAAM-1970.355.82_2.jpg,https://americanart.si.edu/collections/search/artwork/?id=26415,2055x3000
Azalea vaseyi,Pinkshell Azalea,,1970.355.591,https://ids.si.edu/ids/download?id=SAAM-1970.355.591_1.jpg,https://americanart.si.edu/collections/search/artwork/?id=26216,2061x3000
Petasites hyperboreus,Northern Butterbur,,1970.355.527,https://ids.si.edu/ids/download?id=SAAM-1970.355.527_2.jpg,https://americanart.si.edu/collections/search/artwork/?id=26155,2102x3000
Senecio burkei,Ragwort,,1970.355.184,https://ids.si.edu/ids/download?id=SAAM-1970.355.184_2.jpg,https://americanart.si.edu/collections/search/artwork/?id=26257,2112x3000
Pedicularis groenlandica,Elephanthead,,1970.355.710,https://ids.si.edu/ids/download?id=SAAM-1970.355.710_1.jpg,https://americanart.si.edu/collections/search/artwork/?id=25990,2103x3000
Caltha leptosepala,Elkslip,,1970.355.624,https://ids.si.edu/ids/download?id=SAAM-1970.355.624_1.jpg,https://americanart.si.edu/collections/search/artwork/?id=25991,2087x3000
Rhododendron carolinianum,Rose-Bay Rhododendron,,1970.355.53,https://ids.si.edu/ids/download?id=SAAM-1970.355.53_2.jpg,https://americanart.si.edu/collections/search/artwork/?id=26285,2105x3000
Lilium parvum,Small Tiger Lily,,1970.355.85,https://ids.si.edu/ids/download?id=SAAM-1970.355.85_2.jpg,https://americanart.si.edu/collections/search/artwork/?id=26344,2056x3000
Romneya coulteri,Matilija Poppy,,1970.355.214,https://ids.si.edu/ids/download?id=SAAM-1970.355.214_2.jpg,https://americanart.si.edu/collections/search/artwork/?id=26117,2085x3000
Scutellaria serrata,Wood Skullcap,,1970.355.575,https://ids.si.edu/ids/download?id=SAAM-1970.355.575_1.jpg,https://americanart.si.edu/collections/search/artwork/?id=26584,2073x3000
Tragopogon porrifolius,Salsify,,1970.355.332,https://ids.si.edu/ids/download?id=SAAM-1970.355.332_2.jpg,https://americanart.si.edu/collections/search/artwork/?id=26295,2137x3000
Senecia triangularis,Arrowleaf Groundsel,,1970.355.722,https://ids.si.edu/ids/download?id=SAAM-1970.355.722_1.jpg,https://americanart.si.edu/collections/search/artwork/?id=25855,2095x3000
Mitchella repens,Partridgeberry,,1970.355.131,https://ids.si.edu/ids/download?id=SAAM-1970.355.131_2.jpg,https://americanart.si.edu/collections/search/artwork/?id=26182,1938x3000
Viola adunca,Purple Mountain Violet,,1970.355.519,https://ids.si.edu/ids/download?id=SAAM-1970.355.519_2.jpg,https://americanart.si.edu/collections/search/artwork/?id=26239,2111x3000
Phyllodoce empetriformis,Pink Mountain Heather,,1970.355.415,https://ids.si.edu/ids/download?id=SAAM-1970.355.415_2.jpg,https://americanart.si.edu/collections/search/artwork/?id=26214,2054x3000
Albies fraseri,Balsam Fir,,1970.355.277,https://ids.si.edu/ids/download?id=SAAM-1970.355.277_1.jpg,https://americanart.si.edu/collections/search/artwork/?id=25863,2064x3000
Acer carolinianum,Carolina Maple,,1970.355.476,https://ids.si.edu/ids/download?id=SAAM-1970.355.476_2.jpg,https://americanart.si.edu/collections/search/artwork/?id=25935,2084x3000
Cornus canadensis,Bunchberry,,1970.355.610,https://ids.si.edu/ids/download?id=SAAM-1970.355.610_1.jpg,https://americanart.si.edu/collections/search/artwork/?id=25909,2104x3000
Mimulus moschatus,Musk-Flower,,1970.355.193,https://ids.si.edu/ids/download?id=SAAM-1970.355.193_2.jpg,https://americanart.si.edu/collections/search/artwork/?id=26147,2126x3000
Erigeron unalaschcensis,Alpine Fleabane,,1970.355.96,https://ids.si.edu/ids/download?id=SAAM-1970.355.96_2.jpg,https://americanart.si.edu/collections/search/artwork/?id=25822,2077x3000
Caulanthus inflatus,Desert Candle,,1970.355.45,https://ids.si.edu/ids/download?id=SAAM-1970.355.45_2.jpg,https://americanart.si.edu/collections/search/artwork/?id=26366,2104x3000
Saxifraga bronchialis,Spotted Saxifrage,,1970.355.448,https://ids.si.edu/ids/download?id=SAAM-1970.355.448_2.jpg,https://americanart.si.edu/collections/search/artwork/?id=26364,2071x3000
Podphyllum paltatum,Mayapple,,1970.355.481,https://ids.si.edu/ids/download?id=SAAM-1970.355.481_2.jpg,https://americanart.si.edu/collections/search/artwork/?id=26118,2108x3000
Catilleja miniata,Alberta Paintbrush,,1970.355.709,https://ids.si.edu/ids/download?id=SAAM-1970.355.709_1.jpg,https://americanart.si.edu/collections/search/artwork/?id=25817,2083x3000
Lupinus perennis,Sun Dial Lupine,,1970.355.345,https://ids.si.edu/ids/download?id=SAAM-1970.355.345_1.jpg,https://americanart.si.edu/collections/search/artwork/?id=26376,2147x3000
Gentiana acuta,Ladder Gentian,,1970.355.631,https://ids.si.edu/ids/download?id=SAAM-1970.355.631_1.jpg,https://americanart.si.edu/collections/search/artwork/?id=26092,2094x3000
Liparis liliifolia,Lily Twayblade,,1970.355.375,https://ids.si.edu/ids/download?id=SAAM-1970.355.375_2.jpg,https://americanart.si.edu/collections/search/artwork/?id=26105,2095x3000
Phacelia linearis,Sand Phacelia,,1970.355.535,https://ids.si.edu/ids/download?id=SAAM-1970.355.535_2.jpg,https://americanart.si.edu/collections/search/artwork/?id=26299,2110x3000
Sarracenia minor,Hooded Pitcherplant,,1970.355.589,https://ids.si.edu/ids/download?id=SAAM-1970.355.589_2.jpg,https://americanart.si.edu/collections/search/artwork/?id=26077,2097x3000
Echinocerus perbellus,Turkeyhead Cactus,,1970.355.218,https://ids.si.edu/ids/download?id=SAAM-1970.355.218_2.jpg,https://americanart.si.edu/collections/search/artwork/?id=26404,2108x3000
Houstonia procumbens,Trailing Houstonia,,1970.355.89,https://ids.si.edu/ids/download?id=SAAM-1970.355.89_2.jpg,https://americanart.si.edu/collections/search/artwork/?id=26397,2036x3000
Viola pedata,Birdsfoot Violet,,1970.355.380,https://ids.si.edu/ids/download?id=SAAM-1970.355.380_2.jpg,https://americanart.si.edu/collections/search/artwork/?id=25875,2169x3000
Geranium viscosissimum,Western Cranesbill,,1970.355.644,https://ids.si.edu/ids/download?id=SAAM-1970.355.644_2.jpg,https://americanart.si.edu/collections/search/artwork/?id=26542,2093x3000
Hedysarum americanum,Pink Hedysarum,,1970.355.24,https://ids.si.edu/ids/download?id=SAAM-1970.355.24_2.jpg,https://americanart.si.edu/collections/search/artwork/?id=26213,2064x3000
Lobelia cardinalis,Cardinal Flower,,1970.355.338,https://ids.si.edu/ids/download?id=SAAM-1970.355.338_2.jpg,https://americanart.si.edu/collections/search/artwork/?id=25932,2290x3000
Romanzoffia sitchensis,Mistmaiden,,1970.355.436,https://ids.si.edu/ids/download?id=SAAM-1970.355.436_2.jpg,https://americanart.si.edu/collections/search/artwork/?id=26128,2150x3000
Vaccinium scoparium,Grouse Whortleberry,,1970.355.508,https://ids.si.edu/ids/download?id=SAAM-1970.355.508_1.jpg,https://americanart.si.edu/collections/search/artwork/?id=26062,2204x3000
Agoseris gracilens,Slender Agoseris,,1970.355.427,https://ids.si.edu/ids/download?id=SAAM-1970.355.427_2.jpg,https://americanart.si.edu/collections/search/artwork/?id=26337,2094x3000
Eschscholtzia californica,California Poppy,,1970.355.303,https://ids.si.edu/ids/download?id=SAAM-1970.355.303_1.jpg,https://americanart.si.edu/collections/search/artwork/?id=25922,2112x3000
Valeriana sitchensis,Heliotrope Valerian,,1970.355.703,https://ids.si.edu/ids/download?id=SAAM-1970.355.703_2.jpg,https://americanart.si.edu/collections/search/artwork/?id=26072,2102x3000
Clitoria mariana,Butterfly Pea,,1970.355.268,https://ids.si.edu/ids/download?id=SAAM-1970.355.268_2.jpg,https://americanart.si.edu/collections/search/artwork/?id=25914,2102x3000
Rhododendron maximum,Rhododendron,,1970.355.209,https://ids.si.edu/ids/download?id=SAAM-1970.355.209_2.jpg,https://americanart.si.edu/collections/search/artwork/?id=26276,2475x3000
Fritillaria biflora,Fritillary,,1970.355.297,https://ids.si.edu/ids/download?id=SAAM-1970.355.297_1.jpg,https://americanart.si.edu/collections/search/artwork/?id=26024,2114x3000
Menziesea glabella,Menziesea,,1970.355.194,https://ids.si.edu/ids/download?id=SAAM-1970.355.194_2.jpg,https://americanart.si.edu/collections/search/artwork/?id=26122,2144x3000
Anemone globosa,Globe Anemone,,1970.355.628,https://ids.si.edu/ids/download?id=SAAM-1970.355.628_1.jpg,https://americanart.si.edu/collections/search/artwork/?id=26038,2058x3000
Sequoia gigantea,Sequoia,,1970.355.10,https://ids.si.edu/ids/download?id=SAAM-1970.355.10_2.jpg,https://americanart.si.edu/collections/search/artwork/?id=26314,2098x3000
Orchis rotundifolia,Orchis,,1970.355.288,https://ids.si.edu/ids/download?id=SAAM-1970.355.288_2.jpg,https://americanart.si.edu/collections/search/artwork/?id=26167,2118x3000
Vaccinium corymbosum,Highbush Blueberry,,1970.355.566,https://ids.si.edu/ids/download?id=SAAM-1970.355.566_2.jpg,https://americanart.si.edu/collections/search/artwork/?id=26075,2105x3000
Cypripedium montanum,Mountain Lady's Slipper,,1970.355.340,https://ids.si.edu/ids/download?id=SAAM-1970.355.340_1.jpg,https://americanart.si.edu/collections/search/artwork/?id=26143,2146x3000
Viola septemloba,Southern Coast Violet,,1970.355.480,https://ids.si.edu/ids/download?id=SAAM-1970.355.480_2.jpg,https://americanart.si.edu/collections/search/artwork/?id=26354,2096x3000
Thuja plicata,Giant Arborvitae,,1970.355.525,https://ids.si.edu/ids/download?id=SAAM-1970.355.525_2.jpg,https://americanart.si.edu/collections/search/artwork/?id=26032,2029x3000
Prunus angustifolia,Chickasaw Plum,,1970.355.468,https://ids.si.edu/ids/download?id=SAAM-1970.355.468_2.jpg,https://americanart.si.edu/collections/search/artwork/?id=25941,2112x3000
Phyllodoce intermedia,Heather,,1970.355.225,https://ids.si.edu/ids/download?id=SAAM-1970.355.225_2.jpg,https://americanart.si.edu/collections/search/artwork/?id=26067,2150x3000
Epidendrum cochleatum,Orchid,,1970.355.284,https://ids.si.edu/ids/download?id=SAAM-1970.355.284_1.jpg,https://americanart.si.edu/collections/search/artwork/?id=26166,2100x3000
Kalmia polifolia,Bog Kalmia,,1970.355.471,https://ids.si.edu/ids/download?id=SAAM-1970.355.471_2.jpg,https://americanart.si.edu/collections/search/artwork/?id=25894,2076x3000
Erythronium montanum,Avalanche Lily,,1970.355.540,https://ids.si.edu/ids/download?id=SAAM-1970.355.540_2.jpg,https://americanart.si.edu/collections/search/artwork/?id=25861,2065x3000
Calochortus amabilis,Golden Fairy Lantern,,1970.355.41,https://ids.si.edu/ids/download?id=SAAM-1970.355.41_1.jpg,https://americanart.si.edu/collections/search/artwork/?id=26041,2095x3000
Sarracenia purpurea venosa,Common Pitcherplant,,1970.355.739,https://ids.si.edu/ids/download?id=SAAM-1970.355.739_2.jpg,https://americanart.si.edu/collections/search/artwork/?id=26357,2094x3000
Erigeron acris,Tall Fleabane,,1970.355.186,https://ids.si.edu/ids/download?id=SAAM-1970.355.186_2.jpg,https://americanart.si.edu/collections/search/artwork/?id=26386,2140x3000
Aconitum columbianum,Western Monkshood,,1970.355.81,https://ids.si.edu/ids/download?id=SAAM-1970.355.81_2.jpg,https://americanart.si.edu/collections/search/artwork/?id=26548,2098x3000
Trillium hugeri,Whippoorwill Flower,,1970.355.91,https://ids.si.edu/ids/download?id=SAAM-1970.355.91_2.jpg,https://americanart.si.edu/collections/search/artwork/?id=26553,2092x3000
Eschscholtzia glyptosperma,Desert Poppy,,1970.355.276,https://ids.si.edu/ids/download?id=SAAM-1970.355.276_1.jpg,https://americanart.si.edu/collections/search/artwork/?id=25975,2086x3000
Amelianchier oblongifolia,Shadbush,,1970.355.183,https://ids.si.edu/ids/download?id=SAAM-1970.355.183_2.jpg,https://americanart.si.edu/collections/search/artwork/?id=26315,2080x3000
Dryas octopetala,White Dryad,,1970.355.145,https://ids.si.edu/ids/download?id=SAAM-1970.355.145_2.jpg,https://americanart.si.edu/collections/search/artwork/?id=26558,2084x3000
Brodiaea laxa,Grass Nut,,1970.355.50,https://ids.si.edu/ids/download?id=SAAM-1970.355.50_2.jpg,https://americanart.si.edu/collections/search/artwork/?id=26048,2084x3000
Iris verna,Vernal Iris,,1970.355.352,https://ids.si.edu/ids/download?id=SAAM-1970.355.352_2.jpg,https://americanart.si.edu/collections/search/artwork/?id=26520,2170x3000
Salix drummondiana,Drummond Willow,,1970.355.717,https://ids.si.edu/ids/download?id=SAAM-1970.355.717_1.jpg,https://americanart.si.edu/collections/search/artwork/?id=25985,2121x3000
Magnolia cordata,Yellow Cucumbertree,,1970.355.667,https://ids.si.edu/ids/download?id=SAAM-1970.355.667_1.jpg,https://americanart.si.edu/collections/search/artwork/?id=26590,2097x3000
Robinia neomexicana,New Mexican Locust,,1970.355.177,https://ids.si.edu/ids/download?id=SAAM-1970.355.177_2.jpg,https://americanart.si.edu/collections/search/artwork/?id=26149,2110x3000
Lepargyrea canadensis,Canada Buffaloberry,,1970.355.453,https://ids.si.edu/ids/download?id=SAAM-1970.355.453_2.jpg,https://americanart.si.edu/collections/search/artwork/?id=25926,2097x3000
Azalea nudiflora,Pinxter Bloom,,1970.355.466,https://ids.si.edu/ids/download?id=SAAM-1970.355.466_2.jpg,https://americanart.si.edu/collections/search/artwork/?id=26218,2071x3000
Agava lechuguilla,Lechuguilla,,1970.355.311,https://ids.si.edu/ids/download?id=SAAM-1970.355.311_1.jpg,https://americanart.si.edu/collections/search/artwork/?id=26100,2124x3000
Eritichum elongatum,Moss Forget-me-not,,1970.355.696,https://ids.si.edu/ids/download?id=SAAM-1970.355.696_2.jpg,https://americanart.si.edu/collections/search/artwork/?id=26135,2082x3000
Drosera rotundifolia,Roundleaf Sundew,,1970.355.273,https://ids.si.edu/ids/download?id=SAAM-1970.355.273_1.jpg,https://americanart.si.edu/collections/search/artwork/?id=26293,2081x3000
Hymenocallis rotata,Spider Lily,,1970.355.492,https://ids.si.edu/ids/download?id=SAAM-1970.355.492_2.jpg,https://americanart.si.edu/collections/search/artwork/?id=26360,2083x3000
Cassiope mertensiana,Rocky Mountain Cassiope,,1970.355.416,https://ids.si.edu/ids/download?id=SAAM-1970.355.416_3.jpg,https://americanart.si.edu/collections/search/artwork/?id=26281,2063x3000
Sphaeralcea grossulariaefolia,Scarlet Globe Mallow,,1970.355.735,https://ids.si.edu/ids/download?id=SAAM-1970.355.735_2.jpg,https://americanart.si.edu/collections/search/artwork/?id=26307,2095x3000
Balsamorhiza sagittata,Balsamroot,,1970.355.410,https://ids.si.edu/ids/download?id=SAAM-1970.355.410_2.jpg,https://americanart.si.edu/collections/search/artwork/?id=25864,2084x3000
Abies lasiocarpa,Alpine Fir,,1970.355.357,https://ids.si.edu/ids/download?id=SAAM-1970.355.357_2.jpg,https://americanart.si.edu/collections/search/artwork/?id=25821,2159x3000
Monotropa uniflora,Indian Pipe,,1970.355.600,https://ids.si.edu/ids/download?id=SAAM-1970.355.600_2.jpg,https://americanart.si.edu/collections/search/artwork/?id=26082,2068x3000
Salix nivalis,Snow Willow,,1970.355.615,https://ids.si.edu/ids/download?id=SAAM-1970.355.615_1.jpg,https://americanart.si.edu/collections/search/artwork/?id=26351,2115x3000
Asimina triloba,Papaw,,1970.355.665,https://ids.si.edu/ids/download?id=SAAM-1970.355.665_1.jpg,https://americanart.si.edu/collections/search/artwork/?id=26179,2083x3000
Befaria racemosa,Tarflower,,1970.355.356,https://ids.si.edu/ids/download?id=SAAM-1970.355.356_2.jpg,https://americanart.si.edu/collections/search/artwork/?id=26389,2108x3000
Oxytropia gracilis,False Locoweed,,1970.355.342,https://ids.si.edu/ids/download?id=SAAM-1970.355.342_2.jpg,https://americanart.si.edu/collections/search/artwork/?id=26003,2187x3000
Godetia amoena lilja,Farewell to Spring,,1970.355.116,https://ids.si.edu/ids/download?id=SAAM-1970.355.116_2.jpg,https://americanart.si.edu/collections/search/artwork/?id=26004,2038x3000
Jeffersonia diphylla,Twinleaf,,1970.355.413,https://ids.si.edu/ids/download?id=SAAM-1970.355.413_2.jpg,https://americanart.si.edu/collections/search/artwork/?id=26407,2097x3000
Rubus parviflorus,White Flowering Raspberry,,1970.355.678,https://ids.si.edu/ids/download?id=SAAM-1970.355.678_1.jpg,https://americanart.si.edu/collections/search/artwork/?id=26563,2090x3000
Orthocarpus tenuifolius,Owl-clover,,1970.355.457,https://ids.si.edu/ids/download?id=SAAM-1970.355.457_2.jpg,https://americanart.si.edu/collections/search/artwork/?id=26169,2110x3000
Antennaria racemosa,Pussy-Toes,,1970.355.23,https://ids.si.edu/ids/download?id=SAAM-1970.355.23_2.jpg,https://americanart.si.edu/collections/search/artwork/?id=26245,2073x3000
Pyrola asarifolia,Showy Pyrolla,,1970.355.130,https://ids.si.edu/ids/download?id=SAAM-1970.355.130_2.jpg,https://americanart.si.edu/collections/search/artwork/?id=26326,2082x3000
Juniperus horizontalis,Creeping Juniper,,1970.355.716,https://ids.si.edu/ids/download?id=SAAM-1970.355.716_1.jpg,https://americanart.si.edu/collections/search/artwork/?id=25956,2072x3000
Elaeagnus commutata,Silverberry,,1970.355.412,https://ids.si.edu/ids/download?id=SAAM-1970.355.412_2.jpg,https://americanart.si.edu/collections/search/artwork/?id=26332,2140x3000
Rhododendron maximum,Rosebay Rhododendron,,1970.355.592,https://ids.si.edu/ids/download?id=SAAM-1970.355.592_2.jpg,https://americanart.si.edu/collections/search/artwork/?id=26286,2053x3000
Erigeron caespitosus,Pink Fleabane,,1970.355.402,https://ids.si.edu/ids/download?id=SAAM-1970.355.402_2.jpg,https://americanart.si.edu/collections/search/artwork/?id=26209,2061x3000
Habenaria ciliaris,Yellow Fringe Orchid,,1970.355.677,https://ids.si.edu/ids/download?id=SAAM-1970.355.677_1.jpg,https://americanart.si.edu/collections/search/artwork/?id=26594,2098x3000
Moneses uniflora,Wood Nymph,,1970.355.611,https://ids.si.edu/ids/download?id=SAAM-1970.355.611_1.jpg,https://americanart.si.edu/collections/search/artwork/?id=26583,2091x3000
Rhododendron speciosum,Flame Azalea,,1970.355.245,https://ids.si.edu/ids/download?id=SAAM-1970.355.245_1.jpg,https://americanart.si.edu/collections/search/artwork/?id=26011,2109x3000
Pieris mariana,Stagger-Bush,,1970.355.19,https://ids.si.edu/ids/download?id=SAAM-1970.355.19_2.jpg,https://americanart.si.edu/collections/search/artwork/?id=26370,2079x3000
Oenothera howardi,Evening Primrose,,1970.355.229,https://ids.si.edu/ids/download?id=SAAM-1970.355.229_2.jpg,https://americanart.si.edu/collections/search/artwork/?id=25995,2111x3000
Lupinus fornosus,Lupine,,1970.355.295,https://ids.si.edu/ids/download?id=SAAM-1970.355.295_2.jpg,https://americanart.si.edu/collections/search/artwork/?id=26114,2128x3000
Gentiana elegana,Fringed Gentian,,1970.355.275,https://ids.si.edu/ids/download?id=SAAM-1970.355.275_1.jpg,https://americanart.si.edu/collections/search/artwork/?id=26020,2096x3000
Magnolia acuminata,Cucumbertree,,1970.355.569,https://ids.si.edu/ids/download?id=SAAM-1970.355.569_2.jpg,https://americanart.si.edu/collections/search/artwork/?id=25963,2095x3000
Pentstemon macranthus,Pentstemon,,1970.355.263,https://ids.si.edu/ids/download?id=SAAM-1970.355.263_1.jpg,https://americanart.si.edu/collections/search/artwork/?id=26191,2059x3000
Phacelia parryi,Phacelia,,1970.355.261,https://ids.si.edu/ids/download?id=SAAM-1970.355.261_1.jpg,https://americanart.si.edu/collections/search/artwork/?id=26197,2110x3000
Arnica louisiana,Lake Louise Arnica,,1970.355.349,https://ids.si.edu/ids/download?id=SAAM-1970.355.349_2.jpg,https://americanart.si.edu/collections/search/artwork/?id=26094,2091x3000
Picea engelmanni,Engelmann Spruce,,1970.355.715,https://ids.si.edu/ids/download?id=SAAM-1970.355.715_1.jpg,https://americanart.si.edu/collections/search/artwork/?id=25992,2081x3000
Calla palustris,Wild Calla,,1970.355.467,https://ids.si.edu/ids/download?id=SAAM-1970.355.467_2.jpg,https://americanart.si.edu/collections/search/artwork/?id=26570,2087x3000
Calochortus anoenum,Purple Fairy Lantern,,1970.355.39,https://ids.si.edu/ids/download?id=SAAM-1970.355.39_2.jpg,https://americanart.si.edu/collections/search/artwork/?id=26237,2047x3000
Mimulus lewisii,Lewis Monkey Flower,,1970.355.711,https://ids.si.edu/ids/download?id=SAAM-1970.355.711_1.jpg,https://americanart.si.edu/collections/search/artwork/?id=26102,2066x3000
Vaccinium membranaceum,Big Whortleberry,,1970.355.346,https://ids.si.edu/ids/download?id=SAAM-1970.355.346_2.jpg,https://americanart.si.edu/collections/search/artwork/?id=25874,2130x3000
Magnolia virginiana,Sweetbay,,1970.355.662,https://ids.si.edu/ids/download?id=SAAM-1970.355.662_2.jpg,https://americanart.si.edu/collections/search/artwork/?id=26382,2086x3000
Yucca baileyi,Yucca,,1970.355.734,https://ids.si.edu/ids/download?id=SAAM-1970.355.734_1.jpg,https://americanart.si.edu/collections/search/artwork/?id=26604,2188x3000
Artemisia discolor,Rock Wormwood,,1970.355.625,https://ids.si.edu/ids/download?id=SAAM-1970.355.625_1.jpg,https://americanart.si.edu/collections/search/artwork/?id=26280,2091x3000
Sarracenia minor,Hybrid Pitcherplant,,1970.355.330,https://ids.si.edu/ids/download?id=SAAM-1970.355.330_2.jpg,https://americanart.si.edu/collections/search/artwork/?id=26079,2089x3000
Syndesmon thalictroides,Anemonella,,1970.355.353,https://ids.si.edu/ids/download?id=SAAM-1970.355.353_2.jpg,https://americanart.si.edu/collections/search/artwork/?id=25845,2103x3000
Crataegus coccinea,Thicket Hawthorn,,1970.355.191,https://ids.si.edu/ids/download?id=SAAM-1970.355.191_2.jpg,https://americanart.si.edu/collections/search/artwork/?id=26391,2122x3000
Lithospermum ruderale,Puccoon,,1970.355.321,https://ids.si.edu/ids/download?id=SAAM-1970.355.321_2.jpg,https://americanart.si.edu/collections/search/artwork/?id=26234,2163x3000
Trillium simile,Wake-Robin,,1970.355.167,https://ids.si.edu/ids/download?id=SAAM-1970.355.167_2.jpg,https://americanart.si.edu/collections/search/artwork/?id=26533,2090x3000
Myosotis alpestris,Alpine Forget-me-not,,1970.355.689,https://ids.si.edu/ids/download?id=SAAM-1970.355.689_1.jpg,https://americanart.si.edu/collections/search/artwork/?id=25824,2089x3000
Saxifraga oppositifolia,Purple Saxifrage,,1970.355.383,https://ids.si.edu/ids/download?id=SAAM-1970.355.383_2.jpg,https://americanart.si.edu/collections/search/artwork/?id=26243,2125x3000
Iris versicolor,Blueflag Iris,,1970.355.669,https://ids.si.edu/ids/download?id=SAAM-1970.355.669_2.jpg,https://americanart.si.edu/collections/search/artwork/?id=25886,2073x3000
Pinus albicaulis,Whitebark Pine,,1970.355.714,https://ids.si.edu/ids/download?id=SAAM-1970.355.714_1.jpg,https://americanart.si.edu/collections/search/artwork/?id=26556,2114x3000
Bignonia radicans,Trumpet Creeper,,1970.355.565,https://ids.si.edu/ids/download?id=SAAM-1970.355.565_2.jpg,https://americanart.si.edu/collections/search/artwork/?id=26400,2101x3000
Phoradendron flavescens,American Mistletoe,,1970.355.603,https://ids.si.edu/ids/download?id=SAAM-1970.355.603_2.jpg,https://americanart.si.edu/collections/search/artwork/?id=25835,2098x3000
Hepatica americana,Hepatica,,1970.355.463,https://ids.si.edu/ids/download?id=SAAM-1970.355.463_2.jpg,https://americanart.si.edu/collections/search/artwork/?id=26073,2080x3000
Vaccinium vitisidaea minus,Mountain Cranberry,,1970.355.531,https://ids.si.edu/ids/download?id=SAAM-1970.355.531_2.jpg,https://americanart.si.edu/collections/search/artwork/?id=26138,2131x3000
Lilium columbianum,Columbia Lily,,1970.355.653,https://ids.si.edu/ids/download?id=SAAM-1970.355.653_1.jpg,https://americanart.si.edu/collections/search/artwork/?id=25949,2094x3000
Aquilegia flavescens,Lemon Columbine,,1970.355.539,https://ids.si.edu/ids/download?id=SAAM-1970.355.539_2.jpg,https://americanart.si.edu/collections/search/artwork/?id=26101,2075x3000
Clintonia uniflora,Queencup,,1970.355.541,https://ids.si.edu/ids/download?id=SAAM-1970.355.541_2.jpg,https://americanart.si.edu/collections/search/artwork/?id=26251,2093x3000
Senecio species,Alpine Ragwort,,1970.355.102,https://ids.si.edu/ids/download?id=SAAM-1970.355.102_2.jpg,https://americanart.si.edu/collections/search/artwork/?id=25830,2055x3000
Campanula lasiocarpa,Alpine Harebell,,1970.355.705,https://ids.si.edu/ids/download?id=SAAM-1970.355.705_2.jpg,https://americanart.si.edu/collections/search/artwork/?id=25825,2077x3000
Dodecatheon meadia,Shooting Star,,1970.355.389,https://ids.si.edu/ids/download?id=SAAM-1970.355.389_2.jpg,https://americanart.si.edu/collections/search/artwork/?id=26317,2109x3000
Polygala lutea,Orange Polygala,,1970.355.595,https://ids.si.edu/ids/download?id=SAAM-1970.355.595_1.jpg,https://americanart.si.edu/collections/search/artwork/?id=26165,2071x3000
Chimaphila umbellata,Western Pipsissewa,,1970.355.697,https://ids.si.edu/ids/download?id=SAAM-1970.355.697_2.jpg,https://americanart.si.edu/collections/search/artwork/?id=26550,2061x3000
Ledum groenlandicum,Labrador Tea,,1970.355.403,https://ids.si.edu/ids/download?id=SAAM-1970.355.403_2.jpg,https://americanart.si.edu/collections/search/artwork/?id=26091,2142x3000
Orchis spectabilis,Showy Orchis,,1970.355.579,https://ids.si.edu/ids/download?id=SAAM-1970.355.579_1.jpg,https://americanart.si.edu/collections/search/artwork/?id=26324,2071x3000
Diospyros virginiana,Persimmon,,1970.355.4,https://ids.si.edu/ids/download?id=SAAM-1970.355.4_2.jpg,https://americanart.si.edu/collections/search/artwork/?id=26196,2093x3000
Pogonia divaricata,Rosebud Orchid,,1970.355.580,https://ids.si.edu/ids/download?id=SAAM-1970.355.580_1.jpg,https://americanart.si.edu/collections/search/artwork/?id=26287,2096x3000
Fremontodendron mexicanum,Mexican Fremontia,,1970.355.544,https://ids.si.edu/ids/download?id=SAAM-1970.355.544_2.jpg,https://americanart.si.edu/collections/search/artwork/?id=26124,2090x3000
Vaccinum scoparium,Grouse Whortleberry,,1970.355.507,https://ids.si.edu/ids/download?id=SAAM-1970.355.507_2.jpg,https://americanart.si.edu/collections/search/artwork/?id=26061,2099x3000
Fallugia paradoxa,Apache Plume,,1970.355.307,https://ids.si.edu/ids/download?id=SAAM-1970.355.307_1.jpg,https://americanart.si.edu/collections/search/artwork/?id=25846,2095x3000
Silene virginica,Fire Pink,,1970.355.58,https://ids.si.edu/ids/download?id=SAAM-1970.355.58_2.jpg,https://americanart.si.edu/collections/search/artwork/?id=26007,2070x3000
Pinus monophylla,Single-Leaf Pine,,1970.355.127,https://ids.si.edu/ids/download?id=SAAM-1970.355.127_2.jpg,https://americanart.si.edu/collections/search/artwork/?id=26333,2088x3000
Actaea arguta,Ivory Baneberry,,1970.355.414,https://ids.si.edu/ids/download?id=SAAM-1970.355.414_2.jpg,https://americanart.si.edu/collections/search/artwork/?id=26084,2099x3000
Streptopus amplexifolius,Clasping Twisted Stalk,,1970.355.422,https://ids.si.edu/ids/download?id=SAAM-1970.355.422_2.jpg,https://americanart.si.edu/collections/search/artwork/?id=25944,2119x3000
Allium sibiricum,Northern Onion,,1970.355.3,https://ids.si.edu/ids/download?id=SAAM-1970.355.3_2.jpg,https://americanart.si.edu/collections/search/artwork/?id=26159,2122x3000
Sarracenia psittacina,Parrot Pitcherplant,,1970.355.574,https://ids.si.edu/ids/download?id=SAAM-1970.355.574_2.jpg,https://americanart.si.edu/collections/search/artwork/?id=26180,2090x3000
Drosera rotundifolia,Thread Leaf Sundew,,1970.355.272,https://ids.si.edu/ids/download?id=SAAM-1970.355.272_1.jpg,https://americanart.si.edu/collections/search/artwork/?id=26393,2114x3000
Primula maccalliana,Alberta Primrose,,1970.355.612,https://ids.si.edu/ids/download?id=SAAM-1970.355.612_1.jpg,https://americanart.si.edu/collections/search/artwork/?id=25818,2096x3000
Comandra pallida,Bastard Toadflax,,1970.355.135,https://ids.si.edu/ids/download?id=SAAM-1970.355.135_2.jpg,https://americanart.si.edu/collections/search/artwork/?id=25865,2139x3000
Pyrola chlorantha,Green Pyrola,,1970.355.451,https://ids.si.edu/ids/download?id=SAAM-1970.355.451_2.jpg,https://americanart.si.edu/collections/search/artwork/?id=26058,2086x3000
Cowania stanshuriana,Cliffrose,,1970.355.315,https://ids.si.edu/ids/download?id=SAAM-1970.355.315_1.jpg,https://americanart.si.edu/collections/search/artwork/?id=25945,2101x3000
Sorbus sambucifolia,Western Mountain Ash,,1970.355.500,https://ids.si.edu/ids/download?id=SAAM-1970.355.500_2.jpg,https://americanart.si.edu/collections/search/artwork/?id=26549,2115x3000
Arctomecon merriami,Bearpoppy,,1970.355.300,https://ids.si.edu/ids/download?id=SAAM-1970.355.300_2.jpg,https://americanart.si.edu/collections/search/artwork/?id=25871,2068x3000
Dendromecon rigidum,Bushpoppy,,1970.355.729,https://ids.si.edu/ids/download?id=SAAM-1970.355.729_2.jpg,https://americanart.si.edu/collections/search/artwork/?id=25913,2089x3000
Verbena wrightii,Vervain,,1970.355.168,https://ids.si.edu/ids/download?id=SAAM-1970.355.168_2.jpg,https://americanart.si.edu/collections/search/artwork/?id=26523,2145x3000
Epilobium angustifolium,Fireweed,,1970.355.638,https://ids.si.edu/ids/download?id=SAAM-1970.355.638_2.jpg,https://americanart.si.edu/collections/search/artwork/?id=26009,2088x3000
Primula angustifolia,Primrose,,1970.355.180,https://ids.si.edu/ids/download?id=SAAM-1970.355.180_2.jpg,https://americanart.si.edu/collections/search/artwork/?id=26228,2098x3000
Epilobium angustifolium,Fireweed,,1970.355.151,https://ids.si.edu/ids/download?id=SAAM-1970.355.151_2.jpg,https://americanart.si.edu/collections/search/artwork/?id=26008,2107x3000
Aster conspicuus,Showy Aster,,1970.355.182,https://ids.si.edu/ids/download?id=SAAM-1970.355.182_2.jpg,https://americanart.si.edu/collections/search/artwork/?id=26319,2112x3000
Gaylussacia brachycera,Box Huckleberry,,1970.355.567,https://ids.si.edu/ids/download?id=SAAM-1970.355.567_2.jpg,https://americanart.si.edu/collections/search/artwork/?id=25900,2123x3000
Calochortus nuttallii,Sego Lily,,1970.355.87,https://ids.si.edu/ids/download?id=SAAM-1970.355.87_2.jpg,https://americanart.si.edu/collections/search/artwork/?id=26312,2075x3000
Erigeron salsuginosus,Showy Fleabane,,1970.355.146,https://ids.si.edu/ids/download?id=SAAM-1970.355.146_2.jpg,https://americanart.si.edu/collections/search/artwork/?id=26320,2053x3000
Silene caroliniana,Peatpink,,1970.355.586,https://ids.si.edu/ids/download?id=SAAM-1970.355.586_1.jpg,https://americanart.si.edu/collections/search/artwork/?id=26185,2063x3000
Sedum stenopetalum,Yellow Stonecrop,,1970.355.224,https://ids.si.edu/ids/download?id=SAAM-1970.355.224_2.jpg,https://americanart.si.edu/collections/search/artwork/?id=26599,2117x3000
Echinocereus viridiflorus,Green Strawberry Cactus,,1970.355.645,https://ids.si.edu/ids/download?id=SAAM-1970.355.645_1.jpg,https://americanart.si.edu/collections/search/artwork/?id=26059,2063x3000
Clintonia borealis,Blue Bead,,1970.355.61,https://ids.si.edu/ids/download?id=SAAM-1970.355.61_2.jpg,https://americanart.si.edu/collections/search/artwork/?id=25880,2094x3000
Bikukulla canadensis,Squirrel Corn,,1970.355.474,https://ids.si.edu/ids/download?id=SAAM-1970.355.474_2.jpg,https://americanart.si.edu/collections/search/artwork/?id=26368,2086x3000
Mertensia virginica,Virginia Bluebells,,1970.355.359,https://ids.si.edu/ids/download?id=SAAM-1970.355.359_2.jpg,https://americanart.si.edu/collections/search/artwork/?id=26527,2164x3000
Houstonia caerulea,Quakerladies,,1970.355.400,https://ids.si.edu/ids/download?id=SAAM-1970.355.400_2.jpg,https://americanart.si.edu/collections/search/artwork/?id=26249,2069x3000
Viburnum pauciflorum,Cranberrybush,,1970.355.654,https://ids.si.edu/ids/download?id=SAAM-1970.355.654_2.jpg,https://americanart.si.edu/collections/search/artwork/?id=25953,2106x3000
Antennaria rosea,Pink Pussytoes,,1970.355.623,https://ids.si.edu/ids/download?id=SAAM-1970.355.623_1.jpg,https://americanart.si.edu/collections/search/artwork/?id=26215,2113x3000
Arethusa bulbosa,Arethusa,,1970.355.398,https://ids.si.edu/ids/download?id=SAAM-1970.355.398_2.jpg,https://americanart.si.edu/collections/search/artwork/?id=25852,2131x3000
Orchis spectabilis,Showy Orchids,,1970.355.9,https://ids.si.edu/ids/download?id=SAAM-1970.355.9_1.jpg,https://americanart.si.edu/collections/search/artwork/?id=26323,2114x3000
Arnica tomentosa,Woolly Arnica,,1970.355.685,https://ids.si.edu/ids/download?id=SAAM-1970.355.685_1.jpg,https://americanart.si.edu/collections/search/artwork/?id=26586,2078x3000
Azalea lutea,Flame Azalea,,1970.355.384,https://ids.si.edu/ids/download?id=SAAM-1970.355.384_2.jpg,https://americanart.si.edu/collections/search/artwork/?id=26010,2130x3000
Baptista bructeata,False Indigo,,1970.355.60,https://ids.si.edu/ids/download?id=SAAM-1970.355.60_2.jpg,https://americanart.si.edu/collections/search/artwork/?id=26002,2076x3000
Chrysamphora californica,California Pitcherplant,,1970.355.727,https://ids.si.edu/ids/download?id=SAAM-1970.355.727_2.jpg,https://americanart.si.edu/collections/search/artwork/?id=25921,2090x3000
Anisostichus capreolatus,Crossvine,,1970.355.599,https://ids.si.edu/ids/download?id=SAAM-1970.355.599_2.jpg,https://americanart.si.edu/collections/search/artwork/?id=25959,2097x3000
Pedicularis contorta,Alpine Fernlife,,1970.355.459,https://ids.si.edu/ids/download?id=SAAM-1970.355.459_2.jpg,https://americanart.si.edu/collections/search/artwork/?id=25820,2077x3000
Viola primulifolia,Primrose Violet,,1970.355.254,https://ids.si.edu/ids/download?id=SAAM-1970.355.254_1.jpg,https://americanart.si.edu/collections/search/artwork/?id=26230,2011x3000
Gentiana prostrata,Moss Gentian,,1970.355.516,https://ids.si.edu/ids/download?id=SAAM-1970.355.516_2.jpg,https://americanart.si.edu/collections/search/artwork/?id=26136,2127x3000
Zenobia cassinifolia,Zenobia,,1970.355.602,https://ids.si.edu/ids/download?id=SAAM-1970.355.602_2.jpg,https://americanart.si.edu/collections/search/artwork/?id=26605,2097x3000
Aquilegia brevistyla,Shortspur Columbine,,1970.355.629,https://ids.si.edu/ids/download?id=SAAM-1970.355.629_1.jpg,https://americanart.si.edu/collections/search/artwork/?id=26318,2084x3000
Leptarrhena pyrolifolia,Evergreen Saxifrage,,1970.355.187,https://ids.si.edu/ids/download?id=SAAM-1970.355.187_2.jpg,https://americanart.si.edu/collections/search/artwork/?id=25998,2093x3000
Habenaria grandiflora,Large Purple Fringe-Orchid,,1970.355.581,https://ids.si.edu/ids/download?id=SAAM-1970.355.581_2.jpg,https://americanart.si.edu/collections/search/artwork/?id=26097,2090x3000
Polemonium viscosum,Jacob's Ladder,,1970.355.252,https://ids.si.edu/ids/download?id=SAAM-1970.355.252_1.jpg,https://americanart.si.edu/collections/search/artwork/?id=26086,2100x3000
Xerophyllum tenax,Beargrass,,1970.355.639,https://ids.si.edu/ids/download?id=SAAM-1970.355.639_2.jpg,https://americanart.si.edu/collections/search/artwork/?id=25870,2070x3000
Anaphalis margaritacea,Pearl Everlasting,,1970.355.626,https://ids.si.edu/ids/download?id=SAAM-1970.355.626_1.jpg,https://americanart.si.edu/collections/search/artwork/?id=26184,2090x3000
Agoseris graminifolia,Grassleaf Agoseris,,1970.355.426,https://ids.si.edu/ids/download?id=SAAM-1970.355.426_2.jpg,https://americanart.si.edu/collections/search/artwork/?id=26047,2157x3000
Diospyros virginiana,Persimmon,,1970.355.54,https://ids.si.edu/ids/download?id=SAAM-1970.355.54_2.jpg,https://americanart.si.edu/collections/search/artwork/?id=26195,2054x3000
Iris cristata,Crested Iris,,1970.355.374,https://ids.si.edu/ids/download?id=SAAM-1970.355.374_2.jpg,https://americanart.si.edu/collections/search/artwork/?id=25958,2128x3000
Disporum trachycarpum,Fairy-Bells,,1970.355.285,https://ids.si.edu/ids/download?id=SAAM-1970.355.285_2.jpg,https://americanart.si.edu/collections/search/artwork/?id=25999,2108x3000
Cypripedium parviflorum,Yellow Lady's Slipper,,1970.355.7,https://ids.si.edu/ids/download?id=SAAM-1970.355.7_1.jpg,https://americanart.si.edu/collections/search/artwork/?id=26596,2108x3000
Argemone hispeda,Prickly Poppy,,1970.355.258,https://ids.si.edu/ids/download?id=SAAM-1970.355.258_1.jpg,https://americanart.si.edu/collections/search/artwork/?id=26227,2113x3000
Cytherea bulbosa,Calypso,,1970.355.443,https://ids.si.edu/ids/download?id=SAAM-1970.355.443_2.jpg,https://americanart.si.edu/collections/search/artwork/?id=25924,2122x3000
Senecio lugens,Mourning Groundsel,,1970.355.613,https://ids.si.edu/ids/download?id=SAAM-1970.355.613_1.jpg,https://americanart.si.edu/collections/search/artwork/?id=26146,2113x3000
Ibidium strictum,Hooded Ladies-Tresses,,1970.355.693,https://ids.si.edu/ids/download?id=SAAM-1970.355.693_1.jpg,https://americanart.si.edu/collections/search/artwork/?id=26076,2067x3000
Arnica latifolia,Arnica,,1970.355.140,https://ids.si.edu/ids/download?id=SAAM-1970.355.140_2.jpg,https://americanart.si.edu/collections/search/artwork/?id=25853,2053x3000
Claytonia lanceolata,Spring Beauty,,1970.355.97,https://ids.si.edu/ids/download?id=SAAM-1970.355.97_2.jpg,https://americanart.si.edu/collections/search/artwork/?id=26365,2088x3000
Lobelia cardinalis,Cardinal Flower,,1970.355.601,https://ids.si.edu/ids/download?id=SAAM-1970.355.601_1.jpg,https://americanart.si.edu/collections/search/artwork/?id=25931,2259x3000
Chelone glabra,Turtlehead,,1970.355.597,https://ids.si.edu/ids/download?id=SAAM-1970.355.597_1.jpg,https://americanart.si.edu/collections/search/artwork/?id=26406,2107x3000
Chrosperma muscaetoxicum,Crowpoison,,1970.355.485,https://ids.si.edu/ids/download?id=SAAM-1970.355.485_2.jpg,https://americanart.si.edu/collections/search/artwork/?id=25961,2115x3000
Ribes lacustre,Prickly Currant,,1970.355.407,https://ids.si.edu/ids/download?id=SAAM-1970.355.407_2.jpg,https://americanart.si.edu/collections/search/artwork/?id=26225,2084x3000
Kruhsea streptopoides,Kruhsea,,1970.355.397,https://ids.si.edu/ids/download?id=SAAM-1970.355.397_2.jpg,https://americanart.si.edu/collections/search/artwork/?id=26089,2109x3000
Sabbatia angularis,Rose Gentian,,1970.355.8,https://ids.si.edu/ids/download?id=SAAM-1970.355.8_1.jpg,https://americanart.si.edu/collections/search/artwork/?id=26288,1920x3000
Dryas octopetala,White Dryad,,1970.355.514,https://ids.si.edu/ids/download?id=SAAM-1970.355.514_1.jpg,https://americanart.si.edu/collections/search/artwork/?id=26559,2090x3000
Astragalus coccineus,Scarlet Loco,,1970.355.259,https://ids.si.edu/ids/download?id=SAAM-1970.355.259_1.jpg,https://americanart.si.edu/collections/search/artwork/?id=26308,2099x3000
Zygadenus elegans,Deathcamas,,1970.355.454,https://ids.si.edu/ids/download?id=SAAM-1970.355.454_2.jpg,https://americanart.si.edu/collections/search/artwork/?id=25969,2079x3000
Ribes lacustre,Prickly Currant,,1970.355.408,https://ids.si.edu/ids/download?id=SAAM-1970.355.408_2.jpg,https://americanart.si.edu/collections/search/artwork/?id=26226,2069x3000
Iris species,Iris,,1970.355.174,https://ids.si.edu/ids/download?id=SAAM-1970.355.174_2.jpg,https://americanart.si.edu/collections/search/artwork/?id=26458,2081x3000
Vaccinium caespitosum,Low Whortleberry,,1970.355.517,https://ids.si.edu/ids/download?id=SAAM-1970.355.517_2.jpg,https://americanart.si.edu/collections/search/artwork/?id=26113,2071x3000
Symphoricarpos albus,Snowberry,,1970.355.21,https://ids.si.edu/ids/download?id=SAAM-1970.355.21_2.jpg,https://americanart.si.edu/collections/search/artwork/?id=26347,2054x3000
Agoseris villosa,Woolly Agoseris,,1970.355.533,https://ids.si.edu/ids/download?id=SAAM-1970.355.533_2.jpg,https://americanart.si.edu/collections/search/artwork/?id=26585,2127x3000
Pulsatilla occidentalis,Plume Anemone,,1970.355.501,https://ids.si.edu/ids/download?id=SAAM-1970.355.501_2.jpg,https://americanart.si.edu/collections/search/artwork/?id=26219,2075x3000
Pachyloplus marginatus,White Dawnrose,,1970.355.724,https://ids.si.edu/ids/download?id=SAAM-1970.355.724_1.jpg,https://americanart.si.edu/collections/search/artwork/?id=26557,2073x3000
Veratrum viride,Green Bear Cabbage,,1970.355.512,https://ids.si.edu/ids/download?id=SAAM-1970.355.512_2.jpg,https://americanart.si.edu/collections/search/artwork/?id=26055,2109x3000
Corylus rostrata,Beaked Hazelnut,,1970.355.63,https://ids.si.edu/ids/download?id=SAAM-1970.355.63_2.jpg,https://americanart.si.edu/collections/search/artwork/?id=25866,2091x3000
Linum lewisii,Wild Flax,,1970.355.281,https://ids.si.edu/ids/download?id=SAAM-1970.355.281_2.jpg,https://americanart.si.edu/collections/search/artwork/?id=26571,2124x3000
Yucca baccata,Spanish Bayonet,,1970.355.289,https://ids.si.edu/ids/download?id=SAAM-1970.355.289_2.jpg,https://americanart.si.edu/collections/search/artwork/?id=26358,2117x3000
Delphinium scopulorum,Delphinium,,1970.355.117,https://ids.si.edu/ids/download?id=SAAM-1970.355.117_2.jpg,https://americanart.si.edu/collections/search/artwork/?id=25973,2106x3000
Pulsatilla ludoviciana,American Pasqueflower,,1970.355.433,https://ids.si.edu/ids/download?id=SAAM-1970.355.433_1.jpg,https://americanart.si.edu/collections/search/artwork/?id=25836,2076x3000
Gentiana holopetala,Gentian,,1970.355.42,https://ids.si.edu/ids/download?id=SAAM-1970.355.42_2.jpg,https://americanart.si.edu/collections/search/artwork/?id=26028,2076x3000
Oenothera lavandalaefolia,Evening Primrose,,1970.355.217,https://ids.si.edu/ids/download?id=SAAM-1970.355.217_2.jpg,https://americanart.si.edu/collections/search/artwork/?id=25996,2155x3000
Delphinium nuttallianum,Blue Larkspur,,1970.355.101,https://ids.si.edu/ids/download?id=SAAM-1970.355.101_2.jpg,https://americanart.si.edu/collections/search/artwork/?id=25888,2100x3000
Clematis viorna,Leather Flower,,1970.355.382,https://ids.si.edu/ids/download?id=SAAM-1970.355.382_2.jpg,https://americanart.si.edu/collections/search/artwork/?id=26099,2144x3000
Pachyoplus hirsutus,Evening Primrose,,1970.355.725,https://ids.si.edu/ids/download?id=SAAM-1970.355.725_1.jpg,https://americanart.si.edu/collections/search/artwork/?id=25997,2116x3000
Calochortus claratus,Goldenbowl Mariposa,,1970.355.651,https://ids.si.edu/ids/download?id=SAAM-1970.355.651_2.jpg,https://americanart.si.edu/collections/search/artwork/?id=26039,2063x3000
Shortia galacifolia,Oconee-Bells,,1970.355.358,https://ids.si.edu/ids/download?id=SAAM-1970.355.358_2.jpg,https://americanart.si.edu/collections/search/artwork/?id=26160,2107x3000
Sisyrinchium angustifolium,Blue-eyed-grass,,1970.355.576,https://ids.si.edu/ids/download?id=SAAM-1970.355.576_2.jpg,https://americanart.si.edu/collections/search/artwork/?id=25884,2075x3000
Sarcodes sanguinea,Snow Plant,,1970.355.84,https://ids.si.edu/ids/download?id=SAAM-1970.355.84_1.jpg,https://americanart.si.edu/collections/search/artwork/?id=26348,1759x2538
Callicarpa americana,Beauty Berry,,1970.355.548,https://ids.si.edu/ids/download?id=SAAM-1970.355.548_2.jpg,https://americanart.si.edu/collections/search/artwork/?id=25872,2102x3000
Aster hirariifolius,Aster,,1970.355.136,https://ids.si.edu/ids/download?id=SAAM-1970.355.136_2.jpg,https://americanart.si.edu/collections/search/artwork/?id=25857,2102x3000
Anemone drummondii,Anemone,,1970.355.198,https://ids.si.edu/ids/download?id=SAAM-1970.355.198_2.jpg,https://americanart.si.edu/collections/search/artwork/?id=25842,2124x3000
Amelanchier alnifolia,Saskatoon,,1970.355.455,https://ids.si.edu/ids/download?id=SAAM-1970.355.455_2.jpg,https://americanart.si.edu/collections/search/artwork/?id=26502,2083x3000
Cornus canadensis,Bunchberry,,1970.355.609,https://ids.si.edu/ids/download?id=SAAM-1970.355.609_1.jpg,https://americanart.si.edu/collections/search/artwork/?id=25908,2103x3000
Trillium sessile,Toad Trillium,,1970.355.362,https://ids.si.edu/ids/download?id=SAAM-1970.355.362_2.jpg,https://americanart.si.edu/collections/search/artwork/?id=26395,2118x3000
Chionanthus virginica,Fringe Tree,,1970.355.478,https://ids.si.edu/ids/download?id=SAAM-1970.355.478_2.jpg,https://americanart.si.edu/collections/search/artwork/?id=26023,2092x3000
Tillandsia fasciculata,Quill-Leaf Tillandsia,,1970.355.736,https://ids.si.edu/ids/download?id=SAAM-1970.355.736_1.jpg,https://americanart.si.edu/collections/search/artwork/?id=26254,2096x3000
Lonicera glaucescens,Douglas Honeysuckle,,1970.355.420,https://ids.si.edu/ids/download?id=SAAM-1970.355.420_2.jpg,https://americanart.si.edu/collections/search/artwork/?id=25982,2131x3000
Lilium philadelphicum,Wood Lily,,1970.355.52,https://ids.si.edu/ids/download?id=SAAM-1970.355.52_2.jpg,https://americanart.si.edu/collections/search/artwork/?id=26580,2110x3000
Saxifraga caespitosa,Saxifrage,,1970.355.319,https://ids.si.edu/ids/download?id=SAAM-1970.355.319_1.jpg,https://americanart.si.edu/collections/search/artwork/?id=26304,2069x3000
Malaxis unifolia,Green Adder's Mouth,,1970.355.27,https://ids.si.edu/ids/download?id=SAAM-1970.355.27_2.jpg,https://americanart.si.edu/collections/search/artwork/?id=26054,2019x3000
Aquilegia saximontana,Blue Columbine,,1970.355.253,https://ids.si.edu/ids/download?id=SAAM-1970.355.253_1.jpg,https://americanart.si.edu/collections/search/artwork/?id=25883,2109x3000
Androsace carinata,Sweet Androsace,,1970.355.445,https://ids.si.edu/ids/download?id=SAAM-1970.355.445_2.jpg,https://americanart.si.edu/collections/search/artwork/?id=26380,2089x3000
Elaeagnus commutata,Silverberry,,1970.355.411,https://ids.si.edu/ids/download?id=SAAM-1970.355.411_2.jpg,https://americanart.si.edu/collections/search/artwork/?id=26331,2067x3000
Saxifrage oppositifolia,Purple Saxifrage,,1970.355.165,https://ids.si.edu/ids/download?id=SAAM-1970.355.165_2.jpg,https://americanart.si.edu/collections/search/artwork/?id=26242,2138x3000
Phlox amoena,Hairy Phlox,,1970.355.76,https://ids.si.edu/ids/download?id=SAAM-1970.355.76_2.jpg,https://americanart.si.edu/collections/search/artwork/?id=26063,2051x3000
Hedysarum sulphurescens,Hedysarum,,1970.355.185,https://ids.si.edu/ids/download?id=SAAM-1970.355.185_2.jpg,https://americanart.si.edu/collections/search/artwork/?id=26070,2053x3000
Castalia odorata,American Waterlily,,1970.355.561,https://ids.si.edu/ids/download?id=SAAM-1970.355.561_2.jpg,https://americanart.si.edu/collections/search/artwork/?id=25840,2109x3000
Rhododendron albiflorum,Rocky Mountain Rhododendron,,1970.355.642,https://ids.si.edu/ids/download?id=SAAM-1970.355.642_1.jpg,https://americanart.si.edu/collections/search/artwork/?id=26283,2097x3000
Clintonia uniflora,Queencup,,1970.355.150,https://ids.si.edu/ids/download?id=SAAM-1970.355.150_2.jpg,https://americanart.si.edu/collections/search/artwork/?id=26250,2080x3000
Penstemon parryi,Parry's Penstemon,,1970.355.723,https://ids.si.edu/ids/download?id=SAAM-1970.355.723_2.jpg,https://americanart.si.edu/collections/search/artwork/?id=26588,2050x3000
Arctous alpina,Ptarmiganberry,,1970.355.692,https://ids.si.edu/ids/download?id=SAAM-1970.355.692_1.jpg,https://americanart.si.edu/collections/search/artwork/?id=26233,2041x3000
Arisaema dracontium,Greendragon,,1970.355.361,https://ids.si.edu/ids/download?id=SAAM-1970.355.361_2.jpg,https://americanart.si.edu/collections/search/artwork/?id=26056,2087x3000
Oxytropis splendens,Showy Oxytrope,,1970.355.458,https://ids.si.edu/ids/download?id=SAAM-1970.355.458_2.jpg,https://americanart.si.edu/collections/search/artwork/?id=26325,2097x3000
Pentstemon confertus,Yellow Pentstemon,,1970.355.694,https://ids.si.edu/ids/download?id=SAAM-1970.355.694_2.jpg,https://americanart.si.edu/collections/search/artwork/?id=26598,2119x3000
Porteranthus trifoliatus,Bowmansroot,,1970.355.590,https://ids.si.edu/ids/download?id=SAAM-1970.355.590_1.jpg,https://americanart.si.edu/collections/search/artwork/?id=25899,2093x3000
Zygadenus venenosus,Death Camas,,1970.355.322,https://ids.si.edu/ids/download?id=SAAM-1970.355.322_2.jpg,https://americanart.si.edu/collections/search/artwork/?id=25970,2095x3000
Parnassia fimbriata,Fringed Parnassia,,1970.355.680,https://ids.si.edu/ids/download?id=SAAM-1970.355.680_1.jpg,https://americanart.si.edu/collections/search/artwork/?id=26021,2132x3000
Lewisia redivivia,Bitterroot,,1970.355.196,https://ids.si.edu/ids/download?id=SAAM-1970.355.196_2.jpg,https://americanart.si.edu/collections/search/artwork/?id=25876,2115x3000
Anemone deltoidea,Forest Anemone,,1970.355.643,https://ids.si.edu/ids/download?id=SAAM-1970.355.643_1.jpg,https://americanart.si.edu/collections/search/artwork/?id=26016,2082x3000
Carex aurea,Golden Sedge,,1970.355.618,https://ids.si.edu/ids/download?id=SAAM-1970.355.618_1.jpg,https://americanart.si.edu/collections/search/artwork/?id=26044,2108x3000
Mimulus cardinalis,Cardinal Monkey Flower,,1970.355.732,https://ids.si.edu/ids/download?id=SAAM-1970.355.732_1.jpg,https://americanart.si.edu/collections/search/artwork/?id=25933,2165x3000
Lathyrus ochroleucus,White Pea,,1970.355.423,https://ids.si.edu/ids/download?id=SAAM-1970.355.423_2.jpg,https://americanart.si.edu/collections/search/artwork/?id=26567,2102x3000
Streptopus curvipes,Pink Twisted Stalk,,1970.355.421,https://ids.si.edu/ids/download?id=SAAM-1970.355.421_2.jpg,https://americanart.si.edu/collections/search/artwork/?id=26217,2022x3000
Passiflora incarnata,Maypop,,1970.355.661,https://ids.si.edu/ids/download?id=SAAM-1970.355.661_2.jpg,https://americanart.si.edu/collections/search/artwork/?id=26119,2086x3000
Gentiana glauca,Bluegreen Gentian,,1970.355.446,https://ids.si.edu/ids/download?id=SAAM-1970.355.446_2.jpg,https://americanart.si.edu/collections/search/artwork/?id=25887,2120x3000
Gelsemium sempervirens,Yellow Jessamine,,1970.355.107,https://ids.si.edu/ids/download?id=SAAM-1970.355.107_2.jpg,https://americanart.si.edu/collections/search/artwork/?id=26595,2062x3000
Habenaria lacera,Ragged Fringe-orchid,,1970.355.553,https://ids.si.edu/ids/download?id=SAAM-1970.355.553_1.jpg,https://americanart.si.edu/collections/search/artwork/?id=26256,2098x3000
Cornus nuttallii,Pacific Dogwood,,1970.355.274,https://ids.si.edu/ids/download?id=SAAM-1970.355.274_1.jpg,https://americanart.si.edu/collections/search/artwork/?id=26172,2060x3000
Ascelpias tuberosa,Butterfly Weed,,1970.355.304,https://ids.si.edu/ids/download?id=SAAM-1970.355.304_1.jpg,https://americanart.si.edu/collections/search/artwork/?id=25916,2110x3000
Claytonia parvifolia,Naiad Spring Beauty,,1970.355.432,https://ids.si.edu/ids/download?id=SAAM-1970.355.432_2.jpg,https://americanart.si.edu/collections/search/artwork/?id=26148,2079x3000
Myosotis alpestris,Alpine Forget-Me-Not,,1970.355.92,https://ids.si.edu/ids/download?id=SAAM-1970.355.92_2.jpg,https://americanart.si.edu/collections/search/artwork/?id=25823,2086x3000
Physaria didymocarpa,Double Bladderpod,,1970.355.505,https://ids.si.edu/ids/download?id=SAAM-1970.355.505_2.jpg,https://americanart.si.edu/collections/search/artwork/?id=25978,2094x3000
Arctostaphylos uva-ursi,Bearberry,,1970.355.449,https://ids.si.edu/ids/download?id=SAAM-1970.355.449_2.jpg,https://americanart.si.edu/collections/search/artwork/?id=25867,2114x3000
Pentstemon digitalis,Foxglove Pentstemon,,1970.355.547,https://ids.si.edu/ids/download?id=SAAM-1970.355.547_2.jpg,https://americanart.si.edu/collections/search/artwork/?id=26018,2065x3000
Lygodesmia juncea,Skeleton Flower,,1970.355.348,https://ids.si.edu/ids/download?id=SAAM-1970.355.348_2.jpg,https://americanart.si.edu/collections/search/artwork/?id=26334,2133x3000
Saxifraga lyallii,Redstem Saxifrage,,1970.355.700,https://ids.si.edu/ids/download?id=SAAM-1970.355.700_2.jpg,https://americanart.si.edu/collections/search/artwork/?id=26273,2087x3000
Lupinis arboreus,Yellow Lupine,,1970.355.317,https://ids.si.edu/ids/download?id=SAAM-1970.355.317_1.jpg,https://americanart.si.edu/collections/search/artwork/?id=26597,2113x3000
Clintonia uniflora,Queencup,,1970.355.542,https://ids.si.edu/ids/download?id=SAAM-1970.355.542_1.jpg,https://americanart.si.edu/collections/search/artwork/?id=26252,2090x3000
Kalmia latifolia,Mountain Laurel,,1970.355.559,https://ids.si.edu/ids/download?id=SAAM-1970.355.559_2.jpg,https://americanart.si.edu/collections/search/artwork/?id=26144,2392x3000
Pseudotsuga mucronata,Douglas Fir,,1970.355.608,https://ids.si.edu/ids/download?id=SAAM-1970.355.608_1.jpg,https://americanart.si.edu/collections/search/artwork/?id=25980,2079x3000
Sarracenia flava,Trumpetleaf,,1970.355.365,https://ids.si.edu/ids/download?id=SAAM-1970.355.365_2.jpg,https://americanart.si.edu/collections/search/artwork/?id=26401,2102x3000
Claytonia virginica,Virginia Springbeauty,,1970.355.573,https://ids.si.edu/ids/download?id=SAAM-1970.355.573_1.jpg,https://americanart.si.edu/collections/search/artwork/?id=26529,2099x3000
Centaurium venustum,Pink Centaurium,,1970.355.640,https://ids.si.edu/ids/download?id=SAAM-1970.355.640_1.jpg,https://americanart.si.edu/collections/search/artwork/?id=26208,2070x3000
Monarda punctata,Spotted Bee Balm,,1970.355.571,https://ids.si.edu/ids/download?id=SAAM-1970.355.571_1.jpg,https://americanart.si.edu/collections/search/artwork/?id=26361,2101x3000
Mentzelia laevicaulis,Blazing Star,,1970.355.115,https://ids.si.edu/ids/download?id=SAAM-1970.355.115_2.jpg,https://americanart.si.edu/collections/search/artwork/?id=25878,2082x3000
Oreocarya virgata,Miner's Candle,,1970.355.251,https://ids.si.edu/ids/download?id=SAAM-1970.355.251_1.jpg,https://americanart.si.edu/collections/search/artwork/?id=26127,2123x3000
Linnaea borealis americana,American Twinflower,,1970.355.534,https://ids.si.edu/ids/download?id=SAAM-1970.355.534_2.jpg,https://americanart.si.edu/collections/search/artwork/?id=25838,2066x3000
Calochortus splendens,Lilac Mariposa,,1970.355.647,https://ids.si.edu/ids/download?id=SAAM-1970.355.647_1.jpg,https://americanart.si.edu/collections/search/artwork/?id=26103,2078x3000
Gelsemium sempervirens,Carolina Jessamine,,1970.355.558,https://ids.si.edu/ids/download?id=SAAM-1970.355.558_2.jpg,https://americanart.si.edu/collections/search/artwork/?id=25934,2096x3000
Rosa bourgeauiana,Bourgeau Rose,,1970.355.681,https://ids.si.edu/ids/download?id=SAAM-1970.355.681_1.jpg,https://americanart.si.edu/collections/search/artwork/?id=25897,2104x3000
Sagittaria cuneata,Arum Arrowhead,,1970.355.496,https://ids.si.edu/ids/download?id=SAAM-1970.355.496_2.jpg,https://americanart.si.edu/collections/search/artwork/?id=25856,2080x3000
Azalea arborescens,Sweet Azalea,,1970.355.395,https://ids.si.edu/ids/download?id=SAAM-1970.355.395_2.jpg,https://americanart.si.edu/collections/search/artwork/?id=26381,2113x3000
Mertensia paniculata,Western Bluebells,,1970.355.511,https://ids.si.edu/ids/download?id=SAAM-1970.355.511_2.jpg,https://americanart.si.edu/collections/search/artwork/?id=26541,2112x3000
Sabbatia stellaris,Saltmarsh Rosegentian,,1970.355.679,https://ids.si.edu/ids/download?id=SAAM-1970.355.679_2.jpg,https://americanart.si.edu/collections/search/artwork/?id=26296,2076x3000
Limodorum tuberosum,Grass-pink Orchid,,1970.355.469,https://ids.si.edu/ids/download?id=SAAM-1970.355.469_1.jpg,https://americanart.si.edu/collections/search/artwork/?id=26049,2056x3000
Salix discolor,Pussy Willow,,1970.355.460,https://ids.si.edu/ids/download?id=SAAM-1970.355.460_2.jpg,https://americanart.si.edu/collections/search/artwork/?id=26246,2092x3000
Magnolia virginiana,Swamp Magnolia,,1970.355.18,https://ids.si.edu/ids/download?id=SAAM-1970.355.18_2.jpg,https://americanart.si.edu/collections/search/artwork/?id=26379,2085x3000
Gentiana newberri,Gentian,,1970.355.243,https://ids.si.edu/ids/download?id=SAAM-1970.355.243_1.jpg,https://americanart.si.edu/collections/search/artwork/?id=26030,2093x3000
Ribes species,Currant,,1970.355.129,https://ids.si.edu/ids/download?id=SAAM-1970.355.129_2.jpg,https://americanart.si.edu/collections/search/artwork/?id=26504,2091x3000
Lygodesmia grandiflora,Skeleton Weed,,1970.355.213,https://ids.si.edu/ids/download?id=SAAM-1970.355.213_2.jpg,https://americanart.si.edu/collections/search/artwork/?id=26335,2178x3000
Cypripedium reginae,Queen's Slipper,,1970.355.207,https://ids.si.edu/ids/download?id=SAAM-1970.355.207_2.jpg,https://americanart.si.edu/collections/search/artwork/?id=26253,2136x3000
Cypripedium arietinum,Ramshead Lady's Slipper,,1970.355.554,https://ids.si.edu/ids/download?id=SAAM-1970.355.554_1.jpg,https://americanart.si.edu/collections/search/artwork/?id=26258,2082x3000
Cassiope mertensiana,Cassiope,,1970.355.109,https://ids.si.edu/ids/download?id=SAAM-1970.355.109_1.jpg,https://americanart.si.edu/collections/search/artwork/?id=25938,1760x2551
Arnica louisiana,Lake Louise Arnica,,1970.355.105,https://ids.si.edu/ids/download?id=SAAM-1970.355.105_2.jpg,https://americanart.si.edu/collections/search/artwork/?id=26093,2079x3000
Menziesia glabella,Western Menziesia,,1970.355.635,https://ids.si.edu/ids/download?id=SAAM-1970.355.635_1.jpg,https://americanart.si.edu/collections/search/artwork/?id=26547,2113x3000
Salvia funerea,Death Valley Sage,,1970.355.75,https://ids.si.edu/ids/download?id=SAAM-1970.355.75_1.jpg,https://americanart.si.edu/collections/search/artwork/?id=25971,1754x2533
Mitchella repens,Partridgeberry,,1970.355.545,https://ids.si.edu/ids/download?id=SAAM-1970.355.545_2.jpg,https://americanart.si.edu/collections/search/artwork/?id=26183,2112x3000
Anemopsis californica,Yerba Mansa,,1970.355.308,https://ids.si.edu/ids/download?id=SAAM-1970.355.308_1.jpg,https://americanart.si.edu/collections/search/artwork/?id=26603,2097x3000
Gentiana crinita,Fringed Gentian,,1970.355.673,https://ids.si.edu/ids/download?id=SAAM-1970.355.673_2.jpg,https://americanart.si.edu/collections/search/artwork/?id=26019,2112x3000
Castalia odorata,Water Lilies,,1970.355.333,https://ids.si.edu/ids/download?id=SAAM-1970.355.333_2.jpg,https://americanart.si.edu/collections/search/artwork/?id=26538,2267x3000
Empetrum nigrum,Crowberry,,1970.355.719,https://ids.si.edu/ids/download?id=SAAM-1970.355.719_1.jpg,https://americanart.si.edu/collections/search/artwork/?id=25960,2082x3000
Trillium chloropetalum,Giant Trillium,,1970.355.636,https://ids.si.edu/ids/download?id=SAAM-1970.355.636_2.jpg,https://americanart.si.edu/collections/search/artwork/?id=26034,2083x3000
Castanea dentata,American Chestnut,,1970.355.64,https://ids.si.edu/ids/download?id=SAAM-1970.355.64_2.jpg,https://americanart.si.edu/collections/search/artwork/?id=25833,2103x3000
Epilobium latifolium,Red Willowweed,,1970.355.707,https://ids.si.edu/ids/download?id=SAAM-1970.355.707_1.jpg,https://americanart.si.edu/collections/search/artwork/?id=26275,2047x3000
Pyrola secunda,Sidebells Pyrola,,1970.355.622,https://ids.si.edu/ids/download?id=SAAM-1970.355.622_1.jpg,https://americanart.si.edu/collections/search/artwork/?id=26328,2069x3000
Erythronium grandiflorum,Glacierlily,,1970.355.409,https://ids.si.edu/ids/download?id=SAAM-1970.355.409_2.jpg,https://americanart.si.edu/collections/search/artwork/?id=26037,2085x3000
Pyxidanthera barbulata,Pyxie,,1970.355.462,https://ids.si.edu/ids/download?id=SAAM-1970.355.462_2.jpg,https://americanart.si.edu/collections/search/artwork/?id=26248,2098x3000
Erigenia bulbosa,Harbinger of Spring,,1970.355.160,https://ids.si.edu/ids/download?id=SAAM-1970.355.160_2.jpg,https://americanart.si.edu/collections/search/artwork/?id=26064,2113x3000
Viola eriocarpa,Smooth Yellow Violet,,1970.355.562,https://ids.si.edu/ids/download?id=SAAM-1970.355.562_2.jpg,https://americanart.si.edu/collections/search/artwork/?id=26346,2075x3000
Senecio canus,Gray Ragwort,,1970.355.161,https://ids.si.edu/ids/download?id=SAAM-1970.355.161_2.jpg,https://americanart.si.edu/collections/search/artwork/?id=26053,2128x3000
Disporum hookeri,Fairy-bells,,1970.355.48,https://ids.si.edu/ids/download?id=SAAM-1970.355.48_2.jpg,https://americanart.si.edu/collections/search/artwork/?id=26484,2099x3000
Trillium underwoodii,Wake-Robin,,1970.355.179,https://ids.si.edu/ids/download?id=SAAM-1970.355.179_2.jpg,https://americanart.si.edu/collections/search/artwork/?id=26534,2109x3000
Alnus sinuata,Western Green Alder,,1970.355.524,https://ids.si.edu/ids/download?id=SAAM-1970.355.524_2.jpg,https://americanart.si.edu/collections/search/artwork/?id=26543,2087x3000
Dodecatheon hendersonii,Shooting Star,,1970.355.34,https://ids.si.edu/ids/download?id=SAAM-1970.355.34_2.jpg,https://americanart.si.edu/collections/search/artwork/?id=26316,2065x3000
Spigelia marylandica,Carolina Pink,,1970.355.62,https://ids.si.edu/ids/download?id=SAAM-1970.355.62_2.jpg,https://americanart.si.edu/collections/search/artwork/?id=25936,2067x3000
Lappula diffusa,Bur-forget-me-not,,1970.355.688,https://ids.si.edu/ids/download?id=SAAM-1970.355.688_1.jpg,https://americanart.si.edu/collections/search/artwork/?id=25910,2058x3000
Vaccinium tenellum,Pineland Blueberry,,1970.355.568,https://ids.si.edu/ids/download?id=SAAM-1970.355.568_2.jpg,https://americanart.si.edu/collections/search/artwork/?id=26206,2080x3000
Calochortus kennedyi,Scarlet Mariposa,,1970.355.728,https://ids.si.edu/ids/download?id=SAAM-1970.355.728_1.jpg,https://americanart.si.edu/collections/search/artwork/?id=26309,2102x3000
Phyllodoce grandiflora,White Heather,,1970.355.148,https://ids.si.edu/ids/download?id=SAAM-1970.355.148_2.jpg,https://americanart.si.edu/collections/search/artwork/?id=26565,2136x3000
Solidago oreophila,Mountain Goldenrod,,1970.355.166,https://ids.si.edu/ids/download?id=SAAM-1970.355.166_2.jpg,https://americanart.si.edu/collections/search/artwork/?id=26140,2100x3000
Pulsatilla occidentalis,Plume Anemone,,1970.355.502,https://ids.si.edu/ids/download?id=SAAM-1970.355.502_2.jpg,https://americanart.si.edu/collections/search/artwork/?id=26220,2090x3000
Phlox caespitosa,Phlox,,1970.355.181,https://ids.si.edu/ids/download?id=SAAM-1970.355.181_2.jpg,https://americanart.si.edu/collections/search/artwork/?id=26199,2093x3000
Lonicera glaucescens,Douglas Honeysuckle,,1970.355.419,https://ids.si.edu/ids/download?id=SAAM-1970.355.419_2.jpg,https://americanart.si.edu/collections/search/artwork/?id=25981,2093x3000
Pentstemon erianthera,Prairie Pentstemon,,1970.355.390,https://ids.si.edu/ids/download?id=SAAM-1970.355.390_2.jpg,https://americanart.si.edu/collections/search/artwork/?id=26222,2109x3000
Vagnera stellata,Star Solomonplume,,1970.355.504,https://ids.si.edu/ids/download?id=SAAM-1970.355.504_2.jpg,https://americanart.si.edu/collections/search/artwork/?id=26371,2112x3000
Apocyum androsaemfolium,Dogbane,,1970.355.286,https://ids.si.edu/ids/download?id=SAAM-1970.355.286_2.jpg,https://americanart.si.edu/collections/search/artwork/?id=25977,2097x3000
Kraunhia frutescens,American Wisteria,,1970.355.487,https://ids.si.edu/ids/download?id=SAAM-1970.355.487_2.jpg,https://americanart.si.edu/collections/search/artwork/?id=25841,2083x3000
Peranium decipiens,Western Rattlesnake Plantain,,1970.355.687,https://ids.si.edu/ids/download?id=SAAM-1970.355.687_1.jpg,https://americanart.si.edu/collections/search/artwork/?id=26551,2058x3000
Muscari racemosum,Grape Hyacinth,,1970.355.278,https://ids.si.edu/ids/download?id=SAAM-1970.355.278_1.jpg,https://americanart.si.edu/collections/search/artwork/?id=26046,2080x3000
Anemone zephyra,Anemone,,1970.355.138,https://ids.si.edu/ids/download?id=SAAM-1970.355.138_2.jpg,https://americanart.si.edu/collections/search/artwork/?id=25843,2080x3000
Lilium montanum,Red Lily,,1970.355.350,https://ids.si.edu/ids/download?id=SAAM-1970.355.350_1.jpg,https://americanart.si.edu/collections/search/artwork/?id=26268,2128x3000
Fouquieria splendens,Ocotillo,,1970.355.733,https://ids.si.edu/ids/download?id=SAAM-1970.355.733_1.jpg,https://americanart.si.edu/collections/search/artwork/?id=26161,2092x3000
Magnolia grandiflora,Southern Magnolia,,1970.355.363,https://ids.si.edu/ids/download?id=SAAM-1970.355.363_2.jpg,https://americanart.si.edu/collections/search/artwork/?id=26355,2119x3000
Chenopodium capitatum,Strawberry-Blite,,1970.355.686,https://ids.si.edu/ids/download?id=SAAM-1970.355.686_1.jpg,https://americanart.si.edu/collections/search/artwork/?id=26373,2076x3000
Mimulus bigelovii,Purple Monkey-Flower,,1970.355.292,https://ids.si.edu/ids/download?id=SAAM-1970.355.292_1.jpg,https://americanart.si.edu/collections/search/artwork/?id=26238,2075x3000
Calochortus elegans,Pussy-ears,,1970.355.341,https://ids.si.edu/ids/download?id=SAAM-1970.355.341_2.jpg,https://americanart.si.edu/collections/search/artwork/?id=26244,2116x3000
Trillium sessile,Wake-Robin,,1970.355.6,https://ids.si.edu/ids/download?id=SAAM-1970.355.6_2.jpg,https://americanart.si.edu/collections/search/artwork/?id=26532,2095x3000
Physaria didymocarpa,Double Bladderpod,,1970.355.506,https://ids.si.edu/ids/download?id=SAAM-1970.355.506_2.jpg,https://americanart.si.edu/collections/search/artwork/?id=25979,2098x3000
Aster campestris,Prairie Aster,,1970.355.456,https://ids.si.edu/ids/download?id=SAAM-1970.355.456_2.jpg,https://americanart.si.edu/collections/search/artwork/?id=26221,2130x3000
Cirsium hookeranum,White Thistle,,1970.355.441,https://ids.si.edu/ids/download?id=SAAM-1970.355.441_2.jpg,https://americanart.si.edu/collections/search/artwork/?id=26568,2133x3000
Pentstemon procerus,Pentstemon,,1970.355.106,https://ids.si.edu/ids/download?id=SAAM-1970.355.106_2.jpg,https://americanart.si.edu/collections/search/artwork/?id=26192,2093x3000
Dryas octopetala,White Dryad,,1970.355.515,https://ids.si.edu/ids/download?id=SAAM-1970.355.515_1.jpg,https://americanart.si.edu/collections/search/artwork/?id=26560,2093x3000
Lilium canadense,Canada Lily,,1970.355.486,https://ids.si.edu/ids/download?id=SAAM-1970.355.486_2.jpg,https://americanart.si.edu/collections/search/artwork/?id=25927,2196x3000
Arisaema triphyllum,Jack-in-the-pulpit,,1970.355.668,https://ids.si.edu/ids/download?id=SAAM-1970.355.668_1.jpg,https://americanart.si.edu/collections/search/artwork/?id=26085,2061x3000
Ranunculus suksdorfii,Avalanche Buttercup,,1970.355.452,https://ids.si.edu/ids/download?id=SAAM-1970.355.452_2.jpg,https://americanart.si.edu/collections/search/artwork/?id=25860,2091x3000
Sarracenia orephila,Green Pitcherplant,,1970.355.269,https://ids.si.edu/ids/download?id=SAAM-1970.355.269_1.jpg,https://americanart.si.edu/collections/search/artwork/?id=26057,2102x3000
Trillium erectum,Red Trillium,,1970.355.577,https://ids.si.edu/ids/download?id=SAAM-1970.355.577_2.jpg,https://americanart.si.edu/collections/search/artwork/?id=26274,2065x3000
Acer rubrum,Red Maple,,1970.355.475,https://ids.si.edu/ids/download?id=SAAM-1970.355.475_2.jpg,https://americanart.si.edu/collections/search/artwork/?id=26269,2031x3000
Cypridedium acaule,Pale Lady's Slipper,,1970.355.399,https://ids.si.edu/ids/download?id=SAAM-1970.355.399_2.jpg,https://americanart.si.edu/collections/search/artwork/?id=26174,2134x3000
Erigeron unalaschensis,Aleutian Fleabane,,1970.355.713,https://ids.si.edu/ids/download?id=SAAM-1970.355.713_1.jpg,https://americanart.si.edu/collections/search/artwork/?id=25819,2090x3000
Lilium washingtonianum,Washington Lily,,1970.355.271,https://ids.si.edu/ids/download?id=SAAM-1970.355.271_1.jpg,https://americanart.si.edu/collections/search/artwork/?id=26536,2085x3000
Sanguinaria canadensis,Bloodroot,,1970.355.461,https://ids.si.edu/ids/download?id=SAAM-1970.355.461_3.jpg,https://americanart.si.edu/collections/search/artwork/?id=25879,2093x3000
Oxytropis podocarpa,Alpine Pointvetch,,1970.355.619,https://ids.si.edu/ids/download?id=SAAM-1970.355.619_1.jpg,https://americanart.si.edu/collections/search/artwork/?id=25828,2109x3000
Antennaria luzuloides,Buff Pussytoes,,1970.355.509,https://ids.si.edu/ids/download?id=SAAM-1970.355.509_2.jpg,https://americanart.si.edu/collections/search/artwork/?id=25907,2066x3000
Aster squarrosus,Pineland Aster,,1970.355.498,https://ids.si.edu/ids/download?id=SAAM-1970.355.498_2.jpg,https://americanart.si.edu/collections/search/artwork/?id=26205,2089x3000
Gaillardia aristata,Perennial Gaillardia,,1970.355.691,https://ids.si.edu/ids/download?id=SAAM-1970.355.691_2.jpg,https://americanart.si.edu/collections/search/artwork/?id=26193,2124x3000
Vaccinium vitisdaea minus,Mountain Cranberry,,1970.355.532,https://ids.si.edu/ids/download?id=SAAM-1970.355.532_2.jpg,https://americanart.si.edu/collections/search/artwork/?id=26139,2107x3000
Rhododendron californicum,California Rose-Bay,,1970.355.51,https://ids.si.edu/ids/download?id=SAAM-1970.355.51_2.jpg,https://americanart.si.edu/collections/search/artwork/?id=25923,2103x3000
Gentiana porphyrio,Pinebarren Gentian,,1970.355.347,https://ids.si.edu/ids/download?id=SAAM-1970.355.347_1.jpg,https://americanart.si.edu/collections/search/artwork/?id=26204,2461x1732
Aster paludosus,Swamp Aster,,1970.355.124,https://ids.si.edu/ids/download?id=SAAM-1970.355.124_2.jpg,https://americanart.si.edu/collections/search/artwork/?id=26377,2163x3000
Spathyema foetida,Skunk Cabbage,,1970.355.378,https://ids.si.edu/ids/download?id=SAAM-1970.355.378_2.jpg,https://americanart.si.edu/collections/search/artwork/?id=26336,2086x3000
Lupinus argenteus,Blue Lupine,,1970.355.99,https://ids.si.edu/ids/download?id=SAAM-1970.355.99_2.jpg,https://americanart.si.edu/collections/search/artwork/?id=25889,2099x3000
Alnus regosa,Hazel Alder,,1970.355.355,https://ids.si.edu/ids/download?id=SAAM-1970.355.355_2.jpg,https://americanart.si.edu/collections/search/artwork/?id=26066,2166x3000
Viola papilionacea,Butterfly Violet,,1970.355.134,https://ids.si.edu/ids/download?id=SAAM-1970.355.134_2.jpg,https://americanart.si.edu/collections/search/artwork/?id=25915,2124x3000
Primula parryi,Primrose,,1970.355.172,https://ids.si.edu/ids/download?id=SAAM-1970.355.172_2.jpg,https://americanart.si.edu/collections/search/artwork/?id=26229,2068x3000
Stewartia malachodendron,Virginia Stewartia,,1970.355.670,https://ids.si.edu/ids/download?id=SAAM-1970.355.670_2.jpg,https://americanart.si.edu/collections/search/artwork/?id=26530,2072x3000
Androsace subumbellata,Pygmy Androsace,,1970.355.523,https://ids.si.edu/ids/download?id=SAAM-1970.355.523_2.jpg,https://americanart.si.edu/collections/search/artwork/?id=26247,2115x3000
Pinus albicaulis,Whitebark Pine,,1970.355.335,https://ids.si.edu/ids/download?id=SAAM-1970.355.335_2.jpg,https://americanart.si.edu/collections/search/artwork/?id=26555,2086x3000
Erigeron compositus,Cut-Leaf Fleabane,,1970.355.95,https://ids.si.edu/ids/download?id=SAAM-1970.355.95_1.jpg,https://americanart.si.edu/collections/search/artwork/?id=25966,1728x2474
Salix petrophila,Rock Willow,,1970.355.444,https://ids.si.edu/ids/download?id=SAAM-1970.355.444_2.jpg,https://americanart.si.edu/collections/search/artwork/?id=26278,2126x3000
Orchis rotundifolia,Roundleaf Orchis,,1970.355.406,https://ids.si.edu/ids/download?id=SAAM-1970.355.406_2.jpg,https://americanart.si.edu/collections/search/artwork/?id=26292,2064x3000
Aquilegia formosa,Red Columbine,,1970.355.157,https://ids.si.edu/ids/download?id=SAAM-1970.355.157_2.jpg,https://americanart.si.edu/collections/search/artwork/?id=26264,2072x3000
Gilia aggregata,Scarlet Gilia,,1970.355.290,https://ids.si.edu/ids/download?id=SAAM-1970.355.290_1.jpg,https://americanart.si.edu/collections/search/artwork/?id=26306,2106x3000
Sarracenia catesaei,Catesby Pitcherplant,,1970.355.737,https://ids.si.edu/ids/download?id=SAAM-1970.355.737_1.jpg,https://americanart.si.edu/collections/search/artwork/?id=25939,2087x3000
Parnassia montanesis,Montana Parnassia,,1970.355.159,https://ids.si.edu/ids/download?id=SAAM-1970.355.159_2.jpg,https://americanart.si.edu/collections/search/artwork/?id=26132,2138x3000
Castilleja pallida,Rose Paintbrush,,1970.355.388,https://ids.si.edu/ids/download?id=SAAM-1970.355.388_2.jpg,https://americanart.si.edu/collections/search/artwork/?id=26290,2101x3000
Erigeron speciosus,Meadow Fleabane,,1970.355.503,https://ids.si.edu/ids/download?id=SAAM-1970.355.503_2.jpg,https://americanart.si.edu/collections/search/artwork/?id=26121,2075x3000
Thalesia uniflora,Ghostpipe,,1970.355.494,https://ids.si.edu/ids/download?id=SAAM-1970.355.494_2.jpg,https://americanart.si.edu/collections/search/artwork/?id=26031,2105x3000
Erigeron compositus nudus,Cut Leaf Fleabane,,1970.355.2,https://ids.si.edu/ids/download?id=SAAM-1970.355.2_2.jpg,https://americanart.si.edu/collections/search/artwork/?id=25967,2092x3000
Cornus florida,Flowering Dogwood,,1970.355.659,https://ids.si.edu/ids/download?id=SAAM-1970.355.659_2.jpg,https://americanart.si.edu/collections/search/artwork/?id=26014,2086x3000
Pentstemon lyallii,Purple Pentstemon,,1970.355.683,https://ids.si.edu/ids/download?id=SAAM-1970.355.683_2.jpg,https://americanart.si.edu/collections/search/artwork/?id=26240,2078x3000
Kalmia angustifolia,Lambkill,,1970.355.663,https://ids.si.edu/ids/download?id=SAAM-1970.355.663_1.jpg,https://americanart.si.edu/collections/search/artwork/?id=26095,2113x3000
Polycodium stamineum,Deerberry,,1970.355.470,https://ids.si.edu/ids/download?id=SAAM-1970.355.470_2.jpg,https://americanart.si.edu/collections/search/artwork/?id=25972,2092x3000
Uvularia perfoliata,Wood Merrybells,,1970.355.482,https://ids.si.edu/ids/download?id=SAAM-1970.355.482_2.jpg,https://americanart.si.edu/collections/search/artwork/?id=26581,2084x3000
Phyllodoce empetriformis,Pink Heather,,1970.355.149,https://ids.si.edu/ids/download?id=SAAM-1970.355.149_2.jpg,https://americanart.si.edu/collections/search/artwork/?id=26212,2070x3000
Mitchella repena,Partridgeberry,,1970.355.25,https://ids.si.edu/ids/download?id=SAAM-1970.355.25_2.jpg,https://americanart.si.edu/collections/search/artwork/?id=26181,2060x3000
Galium boreale,Northern Bedstraw,,1970.355.404,https://ids.si.edu/ids/download?id=SAAM-1970.355.404_2.jpg,https://americanart.si.edu/collections/search/artwork/?id=26154,2109x3000
Sphaeralcea davidsonii,Orange-Eye Globemallow,,1970.355.648,https://ids.si.edu/ids/download?id=SAAM-1970.355.648_1.jpg,https://americanart.si.edu/collections/search/artwork/?id=26164,2091x3000
Asarum canadense,Canada Wild Ginger,,1970.355.465,https://ids.si.edu/ids/download?id=SAAM-1970.355.465_2.jpg,https://americanart.si.edu/collections/search/artwork/?id=25929,2115x3000
Zauschneria californica,California Fuschia,,1970.355.43,https://ids.si.edu/ids/download?id=SAAM-1970.355.43_2.jpg,https://americanart.si.edu/collections/search/artwork/?id=25918,2080x3000
Sarcodes sanguinea,Snow Plant,,1970.355.220,https://ids.si.edu/ids/download?id=SAAM-1970.355.220_2.jpg,https://americanart.si.edu/collections/search/artwork/?id=26349,2086x3000
Pulsatilla ludoviciana,American Pasqueflower,,1970.355.434,https://ids.si.edu/ids/download?id=SAAM-1970.355.434_1.jpg,https://americanart.si.edu/collections/search/artwork/?id=25837,2088x3000
Bikukulla cucullaria,Dutchman's Breetches,,1970.355.585,https://ids.si.edu/ids/download?id=SAAM-1970.355.585_1.jpg,https://americanart.si.edu/collections/search/artwork/?id=25987,2090x3000
Aronia arbutifolia,Red Chokeberry,,1970.355.372,https://ids.si.edu/ids/download?id=SAAM-1970.355.372_3.jpg,https://americanart.si.edu/collections/search/artwork/?id=26263,2109x3000
Magnolia grandiflora,Southern Magnolia,,1970.355.364,https://ids.si.edu/ids/download?id=SAAM-1970.355.364_2.jpg,https://americanart.si.edu/collections/search/artwork/?id=26356,2119x3000
Eriophorum chamissonis,Slender Cotton-Grass,,1970.355.351,https://ids.si.edu/ids/download?id=SAAM-1970.355.351_2.jpg,https://americanart.si.edu/collections/search/artwork/?id=26338,2060x3000
Cirsium undulatum,Prairie Thistle,,1970.355.646,https://ids.si.edu/ids/download?id=SAAM-1970.355.646_1.jpg,https://americanart.si.edu/collections/search/artwork/?id=26224,2100x3000
Delphinium depauperatum,Slim Larkspur,,1970.355.721,https://ids.si.edu/ids/download?id=SAAM-1970.355.721_1.jpg,https://americanart.si.edu/collections/search/artwork/?id=26340,2069x3000
Tradescantia virginiana,Virginia Spiderwort,,1970.355.381,https://ids.si.edu/ids/download?id=SAAM-1970.355.381_2.jpg,https://americanart.si.edu/collections/search/artwork/?id=26528,2161x3000
Pinguicula elatior,Purple Butterwort,,1970.355.572,https://ids.si.edu/ids/download?id=SAAM-1970.355.572_1.jpg,https://americanart.si.edu/collections/search/artwork/?id=26236,2101x3000
Capnoides sempervirens,Pink Fumeroot,,1970.355.344,https://ids.si.edu/ids/download?id=SAAM-1970.355.344_2.jpg,https://americanart.si.edu/collections/search/artwork/?id=26211,2108x3000
Phlox divaricata,Blue Phlox,,1970.355.583,https://ids.si.edu/ids/download?id=SAAM-1970.355.583_1.jpg,https://americanart.si.edu/collections/search/artwork/?id=25890,2066x3000
Hamamelis virginiana,Witch Hazel,,1970.355.660,https://ids.si.edu/ids/download?id=SAAM-1970.355.660_2.jpg,https://americanart.si.edu/collections/search/artwork/?id=26579,2093x3000
Lychnis apetala,Nodding Campion,,1970.355.617,https://ids.si.edu/ids/download?id=SAAM-1970.355.617_1.jpg,https://americanart.si.edu/collections/search/artwork/?id=26150,2053x3000
Orobanche fasciculata,Broomrape,,1970.355.305,https://ids.si.edu/ids/download?id=SAAM-1970.355.305_1.jpg,https://americanart.si.edu/collections/search/artwork/?id=25904,2069x3000
Polygala paucifolia,Fringed Polygala,,1970.355.473,https://ids.si.edu/ids/download?id=SAAM-1970.355.473_2.jpg,https://americanart.si.edu/collections/search/artwork/?id=26022,2117x3000
Fragaria glauca,Pale Strawberry,,1970.355.699,https://ids.si.edu/ids/download?id=SAAM-1970.355.699_2.jpg,https://americanart.si.edu/collections/search/artwork/?id=26177,2109x3000
Potentilla glaucophylla,Grayleaf Fivefinger,,1970.355.633,https://ids.si.edu/ids/download?id=SAAM-1970.355.633_1.jpg,https://americanart.si.edu/collections/search/artwork/?id=26050,2124x3000
Hamamelis virginiana,Witch-Hazel,,1970.355.31,https://ids.si.edu/ids/download?id=SAAM-1970.355.31_2.jpg,https://americanart.si.edu/collections/search/artwork/?id=26578,2084x3000
Silene acaulis,Moss Campion,,1970.355.704,https://ids.si.edu/ids/download?id=SAAM-1970.355.704_2.jpg,https://americanart.si.edu/collections/search/artwork/?id=26134,2086x3000
Hedysarum boreale,Northern Hedysarum,,1970.355.93,https://ids.si.edu/ids/download?id=SAAM-1970.355.93_2.jpg,https://americanart.si.edu/collections/search/artwork/?id=26157,2086x3000
Allium cernuum,Nodding Onion,,1970.355.641,https://ids.si.edu/ids/download?id=SAAM-1970.355.641_1.jpg,https://americanart.si.edu/collections/search/artwork/?id=26152,2110x3000
Pentstemon menziesii,Menzies Pentstemon,,1970.355.656,https://ids.si.edu/ids/download?id=SAAM-1970.355.656_1.jpg,https://americanart.si.edu/collections/search/artwork/?id=26123,2130x3000
Cypripedium reginae,Showy Lady's Slipper,,1970.355.555,https://ids.si.edu/ids/download?id=SAAM-1970.355.555_2.jpg,https://americanart.si.edu/collections/search/artwork/?id=26321,2097x3000
Leiophyllum lyoni,Sand Myrtle,,1970.355.71,https://ids.si.edu/ids/download?id=SAAM-1970.355.71_2.jpg,https://americanart.si.edu/collections/search/artwork/?id=26298,2090x3000
Delphinium elongatum,Tall Larkspur,,1970.355.367,https://ids.si.edu/ids/download?id=SAAM-1970.355.367_2.jpg,https://americanart.si.edu/collections/search/artwork/?id=26387,2103x3000
Gentiana macounii,Gentian,,1970.355.264,https://ids.si.edu/ids/download?id=SAAM-1970.355.264_2.jpg,https://americanart.si.edu/collections/search/artwork/?id=26029,2126x3000
Hypopitys lanuginosa,Red Pinesap,,1970.355.551,https://ids.si.edu/ids/download?id=SAAM-1970.355.551_1.jpg,https://americanart.si.edu/collections/search/artwork/?id=26271,2119x3000
Batrachium trichophyllum,Water Crowfoot,,1970.355.16,https://ids.si.edu/ids/download?id=SAAM-1970.355.16_2.jpg,https://americanart.si.edu/collections/search/artwork/?id=26537,2057x3000
Castilleja occidentalis,White Indian Paintbrush,,1970.355.190,https://ids.si.edu/ids/download?id=SAAM-1970.355.190_2.jpg,https://americanart.si.edu/collections/search/artwork/?id=26566,2137x3000
Lathyrus decaphyllus,Wild Pea,,1970.355.120,https://ids.si.edu/ids/download?id=SAAM-1970.355.120_2.jpg,https://americanart.si.edu/collections/search/artwork/?id=26572,2098x3000
Ascelpias tuberosa,Butterfly Weed,,1970.355.377,https://ids.si.edu/ids/download?id=SAAM-1970.355.377_2.jpg,https://americanart.si.edu/collections/search/artwork/?id=25917,2127x3000
Tumion californicum,California Nutmeg,,1970.355.221,https://ids.si.edu/ids/download?id=SAAM-1970.355.221_2.jpg,https://americanart.si.edu/collections/search/artwork/?id=25920,2178x3000
Arctostaphylos uva-ursi,Bearberry,,1970.355.450,https://ids.si.edu/ids/download?id=SAAM-1970.355.450_2.jpg,https://americanart.si.edu/collections/search/artwork/?id=25868,2136x3000
Phacelia sericea,Gray Phacelia,,1970.355.616,https://ids.si.edu/ids/download?id=SAAM-1970.355.616_1.jpg,https://americanart.si.edu/collections/search/artwork/?id=26051,2077x3000
Cypripedium parviflorum,Small Yellow Ladyslipper,,1970.355.430,https://ids.si.edu/ids/download?id=SAAM-1970.355.430_2.jpg,https://americanart.si.edu/collections/search/artwork/?id=26345,2121x3000
Echinocereus lloydii,Lloyd's Strawberry Cactus,,1970.355.493,https://ids.si.edu/ids/download?id=SAAM-1970.355.493_2.jpg,https://americanart.si.edu/collections/search/artwork/?id=26108,2081x3000
Ibidium cernum,Nodding Ladies-Tresses,,1970.355.343,https://ids.si.edu/ids/download?id=SAAM-1970.355.343_2.jpg,https://americanart.si.edu/collections/search/artwork/?id=26151,2148x3000
Epilobium lutem,Yellow Willow-Weed,,1970.355.637,https://ids.si.edu/ids/download?id=SAAM-1970.355.637_1.jpg,https://americanart.si.edu/collections/search/artwork/?id=26602,2114x3000
Epipactia gigantea,Giant Helleborine,,1970.355.223,https://ids.si.edu/ids/download?id=SAAM-1970.355.223_2.jpg,https://americanart.si.edu/collections/search/artwork/?id=26033,1994x3000
Enceliopsis covillei,Satinleaf Goldenhead,,1970.355.260,https://ids.si.edu/ids/download?id=SAAM-1970.355.260_1.jpg,https://americanart.si.edu/collections/search/artwork/?id=26302,2104x3000
Epidendrum nocturnum,White Epidendrum,,1970.355.674,https://ids.si.edu/ids/download?id=SAAM-1970.355.674_2.jpg,https://americanart.si.edu/collections/search/artwork/?id=26561,2071x3000
Rhexia virginica,Meadow Beauty,,1970.355.210,https://ids.si.edu/ids/download?id=SAAM-1970.355.210_2.jpg,https://americanart.si.edu/collections/search/artwork/?id=26120,2147x3000
